area,file,function,start,end,lines,cyclomatic,nesting,score,priority,language,source_url
Production,backend/src/trinity/queries/runtime/sql_policy.py,_Policy.scalar,164,273,110,68,4,5,Very high,Python,https://github.com/alejandroayalad/trinity/blob/014f3064689ff8f8fda6be264d9bb17c46497989/backend/src/trinity/queries/runtime/sql_policy.py#L164-L273
Production,backend/src/trinity/publication/checks.py,recorded,12,104,93,61,2,5,Very high,Python,https://github.com/alejandroayalad/trinity/blob/014f3064689ff8f8fda6be264d9bb17c46497989/backend/src/trinity/publication/checks.py#L12-L104
Tools and migrations,deploy/validate_ec2_env.py,validate,46,153,108,60,3,5,Very high,Python,https://github.com/alejandroayalad/trinity/blob/014f3064689ff8f8fda6be264d9bb17c46497989/deploy/validate_ec2_env.py#L46-L153
Production,backend/src/trinity/connector/validate.py,verify_validation,817,911,95,60,3,5,Very high,Python,https://github.com/alejandroayalad/trinity/blob/014f3064689ff8f8fda6be264d9bb17c46497989/backend/src/trinity/connector/validate.py#L817-L911
Production,backend/src/trinity/queries/runtime/sql_policy.py,_Policy.normalize,275,369,95,54,5,5,Very high,Python,https://github.com/alejandroayalad/trinity/blob/014f3064689ff8f8fda6be264d9bb17c46497989/backend/src/trinity/queries/runtime/sql_policy.py#L275-L369
Production,backend/src/trinity/connector/validate.py,_source_complete,283,367,85,50,3,5,Very high,Python,https://github.com/alejandroayalad/trinity/blob/014f3064689ff8f8fda6be264d9bb17c46497989/backend/src/trinity/connector/validate.py#L283-L367
Production,backend/src/trinity/connector/prepare.py,supervise,247,385,139,44,7,5,Very high,Python,https://github.com/alejandroayalad/trinity/blob/014f3064689ff8f8fda6be264d9bb17c46497989/backend/src/trinity/connector/prepare.py#L247-L385
Production,backend/src/trinity/publication/diagnostics.py,read_verified_diagnostics,41,155,115,41,2,5,Very high,Python,https://github.com/alejandroayalad/trinity/blob/014f3064689ff8f8fda6be264d9bb17c46497989/backend/src/trinity/publication/diagnostics.py#L41-L155
Production,frontend/src/pages/dashboard/NationalChart.tsx,NationalChart,26,167,142,37,3,5,Very high,TypeScript/JavaScript,https://github.com/alejandroayalad/trinity/blob/014f3064689ff8f8fda6be264d9bb17c46497989/frontend/src/pages/dashboard/NationalChart.tsx#L26-L167
Production,frontend/src/pages/dashboard/Dashboard.tsx,DashboardData,95,148,54,36,2,5,Very high,TypeScript/JavaScript,https://github.com/alejandroayalad/trinity/blob/014f3064689ff8f8fda6be264d9bb17c46497989/frontend/src/pages/dashboard/Dashboard.tsx#L95-L148
Production,backend/src/trinity/connector/client.py,_validate_page,174,252,79,34,4,5,Very high,Python,https://github.com/alejandroayalad/trinity/blob/014f3064689ff8f8fda6be264d9bb17c46497989/backend/src/trinity/connector/client.py#L174-L252
Tools and migrations,scripts/generate_report.py,build_report,270,332,63,34,1,5,Very high,Python,https://github.com/alejandroayalad/trinity/blob/014f3064689ff8f8fda6be264d9bb17c46497989/scripts/generate_report.py#L270-L332
Production,backend/src/trinity/queries/runtime/sql_policy.py,_Policy.__init__,113,150,38,34,2,5,Very high,Python,https://github.com/alejandroayalad/trinity/blob/014f3064689ff8f8fda6be264d9bb17c46497989/backend/src/trinity/queries/runtime/sql_policy.py#L113-L150
Production,backend/src/trinity/connector/validate.py,_bound_results,142,175,34,34,3,5,Very high,Python,https://github.com/alejandroayalad/trinity/blob/014f3064689ff8f8fda6be264d9bb17c46497989/backend/src/trinity/connector/validate.py#L142-L175
Production,backend/src/trinity/errors.py,SafeTransport.__call__,72,142,71,33,2,5,Very high,Python,https://github.com/alejandroayalad/trinity/blob/014f3064689ff8f8fda6be264d9bb17c46497989/backend/src/trinity/errors.py#L72-L142
Production,backend/src/trinity/refresh/candidates.py,read_candidate,114,175,62,33,4,5,Very high,Python,https://github.com/alejandroayalad/trinity/blob/014f3064689ff8f8fda6be264d9bb17c46497989/backend/src/trinity/refresh/candidates.py#L114-L175
Production,backend/src/trinity/connector/validate.py,_diagnostic,458,537,80,31,10,5,Very high,Python,https://github.com/alejandroayalad/trinity/blob/014f3064689ff8f8fda6be264d9bb17c46497989/backend/src/trinity/connector/validate.py#L458-L537
Tools and migrations,scripts/generate_report.py,api_counts,222,267,46,31,3,5,Very high,Python,https://github.com/alejandroayalad/trinity/blob/014f3064689ff8f8fda6be264d9bb17c46497989/scripts/generate_report.py#L222-L267
Production,backend/src/trinity/adapters/docker.py,Docker._verify_isolation,107,128,22,31,1,5,Very high,Python,https://github.com/alejandroayalad/trinity/blob/014f3064689ff8f8fda6be264d9bb17c46497989/backend/src/trinity/adapters/docker.py#L107-L128
Tests,frontend/tests/e2e/fidelity-fixtures.ts,routeApi.<callback@197>,197,249,53,30,3,5,Very high,TypeScript/JavaScript,https://github.com/alejandroayalad/trinity/blob/014f3064689ff8f8fda6be264d9bb17c46497989/frontend/tests/e2e/fidelity-fixtures.ts#L197-L249
Production,backend/src/trinity/connector/pipeline.py,verify_stored_candidate,358,436,79,29,1,5,Very high,Python,https://github.com/alejandroayalad/trinity/blob/014f3064689ff8f8fda6be264d9bb17c46497989/backend/src/trinity/connector/pipeline.py#L358-L436
Production,frontend/src/pages/sql/SqlExplorer.tsx,SqlExplorer,39,97,59,29,3,5,Very high,TypeScript/JavaScript,https://github.com/alejandroayalad/trinity/blob/014f3064689ff8f8fda6be264d9bb17c46497989/frontend/src/pages/sql/SqlExplorer.tsx#L39-L97
Production,backend/src/trinity/contracts/queries.py,PreviewOperation.__post_init__,77,118,42,28,2,5,Very high,Python,https://github.com/alejandroayalad/trinity/blob/014f3064689ff8f8fda6be264d9bb17c46497989/backend/src/trinity/contracts/queries.py#L77-L118
Production,backend/src/trinity/queries/staging.py,stage_query,98,167,70,27,2,5,Very high,Python,https://github.com/alejandroayalad/trinity/blob/014f3064689ff8f8fda6be264d9bb17c46497989/backend/src/trinity/queries/staging.py#L98-L167
Production,backend/src/trinity/publication/recovery.py,PublicationRecovery.reconcile,40,101,62,27,2,5,Very high,Python,https://github.com/alejandroayalad/trinity/blob/014f3064689ff8f8fda6be264d9bb17c46497989/backend/src/trinity/publication/recovery.py#L40-L101
Production,backend/src/trinity/refresh/execution.py,ExecutionService.event,145,205,61,27,6,5,Very high,Python,https://github.com/alejandroayalad/trinity/blob/014f3064689ff8f8fda6be264d9bb17c46497989/backend/src/trinity/refresh/execution.py#L145-L205
Production,backend/src/trinity/adapters/s3.py,verified_chunks,134,192,59,27,3,5,Very high,Python,https://github.com/alejandroayalad/trinity/blob/014f3064689ff8f8fda6be264d9bb17c46497989/backend/src/trinity/adapters/s3.py#L134-L192
Production,backend/src/trinity/publication/repository.py,read_preview_publication,74,122,49,27,2,5,Very high,Python,https://github.com/alejandroayalad/trinity/blob/014f3064689ff8f8fda6be264d9bb17c46497989/backend/src/trinity/publication/repository.py#L74-L122
Tools and migrations,scripts/generate_report.py,palisades,159,199,41,27,3,5,Very high,Python,https://github.com/alejandroayalad/trinity/blob/014f3064689ff8f8fda6be264d9bb17c46497989/scripts/generate_report.py#L159-L199
Production,frontend/src/pages/catalog/TableView.tsx,DatasetTable,24,109,86,26,3,5,Very high,TypeScript/JavaScript,https://github.com/alejandroayalad/trinity/blob/014f3064689ff8f8fda6be264d9bb17c46497989/frontend/src/pages/catalog/TableView.tsx#L24-L109
Production,backend/src/trinity/connector/validate.py,_snapshot,540,590,51,26,3,5,Very high,Python,https://github.com/alejandroayalad/trinity/blob/014f3064689ff8f8fda6be264d9bb17c46497989/backend/src/trinity/connector/validate.py#L540-L590
Production,backend/src/trinity/connector/prepare.py,_verify_receipt,195,244,50,26,2,5,Very high,Python,https://github.com/alejandroayalad/trinity/blob/014f3064689ff8f8fda6be264d9bb17c46497989/backend/src/trinity/connector/prepare.py#L195-L244
Production,backend/src/trinity/contracts/manifest.py,Manifest.__post_init__,159,199,41,26,2,5,Very high,Python,https://github.com/alejandroayalad/trinity/blob/014f3064689ff8f8fda6be264d9bb17c46497989/backend/src/trinity/contracts/manifest.py#L159-L199
Production,backend/src/trinity/queries/choice_schemas.py,build_choice_response,51,88,38,25,2,5,Very high,Python,https://github.com/alejandroayalad/trinity/blob/014f3064689ff8f8fda6be264d9bb17c46497989/backend/src/trinity/queries/choice_schemas.py#L51-L88
Production,backend/src/trinity/config.py,S3Settings.__post_init__,76,106,31,25,2,5,Very high,Python,https://github.com/alejandroayalad/trinity/blob/014f3064689ff8f8fda6be264d9bb17c46497989/backend/src/trinity/config.py#L76-L106
Tools and migrations,scripts/trinity_function_audit.py,main,252,305,54,24,3,5,Very high,Python,https://github.com/alejandroayalad/trinity/blob/014f3064689ff8f8fda6be264d9bb17c46497989/scripts/trinity_function_audit.py#L252-L305
Production,backend/src/trinity/auth/check.py,main,154,200,47,24,3,5,Very high,Python,https://github.com/alejandroayalad/trinity/blob/014f3064689ff8f8fda6be264d9bb17c46497989/backend/src/trinity/auth/check.py#L154-L200
Production,backend/src/trinity/refresh/recovery.py,_refresh_stopped,19,60,42,24,1,5,Very high,Python,https://github.com/alejandroayalad/trinity/blob/014f3064689ff8f8fda6be264d9bb17c46497989/backend/src/trinity/refresh/recovery.py#L19-L60
Production,backend/src/trinity/refresh/recovery.py,recovery_actions,63,100,38,24,2,5,Very high,Python,https://github.com/alejandroayalad/trinity/blob/014f3064689ff8f8fda6be264d9bb17c46497989/backend/src/trinity/refresh/recovery.py#L63-L100
Production,backend/src/trinity/publication/service.py,PublicationService.finish,131,184,54,23,1,5,Very high,Python,https://github.com/alejandroayalad/trinity/blob/014f3064689ff8f8fda6be264d9bb17c46497989/backend/src/trinity/publication/service.py#L131-L184
Production,frontend/src/pages/refresh/Refresh.tsx,RunPage,122,154,33,23,1,5,Very high,TypeScript/JavaScript,https://github.com/alejandroayalad/trinity/blob/014f3064689ff8f8fda6be264d9bb17c46497989/frontend/src/pages/refresh/Refresh.tsx#L122-L154
Production,backend/src/trinity/connector/validate.py,_validate_reserved,727,814,88,22,2,5,Very high,Python,https://github.com/alejandroayalad/trinity/blob/014f3064689ff8f8fda6be264d9bb17c46497989/backend/src/trinity/connector/validate.py#L727-L814
Production,backend/src/trinity/connector/client.py,EIAClient._collect,417,484,68,22,3,5,Very high,Python,https://github.com/alejandroayalad/trinity/blob/014f3064689ff8f8fda6be264d9bb17c46497989/backend/src/trinity/connector/client.py#L417-L484
Production,backend/src/trinity/queries/staging.py,PublishedReader.read_into,31,82,52,22,3,5,Very high,Python,https://github.com/alejandroayalad/trinity/blob/014f3064689ff8f8fda6be264d9bb17c46497989/backend/src/trinity/queries/staging.py#L31-L82
Production,backend/src/trinity/auth/preview_check.py,check_preview,60,97,38,22,4,5,Very high,Python,https://github.com/alejandroayalad/trinity/blob/014f3064689ff8f8fda6be264d9bb17c46497989/backend/src/trinity/auth/preview_check.py#L60-L97
Production,backend/src/trinity/queries/cursors.py,CursorCodec.decode,142,178,37,22,1,5,Very high,Python,https://github.com/alejandroayalad/trinity/blob/014f3064689ff8f8fda6be264d9bb17c46497989/backend/src/trinity/queries/cursors.py#L142-L178
Tools and migrations,scripts/generate_report.py,read_csv,35,67,33,22,3,5,Very high,Python,https://github.com/alejandroayalad/trinity/blob/014f3064689ff8f8fda6be264d9bb17c46497989/scripts/generate_report.py#L35-L67
Tools and migrations,scripts/generate_report.py,capacity_change,134,156,23,22,1,5,Very high,Python,https://github.com/alejandroayalad/trinity/blob/014f3064689ff8f8fda6be264d9bb17c46497989/scripts/generate_report.py#L134-L156
Production,frontend/src/pages/refresh/Refresh.tsx,timeline.<callback@92>,92,110,19,21,9,5,Very high,TypeScript/JavaScript,https://github.com/alejandroayalad/trinity/blob/014f3064689ff8f8fda6be264d9bb17c46497989/frontend/src/pages/refresh/Refresh.tsx#L92-L110
Production,backend/src/trinity/queries/client.py,QueryExecution.execute,67,213,147,18,3,5,Very high,Python,https://github.com/alejandroayalad/trinity/blob/014f3064689ff8f8fda6be264d9bb17c46497989/backend/src/trinity/queries/client.py#L67-L213
Production,backend/src/trinity/connector/pipeline.py,store_candidate,216,355,140,18,3,5,Very high,Python,https://github.com/alejandroayalad/trinity/blob/014f3064689ff8f8fda6be264d9bb17c46497989/backend/src/trinity/connector/pipeline.py#L216-L355
Production,backend/src/trinity/queries/schemas.py,QueryResponse.exact_cells,39,54,16,18,8,5,Very high,Python,https://github.com/alejandroayalad/trinity/blob/014f3064689ff8f8fda6be264d9bb17c46497989/backend/src/trinity/queries/schemas.py#L39-L54
Tests,backend/tests/test_prepare.py,fixture_worker,32,113,82,15,7,5,Very high,Python,https://github.com/alejandroayalad/trinity/blob/014f3064689ff8f8fda6be264d9bb17c46497989/backend/tests/test_prepare.py#L32-L113
Tests,backend/tests/test_refresh_recovery_service.py,ProjectionConnection.execute,344,368,25,11,9,5,Very high,Python,https://github.com/alejandroayalad/trinity/blob/014f3064689ff8f8fda6be264d9bb17c46497989/backend/tests/test_refresh_recovery_service.py#L344-L368
Tests,frontend/src/api/client.test.ts,<callback@24>,24,184,161,1,0,5,Very high,TypeScript/JavaScript,https://github.com/alejandroayalad/trinity/blob/014f3064689ff8f8fda6be264d9bb17c46497989/frontend/src/api/client.test.ts#L24-L184
Tools and migrations,backend/migrations/versions/0002_app_entry.py,upgrade,10,162,153,1,0,5,Very high,Python,https://github.com/alejandroayalad/trinity/blob/014f3064689ff8f8fda6be264d9bb17c46497989/backend/migrations/versions/0002_app_entry.py#L10-L162
Tools and migrations,backend/migrations/versions/0005_refresh_evidence.py,upgrade,10,143,134,1,0,5,Very high,Python,https://github.com/alejandroayalad/trinity/blob/014f3064689ff8f8fda6be264d9bb17c46497989/backend/migrations/versions/0005_refresh_evidence.py#L10-L143
Production,backend/src/trinity/publication/commands.py,PublicationCommands.command,23,109,87,21,3,4,High,Python,https://github.com/alejandroayalad/trinity/blob/014f3064689ff8f8fda6be264d9bb17c46497989/backend/src/trinity/publication/commands.py#L23-L109
Production,backend/src/trinity/auth/check.py,check_schedule,61,114,54,21,2,4,High,Python,https://github.com/alejandroayalad/trinity/blob/014f3064689ff8f8fda6be264d9bb17c46497989/backend/src/trinity/auth/check.py#L61-L114
Production,backend/src/trinity/refresh/service.py,admin_context,156,188,33,21,5,4,High,Python,https://github.com/alejandroayalad/trinity/blob/014f3064689ff8f8fda6be264d9bb17c46497989/backend/src/trinity/refresh/service.py#L156-L188
Tools and migrations,scripts/measure_dashboard_http.mjs,main,120,180,61,20,3,4,High,TypeScript/JavaScript,https://github.com/alejandroayalad/trinity/blob/014f3064689ff8f8fda6be264d9bb17c46497989/scripts/measure_dashboard_http.mjs#L120-L180
Production,frontend/src/pages/settings/Settings.tsx,SettingsForm,27,67,41,20,3,4,High,TypeScript/JavaScript,https://github.com/alejandroayalad/trinity/blob/014f3064689ff8f8fda6be264d9bb17c46497989/frontend/src/pages/settings/Settings.tsx#L27-L67
Production,backend/src/trinity/queries/preview.py,parse_preview_input,107,135,29,20,5,4,High,Python,https://github.com/alejandroayalad/trinity/blob/014f3064689ff8f8fda6be264d9bb17c46497989/backend/src/trinity/queries/preview.py#L107-L135
Production,backend/src/trinity/queries/runtime/preview.py,execute_preview,17,73,57,19,3,4,High,Python,https://github.com/alejandroayalad/trinity/blob/014f3064689ff8f8fda6be264d9bb17c46497989/backend/src/trinity/queries/runtime/preview.py#L17-L73
Production,frontend/src/api/client.ts,request,165,216,52,19,2,4,High,TypeScript/JavaScript,https://github.com/alejandroayalad/trinity/blob/014f3064689ff8f8fda6be264d9bb17c46497989/frontend/src/api/client.ts#L165-L216
Production,frontend/src/pages/dashboard/Dashboard.tsx,Contributions,162,204,43,19,3,4,High,TypeScript/JavaScript,https://github.com/alejandroayalad/trinity/blob/014f3064689ff8f8fda6be264d9bb17c46497989/frontend/src/pages/dashboard/Dashboard.tsx#L162-L204
Production,backend/src/trinity/queries/runtime/sql_policy.py,validate_query,372,406,35,19,2,4,High,Python,https://github.com/alejandroayalad/trinity/blob/014f3064689ff8f8fda6be264d9bb17c46497989/backend/src/trinity/queries/runtime/sql_policy.py#L372-L406
Production,backend/src/trinity/refresh/registration.py,_binding,47,72,26,19,1,4,High,Python,https://github.com/alejandroayalad/trinity/blob/014f3064689ff8f8fda6be264d9bb17c46497989/backend/src/trinity/refresh/registration.py#L47-L72
Production,frontend/src/pages/catalog/Choices.tsx,FacilityChoices,26,49,24,19,1,4,High,TypeScript/JavaScript,https://github.com/alejandroayalad/trinity/blob/014f3064689ff8f8fda6be264d9bb17c46497989/frontend/src/pages/catalog/Choices.tsx#L26-L49
Production,backend/src/trinity/refresh/registration.py,_owned,25,44,20,19,1,4,High,Python,https://github.com/alejandroayalad/trinity/blob/014f3064689ff8f8fda6be264d9bb17c46497989/backend/src/trinity/refresh/registration.py#L25-L44
Tools and migrations,scripts/generate_report.py,weighted_percentages,202,219,18,19,1,4,High,Python,https://github.com/alejandroayalad/trinity/blob/014f3064689ff8f8fda6be264d9bb17c46497989/scripts/generate_report.py#L202-L219
Production,backend/src/trinity/connector/pipeline.py,prepare_candidate,447,556,110,18,2,4,High,Python,https://github.com/alejandroayalad/trinity/blob/014f3064689ff8f8fda6be264d9bb17c46497989/backend/src/trinity/connector/pipeline.py#L447-L556
Production,backend/src/trinity/connector/client.py,EIAClient._recorded_request,579,655,77,18,2,4,High,Python,https://github.com/alejandroayalad/trinity/blob/014f3064689ff8f8fda6be264d9bb17c46497989/backend/src/trinity/connector/client.py#L579-L655
Production,backend/src/trinity/refresh/registration.py,persist_candidate,75,138,64,18,2,4,High,Python,https://github.com/alejandroayalad/trinity/blob/014f3064689ff8f8fda6be264d9bb17c46497989/backend/src/trinity/refresh/registration.py#L75-L138
Production,backend/src/trinity/queries/choice_service.py,ChoiceService.prepare,32,83,52,18,2,4,High,Python,https://github.com/alejandroayalad/trinity/blob/014f3064689ff8f8fda6be264d9bb17c46497989/backend/src/trinity/queries/choice_service.py#L32-L83
Production,backend/src/trinity/queries/preview_schemas.py,build_preview_response,195,230,36,18,1,4,High,Python,https://github.com/alejandroayalad/trinity/blob/014f3064689ff8f8fda6be264d9bb17c46497989/backend/src/trinity/queries/preview_schemas.py#L195-L230
Production,backend/src/trinity/queries/preview_schemas.py,serialize_preview_rows,159,192,34,18,6,4,High,Python,https://github.com/alejandroayalad/trinity/blob/014f3064689ff8f8fda6be264d9bb17c46497989/backend/src/trinity/queries/preview_schemas.py#L159-L192
Production,frontend/src/pages/dashboard/Dashboard.tsx,Dashboard,52,82,31,18,2,4,High,TypeScript/JavaScript,https://github.com/alejandroayalad/trinity/blob/014f3064689ff8f8fda6be264d9bb17c46497989/frontend/src/pages/dashboard/Dashboard.tsx#L52-L82
Production,backend/src/trinity/contracts/choices.py,ChoiceOperation.__post_init__,31,47,17,18,3,4,High,Python,https://github.com/alejandroayalad/trinity/blob/014f3064689ff8f8fda6be264d9bb17c46497989/backend/src/trinity/contracts/choices.py#L31-L47
Production,frontend/src/pages/catalog/Choices.tsx,GeneratorChoices,50,61,12,18,1,4,High,TypeScript/JavaScript,https://github.com/alejandroayalad/trinity/blob/014f3064689ff8f8fda6be264d9bb17c46497989/frontend/src/pages/catalog/Choices.tsx#L50-L61
Production,backend/src/trinity/auth/check.py,check_persona,117,151,35,17,2,4,High,Python,https://github.com/alejandroayalad/trinity/blob/014f3064689ff8f8fda6be264d9bb17c46497989/backend/src/trinity/auth/check.py#L117-L151
Production,backend/src/trinity/refresh/repository.py,read_context,206,236,31,17,3,4,High,Python,https://github.com/alejandroayalad/trinity/blob/014f3064689ff8f8fda6be264d9bb17c46497989/backend/src/trinity/refresh/repository.py#L206-L236
Production,backend/src/trinity/refresh/tracking.py,candidate_view,48,67,20,17,5,4,High,Python,https://github.com/alejandroayalad/trinity/blob/014f3064689ff8f8fda6be264d9bb17c46497989/backend/src/trinity/refresh/tracking.py#L48-L67
Tests,backend/tests/test_scheduler_postgres.py,SchedulerPostgresTests.test_two_schedulers_and_manual_start_race,320,370,51,16,3,4,High,Python,https://github.com/alejandroayalad/trinity/blob/014f3064689ff8f8fda6be264d9bb17c46497989/backend/tests/test_scheduler_postgres.py#L320-L370
Production,backend/src/trinity/queries/runtime/engine.py,execute_local,63,110,48,16,4,4,High,Python,https://github.com/alejandroayalad/trinity/blob/014f3064689ff8f8fda6be264d9bb17c46497989/backend/src/trinity/queries/runtime/engine.py#L63-L110
Tests,backend/tests/test_dashboard_service.py,NationalServiceTests.test_http_exact_openapi_serialization_and_metric_agreement.check,341,380,40,16,5,4,High,Python,https://github.com/alejandroayalad/trinity/blob/014f3064689ff8f8fda6be264d9bb17c46497989/backend/tests/test_dashboard_service.py#L341-L380
Production,backend/src/trinity/workers/refresh.py,partial_results,31,69,39,16,2,4,High,Python,https://github.com/alejandroayalad/trinity/blob/014f3064689ff8f8fda6be264d9bb17c46497989/backend/src/trinity/workers/refresh.py#L31-L69
Production,frontend/src/pages/refresh/Refresh.tsx,CandidatePanel,156,189,34,16,1,4,High,TypeScript/JavaScript,https://github.com/alejandroayalad/trinity/blob/014f3064689ff8f8fda6be264d9bb17c46497989/frontend/src/pages/refresh/Refresh.tsx#L156-L189
Tools and migrations,scripts/measure_dashboard_http.mjs,measure,41,72,32,16,3,4,High,TypeScript/JavaScript,https://github.com/alejandroayalad/trinity/blob/014f3064689ff8f8fda6be264d9bb17c46497989/scripts/measure_dashboard_http.mjs#L41-L72
Production,backend/src/trinity/contracts/queries.py,ValidatedQuery.from_bytes,35,59,25,16,2,4,High,Python,https://github.com/alejandroayalad/trinity/blob/014f3064689ff8f8fda6be264d9bb17c46497989/backend/src/trinity/contracts/queries.py#L35-L59
Production,backend/src/trinity/publication/checks.py,actions,119,142,24,16,1,4,High,Python,https://github.com/alejandroayalad/trinity/blob/014f3064689ff8f8fda6be264d9bb17c46497989/backend/src/trinity/publication/checks.py#L119-L142
Production,backend/src/trinity/queries/preview_schemas.py,_check_cells,66,89,24,16,6,4,High,Python,https://github.com/alejandroayalad/trinity/blob/014f3064689ff8f8fda6be264d9bb17c46497989/backend/src/trinity/queries/preview_schemas.py#L66-L89
Production,backend/src/trinity/dashboard/calculation.py,_parse,40,61,22,16,3,4,High,Python,https://github.com/alejandroayalad/trinity/blob/014f3064689ff8f8fda6be264d9bb17c46497989/backend/src/trinity/dashboard/calculation.py#L40-L61
Tests,backend/tests/test_preview_runtime.py,PreviewRuntimeTests.test_loopback_all_roles_exact_pages_filters_diagnostics_and_sql,103,148,46,15,3,4,High,Python,https://github.com/alejandroayalad/trinity/blob/014f3064689ff8f8fda6be264d9bb17c46497989/backend/tests/test_preview_runtime.py#L103-L148
Production,backend/src/trinity/publication/custody.py,custody,34,70,37,15,1,4,High,Python,https://github.com/alejandroayalad/trinity/blob/014f3064689ff8f8fda6be264d9bb17c46497989/backend/src/trinity/publication/custody.py#L34-L70
Production,backend/src/trinity/auth/seed.py,seed_personas,22,51,30,15,3,4,High,Python,https://github.com/alejandroayalad/trinity/blob/014f3064689ff8f8fda6be264d9bb17c46497989/backend/src/trinity/auth/seed.py#L22-L51
Tests,backend/tests/test_validate.py,ValidationTests.test_s28_missing_percentage_and_zero_capacity_complete_diagnostics,419,444,26,15,6,4,High,Python,https://github.com/alejandroayalad/trinity/blob/014f3064689ff8f8fda6be264d9bb17c46497989/backend/tests/test_validate.py#L419-L444
Production,backend/src/trinity/connector/parquet.py,_freeze_reserved,235,307,73,14,3,4,High,Python,https://github.com/alejandroayalad/trinity/blob/014f3064689ff8f8fda6be264d9bb17c46497989/backend/src/trinity/connector/parquet.py#L235-L307
Tests,backend/tests/run_local_sql_checks.py,main,16,83,68,14,1,4,High,Python,https://github.com/alejandroayalad/trinity/blob/014f3064689ff8f8fda6be264d9bb17c46497989/backend/tests/run_local_sql_checks.py#L16-L83
Production,backend/src/trinity/refresh/evidence.py,load_candidate,54,116,63,14,3,4,High,Python,https://github.com/alejandroayalad/trinity/blob/014f3064689ff8f8fda6be264d9bb17c46497989/backend/src/trinity/refresh/evidence.py#L54-L116
Production,backend/src/trinity/publication/evidence_cache.py,EvidenceCache.read,91,147,57,14,3,4,High,Python,https://github.com/alejandroayalad/trinity/blob/014f3064689ff8f8fda6be264d9bb17c46497989/backend/src/trinity/publication/evidence_cache.py#L91-L147
Production,backend/src/trinity/adapters/s3.py,StorageOperation.put_verified,343,396,54,14,4,4,High,Python,https://github.com/alejandroayalad/trinity/blob/014f3064689ff8f8fda6be264d9bb17c46497989/backend/src/trinity/adapters/s3.py#L343-L396
Production,backend/src/trinity/auth/rotate.py,rotate_passwords,49,95,47,14,2,4,High,Python,https://github.com/alejandroayalad/trinity/blob/014f3064689ff8f8fda6be264d9bb17c46497989/backend/src/trinity/auth/rotate.py#L49-L95
Production,backend/src/trinity/adapters/s3.py,StorageOperation.verify,299,341,43,14,3,4,High,Python,https://github.com/alejandroayalad/trinity/blob/014f3064689ff8f8fda6be264d9bb17c46497989/backend/src/trinity/adapters/s3.py#L299-L341
Production,backend/src/trinity/queries/runtime/sql_policy.py,validate_single_statement,14,52,39,14,1,4,High,Python,https://github.com/alejandroayalad/trinity/blob/014f3064689ff8f8fda6be264d9bb17c46497989/backend/src/trinity/queries/runtime/sql_policy.py#L14-L52
Production,frontend/src/pages/refresh/Refresh.tsx,RefreshList,52,81,30,14,1,4,High,TypeScript/JavaScript,https://github.com/alejandroayalad/trinity/blob/014f3064689ff8f8fda6be264d9bb17c46497989/frontend/src/pages/refresh/Refresh.tsx#L52-L81
Production,backend/src/trinity/queries/choices.py,ChoiceCursorCodec.decode,100,128,29,14,1,4,High,Python,https://github.com/alejandroayalad/trinity/blob/014f3064689ff8f8fda6be264d9bb17c46497989/backend/src/trinity/queries/choices.py#L100-L128
Tests,backend/tests/test_refresh_admission.py,AdmissionTests.race,78,103,26,14,2,4,High,Python,https://github.com/alejandroayalad/trinity/blob/014f3064689ff8f8fda6be264d9bb17c46497989/backend/tests/test_refresh_admission.py#L78-L103
Production,backend/src/trinity/queries/preview_schemas.py,PreviewResponse.consistent_page,136,156,21,14,2,4,High,Python,https://github.com/alejandroayalad/trinity/blob/014f3064689ff8f8fda6be264d9bb17c46497989/backend/src/trinity/queries/preview_schemas.py#L136-L156
Production,backend/src/trinity/queries/service.py,PreviewService.prepare,100,160,61,13,2,4,High,Python,https://github.com/alejandroayalad/trinity/blob/014f3064689ff8f8fda6be264d9bb17c46497989/backend/src/trinity/queries/service.py#L100-L160
Production,backend/src/trinity/refresh/recovery.py,RecoveryService.command,109,167,59,13,2,4,High,Python,https://github.com/alejandroayalad/trinity/blob/014f3064689ff8f8fda6be264d9bb17c46497989/backend/src/trinity/refresh/recovery.py#L109-L167
Production,backend/src/trinity/connector/client.py,EIAClient._fetch_page,486,539,54,13,1,4,High,Python,https://github.com/alejandroayalad/trinity/blob/014f3064689ff8f8fda6be264d9bb17c46497989/backend/src/trinity/connector/client.py#L486-L539
Production,backend/src/trinity/publication/recovery.py,cli,104,149,46,13,1,4,High,Python,https://github.com/alejandroayalad/trinity/blob/014f3064689ff8f8fda6be264d9bb17c46497989/backend/src/trinity/publication/recovery.py#L104-L149
Tests,backend/tests/test_evidence_compression.py,CompressionIntegrationTests.test_legacy_v1_receipt_still_verifies_and_reloads,225,265,41,13,2,4,High,Python,https://github.com/alejandroayalad/trinity/blob/014f3064689ff8f8fda6be264d9bb17c46497989/backend/tests/test_evidence_compression.py#L225-L265
Production,backend/src/trinity/auth/passwords.py,verify_password,48,85,38,13,2,4,High,Python,https://github.com/alejandroayalad/trinity/blob/014f3064689ff8f8fda6be264d9bb17c46497989/backend/src/trinity/auth/passwords.py#L48-L85
Production,backend/src/trinity/publication/service.py,PublicationService.claim,83,114,32,13,1,4,High,Python,https://github.com/alejandroayalad/trinity/blob/014f3064689ff8f8fda6be264d9bb17c46497989/backend/src/trinity/publication/service.py#L83-L114
Tests,backend/tests/test_preview_runtime.py,PreviewRuntimeTests.test_operator_checker_over_real_http_and_containers,62,93,32,13,1,4,High,Python,https://github.com/alejandroayalad/trinity/blob/014f3064689ff8f8fda6be264d9bb17c46497989/backend/tests/test_preview_runtime.py#L62-L93
Production,backend/src/trinity/queries/choices.py,parse_choice_input,31,59,29,13,3,4,High,Python,https://github.com/alejandroayalad/trinity/blob/014f3064689ff8f8fda6be264d9bb17c46497989/backend/src/trinity/queries/choices.py#L31-L59
Production,backend/src/trinity/contracts/manifest.py,_json_value,30,51,22,13,2,4,High,Python,https://github.com/alejandroayalad/trinity/blob/014f3064689ff8f8fda6be264d9bb17c46497989/backend/src/trinity/contracts/manifest.py#L30-L51
Production,backend/src/trinity/refresh/schemas.py,parse_page,173,194,22,13,2,4,High,Python,https://github.com/alejandroayalad/trinity/blob/014f3064689ff8f8fda6be264d9bb17c46497989/backend/src/trinity/refresh/schemas.py#L173-L194
Tools and migrations,deploy/validate_ec2_env.py,read_literal_env,27,43,17,13,3,4,High,Python,https://github.com/alejandroayalad/trinity/blob/014f3064689ff8f8fda6be264d9bb17c46497989/deploy/validate_ec2_env.py#L27-L43
Production,backend/src/trinity/queries/preview.py,PreviewInput.__post_init__,70,84,15,13,2,4,High,Python,https://github.com/alejandroayalad/trinity/blob/014f3064689ff8f8fda6be264d9bb17c46497989/backend/src/trinity/queries/preview.py#L70-L84
Tools and migrations,scripts/trinity_function_audit.py,rating,38,52,15,13,1,4,High,Python,https://github.com/alejandroayalad/trinity/blob/014f3064689ff8f8fda6be264d9bb17c46497989/scripts/trinity_function_audit.py#L38-L52
Production,frontend/src/lib/copy.ts,candidateCopy,70,81,12,13,1,4,High,TypeScript/JavaScript,https://github.com/alejandroayalad/trinity/blob/014f3064689ff8f8fda6be264d9bb17c46497989/frontend/src/lib/copy.ts#L70-L81
Production,backend/src/trinity/refresh/cursors.py,RefreshCursorCodec._validate,63,72,10,13,1,4,High,Python,https://github.com/alejandroayalad/trinity/blob/014f3064689ff8f8fda6be264d9bb17c46497989/backend/src/trinity/refresh/cursors.py#L63-L72
Tests,backend/tests/test_validate.py,ValidationTests.test_s09_incomplete_or_unstable_source_proof_blocks.alter,131,152,22,10,6,4,High,Python,https://github.com/alejandroayalad/trinity/blob/014f3064689ff8f8fda6be264d9bb17c46497989/backend/tests/test_validate.py#L131-L152
Tests,backend/tests/publication_process_fixture.py,crash_publisher,29,68,40,7,6,4,High,Python,https://github.com/alejandroayalad/trinity/blob/014f3064689ff8f8fda6be264d9bb17c46497989/backend/tests/publication_process_fixture.py#L29-L68
Production,frontend/src/session/SessionProvider.tsx,SessionProvider,18,141,124,1,0,4,High,TypeScript/JavaScript,https://github.com/alejandroayalad/trinity/blob/014f3064689ff8f8fda6be264d9bb17c46497989/frontend/src/session/SessionProvider.tsx#L18-L141
Production,backend/src/trinity/dashboard/service.py,NationalService._prepare,45,109,65,12,1,3,Medium,Python,https://github.com/alejandroayalad/trinity/blob/014f3064689ff8f8fda6be264d9bb17c46497989/backend/src/trinity/dashboard/service.py#L45-L109
Production,backend/src/trinity/connector/parquet.py,freeze_files,179,232,54,12,2,3,Medium,Python,https://github.com/alejandroayalad/trinity/blob/014f3064689ff8f8fda6be264d9bb17c46497989/backend/src/trinity/connector/parquet.py#L179-L232
Production,backend/src/trinity/queries/runtime/choices.py,execute_choices,15,66,52,12,3,3,Medium,Python,https://github.com/alejandroayalad/trinity/blob/014f3064689ff8f8fda6be264d9bb17c46497989/backend/src/trinity/queries/runtime/choices.py#L15-L66
Tests,backend/tests/test_catalog_postgres.py,PostgresCatalogTests.test_real_loopback_http_all_personas_in_both_publication_states,213,249,37,12,4,3,Medium,Python,https://github.com/alejandroayalad/trinity/blob/014f3064689ff8f8fda6be264d9bb17c46497989/backend/tests/test_catalog_postgres.py#L213-L249
Production,backend/src/trinity/queries/policy.py,validate_in_process,14,48,35,12,1,3,Medium,Python,https://github.com/alejandroayalad/trinity/blob/014f3064689ff8f8fda6be264d9bb17c46497989/backend/src/trinity/queries/policy.py#L14-L48
Production,backend/src/trinity/refresh/execution.py,ExecutionService.fail,207,240,34,12,1,3,Medium,Python,https://github.com/alejandroayalad/trinity/blob/014f3064689ff8f8fda6be264d9bb17c46497989/backend/src/trinity/refresh/execution.py#L207-L240
Production,backend/src/trinity/publication/repository.py,read_pinned_publication,38,60,23,12,1,3,Medium,Python,https://github.com/alejandroayalad/trinity/blob/014f3064689ff8f8fda6be264d9bb17c46497989/backend/src/trinity/publication/repository.py#L38-L60
Tests,backend/tests/test_preview_engine.py,PreviewEngineTests.test_full_key_binary_order_preserves_same_day_entities,58,77,20,12,3,3,Medium,Python,https://github.com/alejandroayalad/trinity/blob/014f3064689ff8f8fda6be264d9bb17c46497989/backend/tests/test_preview_engine.py#L58-L77
Production,backend/src/trinity/publication/diagnostics.py,read_verified_diagnostics.checks,105,122,18,12,2,3,Medium,Python,https://github.com/alejandroayalad/trinity/blob/014f3064689ff8f8fda6be264d9bb17c46497989/backend/src/trinity/publication/diagnostics.py#L105-L122
Production,backend/src/trinity/adapters/s3.py,StoredArtifact.__post_init__,63,78,16,12,2,3,Medium,Python,https://github.com/alejandroayalad/trinity/blob/014f3064689ff8f8fda6be264d9bb17c46497989/backend/src/trinity/adapters/s3.py#L63-L78
Production,backend/src/trinity/refresh/execution.py,ExecutionService.owned,69,83,15,12,1,3,Medium,Python,https://github.com/alejandroayalad/trinity/blob/014f3064689ff8f8fda6be264d9bb17c46497989/backend/src/trinity/refresh/execution.py#L69-L83
Tests,backend/tests/test_preview_check.py,PreviewCheckTests.test_all_roles_pages_filters_and_revocation,55,66,12,12,2,3,Medium,Python,https://github.com/alejandroayalad/trinity/blob/014f3064689ff8f8fda6be264d9bb17c46497989/backend/tests/test_preview_check.py#L55-L66
Production,backend/src/trinity/workers/recovery.py,RecoveryService.once,25,65,41,11,2,3,Medium,Python,https://github.com/alejandroayalad/trinity/blob/014f3064689ff8f8fda6be264d9bb17c46497989/backend/src/trinity/workers/recovery.py#L25-L65
Production,backend/src/trinity/publication/service.py,PublicationService.execute,186,225,40,11,3,3,Medium,Python,https://github.com/alejandroayalad/trinity/blob/014f3064689ff8f8fda6be264d9bb17c46497989/backend/src/trinity/publication/service.py#L186-L225
Production,backend/src/trinity/refresh/service.py,RefreshService.start,47,86,40,11,2,3,Medium,Python,https://github.com/alejandroayalad/trinity/blob/014f3064689ff8f8fda6be264d9bb17c46497989/backend/src/trinity/refresh/service.py#L47-L86
Production,backend/src/trinity/connector/client.py,EIAClient._request_with_retries,541,577,37,11,3,3,Medium,Python,https://github.com/alejandroayalad/trinity/blob/014f3064689ff8f8fda6be264d9bb17c46497989/backend/src/trinity/connector/client.py#L541-L577
Production,backend/src/trinity/refresh/schemas.py,parse_recovery_command,139,170,32,11,1,3,Medium,Python,https://github.com/alejandroayalad/trinity/blob/014f3064689ff8f8fda6be264d9bb17c46497989/backend/src/trinity/refresh/schemas.py#L139-L170
Production,backend/src/trinity/refresh/execution.py,ExecutionService.claim,40,67,28,11,1,3,Medium,Python,https://github.com/alejandroayalad/trinity/blob/014f3064689ff8f8fda6be264d9bb17c46497989/backend/src/trinity/refresh/execution.py#L40-L67
Production,backend/src/trinity/connector/parquet.py,_check_files,332,355,24,11,2,3,Medium,Python,https://github.com/alejandroayalad/trinity/blob/014f3064689ff8f8fda6be264d9bb17c46497989/backend/src/trinity/connector/parquet.py#L332-L355
Production,frontend/src/api/client.ts,readProblem,129,152,24,11,2,3,Medium,TypeScript/JavaScript,https://github.com/alejandroayalad/trinity/blob/014f3064689ff8f8fda6be264d9bb17c46497989/frontend/src/api/client.ts#L129-L152
Production,backend/src/trinity/adapters/s3.py,_error_kind,195,217,23,11,2,3,Medium,Python,https://github.com/alejandroayalad/trinity/blob/014f3064689ff8f8fda6be264d9bb17c46497989/backend/src/trinity/adapters/s3.py#L195-L217
Production,backend/src/trinity/auth/service.py,AuthService.login,33,55,23,11,1,3,Medium,Python,https://github.com/alejandroayalad/trinity/blob/014f3064689ff8f8fda6be264d9bb17c46497989/backend/src/trinity/auth/service.py#L33-L55
Production,backend/src/trinity/connector/parquet.py,_source_rows,154,176,23,11,3,3,Medium,Python,https://github.com/alejandroayalad/trinity/blob/014f3064689ff8f8fda6be264d9bb17c46497989/backend/src/trinity/connector/parquet.py#L154-L176
Production,backend/src/trinity/connector/validate.py,_required,593,613,21,11,2,3,Medium,Python,https://github.com/alejandroayalad/trinity/blob/014f3064689ff8f8fda6be264d9bb17c46497989/backend/src/trinity/connector/validate.py#L593-L613
Production,backend/src/trinity/auth/preview_check.py,PreviewFixture.known_rows,27,45,19,11,2,3,Medium,Python,https://github.com/alejandroayalad/trinity/blob/014f3064689ff8f8fda6be264d9bb17c46497989/backend/src/trinity/auth/preview_check.py#L27-L45
Tests,backend/tests/test_preview_check.py,PreviewCheckTests.run_check.handle,29,47,19,11,2,3,Medium,Python,https://github.com/alejandroayalad/trinity/blob/014f3064689ff8f8fda6be264d9bb17c46497989/backend/tests/test_preview_check.py#L29-L47
Production,backend/src/trinity/queries/cursors.py,load_cursor_keys,85,102,18,11,2,3,Medium,Python,https://github.com/alejandroayalad/trinity/blob/014f3064689ff8f8fda6be264d9bb17c46497989/backend/src/trinity/queries/cursors.py#L85-L102
Tests,backend/tests/test_validate.py,ValidationTests.test_s15_s16_one_millionth_differences_fail_exactly,272,285,14,11,4,3,Medium,Python,https://github.com/alejandroayalad/trinity/blob/014f3064689ff8f8fda6be264d9bb17c46497989/backend/tests/test_validate.py#L272-L285
Production,backend/src/trinity/queries/cursors.py,CursorKeys.__post_init__,70,82,13,11,2,3,Medium,Python,https://github.com/alejandroayalad/trinity/blob/014f3064689ff8f8fda6be264d9bb17c46497989/backend/src/trinity/queries/cursors.py#L70-L82
Production,backend/src/trinity/adapters/queue.py,publication_payload,60,68,9,11,1,3,Medium,Python,https://github.com/alejandroayalad/trinity/blob/014f3064689ff8f8fda6be264d9bb17c46497989/backend/src/trinity/adapters/queue.py#L60-L68
Production,backend/src/trinity/connector/pipeline.py,retrieve_all,29,101,73,10,3,3,Medium,Python,https://github.com/alejandroayalad/trinity/blob/014f3064689ff8f8fda6be264d9bb17c46497989/backend/src/trinity/connector/pipeline.py#L29-L101
Tools and migrations,scripts/profile_query_evidence.py,compare_cache,120,164,45,10,2,3,Medium,Python,https://github.com/alejandroayalad/trinity/blob/014f3064689ff8f8fda6be264d9bb17c46497989/scripts/profile_query_evidence.py#L120-L164
Tests,backend/tests/test_choice_runtime.py,ChoiceRuntimeTests.test_loopback_roles_paging_search_and_parent_scoping,56,94,39,10,4,3,Medium,Python,https://github.com/alejandroayalad/trinity/blob/014f3064689ff8f8fda6be264d9bb17c46497989/backend/tests/test_choice_runtime.py#L56-L94
Production,backend/src/trinity/connector/prepare.py,_run_worker,128,163,36,10,2,3,Medium,Python,https://github.com/alejandroayalad/trinity/blob/014f3064689ff8f8fda6be264d9bb17c46497989/backend/src/trinity/connector/prepare.py#L128-L163
Production,backend/src/trinity/dashboard/calculation.py,offline_share,105,128,24,10,1,3,Medium,Python,https://github.com/alejandroayalad/trinity/blob/014f3064689ff8f8fda6be264d9bb17c46497989/backend/src/trinity/dashboard/calculation.py#L105-L128
Tests,backend/tests/test_schedule_unit.py,SettingsRequestTests.test_rejected_bodies,177,199,23,10,1,3,Medium,Python,https://github.com/alejandroayalad/trinity/blob/014f3064689ff8f8fda6be264d9bb17c46497989/backend/tests/test_schedule_unit.py#L177-L199
Production,backend/src/trinity/queries/preview_schemas.py,build_preview_batch_response,233,249,17,10,1,3,Medium,Python,https://github.com/alejandroayalad/trinity/blob/014f3064689ff8f8fda6be264d9bb17c46497989/backend/src/trinity/queries/preview_schemas.py#L233-L249
Production,backend/src/trinity/adapters/docker.py,read_frames,33,46,14,10,2,3,Medium,Python,https://github.com/alejandroayalad/trinity/blob/014f3064689ff8f8fda6be264d9bb17c46497989/backend/src/trinity/adapters/docker.py#L33-L46
Production,backend/src/trinity/contracts/manifest.py,safe_relative_path,91,103,13,10,1,3,Medium,Python,https://github.com/alejandroayalad/trinity/blob/014f3064689ff8f8fda6be264d9bb17c46497989/backend/src/trinity/contracts/manifest.py#L91-L103
Production,backend/src/trinity/adapters/queue.py,refresh_payload,8,18,11,10,1,3,Medium,Python,https://github.com/alejandroayalad/trinity/blob/014f3064689ff8f8fda6be264d9bb17c46497989/backend/src/trinity/adapters/queue.py#L8-L18
Production,backend/src/trinity/queries/preview.py,_filters,41,49,9,10,2,3,Medium,Python,https://github.com/alejandroayalad/trinity/blob/014f3064689ff8f8fda6be264d9bb17c46497989/backend/src/trinity/queries/preview.py#L41-L49
Production,backend/src/trinity/queries/runtime/engine.py,_column_type,30,38,9,10,1,3,Medium,Python,https://github.com/alejandroayalad/trinity/blob/014f3064689ff8f8fda6be264d9bb17c46497989/backend/src/trinity/queries/runtime/engine.py#L30-L38
Tools and migrations,scripts/trinity_function_audit.py,bucket,29,35,7,10,1,3,Medium,Python,https://github.com/alejandroayalad/trinity/blob/014f3064689ff8f8fda6be264d9bb17c46497989/scripts/trinity_function_audit.py#L29-L35
Production,backend/src/trinity/workers/refresh.py,RefreshWorker.execute,130,193,64,9,2,3,Medium,Python,https://github.com/alejandroayalad/trinity/blob/014f3064689ff8f8fda6be264d9bb17c46497989/backend/src/trinity/workers/refresh.py#L130-L193
Production,backend/src/trinity/connector/normalize.py,normalize_row,125,178,54,9,2,3,Medium,Python,https://github.com/alejandroayalad/trinity/blob/014f3064689ff8f8fda6be264d9bb17c46497989/backend/src/trinity/connector/normalize.py#L125-L178
Production,backend/src/trinity/workers/__main__.py,serve,24,71,48,9,2,3,Medium,Python,https://github.com/alejandroayalad/trinity/blob/014f3064689ff8f8fda6be264d9bb17c46497989/backend/src/trinity/workers/__main__.py#L24-L71
Tests,backend/tests/test_publication_dispatch.py,PublicationDispatchTests.test_unacknowledged_enqueue_duplicate_consumption_and_lost_delivered_job.scenario,19,66,48,9,2,3,Medium,Python,https://github.com/alejandroayalad/trinity/blob/014f3064689ff8f8fda6be264d9bb17c46497989/backend/tests/test_publication_dispatch.py#L19-L66
Tests,backend/tests/query_fault_proxy.py,ReplyLossProxy.forward,49,85,37,9,4,3,Medium,Python,https://github.com/alejandroayalad/trinity/blob/014f3064689ff8f8fda6be264d9bb17c46497989/backend/tests/query_fault_proxy.py#L49-L85
Production,backend/src/trinity/publication/dispatch.py,PublicationDispatch.claim,17,48,32,9,1,3,Medium,Python,https://github.com/alejandroayalad/trinity/blob/014f3064689ff8f8fda6be264d9bb17c46497989/backend/src/trinity/publication/dispatch.py#L17-L48
Production,backend/src/trinity/queries/client.py,QueryExecution.cleanup,37,65,29,9,2,3,Medium,Python,https://github.com/alejandroayalad/trinity/blob/014f3064689ff8f8fda6be264d9bb17c46497989/backend/src/trinity/queries/client.py#L37-L65
Production,backend/src/trinity/refresh/tracking.py,run_view,70,98,29,9,2,3,Medium,Python,https://github.com/alejandroayalad/trinity/blob/014f3064689ff8f8fda6be264d9bb17c46497989/backend/src/trinity/refresh/tracking.py#L70-L98
Tests,backend/tests/test_parquet.py,FreezeFilesTests.test_s02_s05_exact_numbers_ids_and_original_spelling,135,163,29,9,2,3,Medium,Python,https://github.com/alejandroayalad/trinity/blob/014f3064689ff8f8fda6be264d9bb17c46497989/backend/tests/test_parquet.py#L135-L163
Production,frontend/src/pages/signin/SignIn.tsx,SignIn,18,44,27,9,1,3,Medium,TypeScript/JavaScript,https://github.com/alejandroayalad/trinity/blob/014f3064689ff8f8fda6be264d9bb17c46497989/frontend/src/pages/signin/SignIn.tsx#L18-L44
Production,backend/src/trinity/queries/config.py,execution_factory,21,44,24,9,2,3,Medium,Python,https://github.com/alejandroayalad/trinity/blob/014f3064689ff8f8fda6be264d9bb17c46497989/backend/src/trinity/queries/config.py#L21-L44
Tests,backend/tests/test_settings_service.py,OperatorScheduleCheckTests.server.handler,328,350,23,9,2,3,Medium,Python,https://github.com/alejandroayalad/trinity/blob/014f3064689ff8f8fda6be264d9bb17c46497989/backend/tests/test_settings_service.py#L328-L350
Production,backend/src/trinity/connector/validate.py,diagnostic_identity,192,212,21,9,1,3,Medium,Python,https://github.com/alejandroayalad/trinity/blob/014f3064689ff8f8fda6be264d9bb17c46497989/backend/src/trinity/connector/validate.py#L192-L212
Production,backend/src/trinity/contracts/queries.py,read_request,176,196,21,9,1,3,Medium,Python,https://github.com/alejandroayalad/trinity/blob/014f3064689ff8f8fda6be264d9bb17c46497989/backend/src/trinity/contracts/queries.py#L176-L196
Production,backend/src/trinity/refresh/schemas.py,parse_command,106,126,21,9,1,3,Medium,Python,https://github.com/alejandroayalad/trinity/blob/014f3064689ff8f8fda6be264d9bb17c46497989/backend/src/trinity/refresh/schemas.py#L106-L126
Production,backend/src/trinity/refresh/cursors.py,RefreshCursorCodec.decode,41,60,20,9,1,3,Medium,Python,https://github.com/alejandroayalad/trinity/blob/014f3064689ff8f8fda6be264d9bb17c46497989/backend/src/trinity/refresh/cursors.py#L41-L60
Tools and migrations,scripts/generate_report.py,load_inputs,70,87,18,9,2,3,Medium,Python,https://github.com/alejandroayalad/trinity/blob/014f3064689ff8f8fda6be264d9bb17c46497989/scripts/generate_report.py#L70-L87
Production,backend/src/trinity/adapters/docker.py,Docker.__init__,51,65,15,9,1,3,Medium,Python,https://github.com/alejandroayalad/trinity/blob/014f3064689ff8f8fda6be264d9bb17c46497989/backend/src/trinity/adapters/docker.py#L51-L65
Production,backend/src/trinity/connector/validate.py,_coverage,392,406,15,9,2,3,Medium,Python,https://github.com/alejandroayalad/trinity/blob/014f3064689ff8f8fda6be264d9bb17c46497989/backend/src/trinity/connector/validate.py#L392-L406
Production,backend/src/trinity/adapters/docker.py,Docker.remove_stopped,151,164,14,9,1,3,Medium,Python,https://github.com/alejandroayalad/trinity/blob/014f3064689ff8f8fda6be264d9bb17c46497989/backend/src/trinity/adapters/docker.py#L151-L164
Production,backend/src/trinity/connector/validate.py,_source_pages,248,261,14,9,3,3,Medium,Python,https://github.com/alejandroayalad/trinity/blob/014f3064689ff8f8fda6be264d9bb17c46497989/backend/src/trinity/connector/validate.py#L248-L261
Production,backend/src/trinity/queries/preview.py,validate_key,161,174,14,9,1,3,Medium,Python,https://github.com/alejandroayalad/trinity/blob/014f3064689ff8f8fda6be264d9bb17c46497989/backend/src/trinity/queries/preview.py#L161-L174
Production,backend/src/trinity/connector/validate.py,_compare,430,442,13,9,3,3,Medium,Python,https://github.com/alejandroayalad/trinity/blob/014f3064689ff8f8fda6be264d9bb17c46497989/backend/src/trinity/connector/validate.py#L430-L442
Production,backend/src/trinity/adapters/docker.py,Docker.call,67,78,12,9,2,3,Medium,Python,https://github.com/alejandroayalad/trinity/blob/014f3064689ff8f8fda6be264d9bb17c46497989/backend/src/trinity/adapters/docker.py#L67-L78
Tests,backend/tests/test_choice_runtime.py,ChoiceRuntimeTests.expected_facilities,45,54,10,9,1,3,Medium,Python,https://github.com/alejandroayalad/trinity/blob/014f3064689ff8f8fda6be264d9bb17c46497989/backend/tests/test_choice_runtime.py#L45-L54
Production,frontend/src/pages/sql/SqlExplorer.tsx,SqlExplorer.run,54,61,8,9,3,3,Medium,TypeScript/JavaScript,https://github.com/alejandroayalad/trinity/blob/014f3064689ff8f8fda6be264d9bb17c46497989/frontend/src/pages/sql/SqlExplorer.tsx#L54-L61
Tests,backend/tests/test_query_guarantees.py,QueryGuaranteeTests.test_sigkill_recovery_entrypoint_with_natural_deadline,401,445,45,8,2,3,Medium,Python,https://github.com/alejandroayalad/trinity/blob/014f3064689ff8f8fda6be264d9bb17c46497989/backend/tests/test_query_guarantees.py#L401-L445
Tools and migrations,scripts/generate_report.py,write_report,335,376,42,8,1,3,Medium,Python,https://github.com/alejandroayalad/trinity/blob/014f3064689ff8f8fda6be264d9bb17c46497989/scripts/generate_report.py#L335-L376
Tests,frontend/src/pages/pages.test.tsx,<callback@218>,218,256,39,8,1,3,Medium,TypeScript/JavaScript,https://github.com/alejandroayalad/trinity/blob/014f3064689ff8f8fda6be264d9bb17c46497989/frontend/src/pages/pages.test.tsx#L218-L256
Tests,backend/tests/test_catalog_unit.py,CatalogTests.test_all_personas_before_and_after_publication,113,148,36,8,4,3,Medium,Python,https://github.com/alejandroayalad/trinity/blob/014f3064689ff8f8fda6be264d9bb17c46497989/backend/tests/test_catalog_unit.py#L113-L148
Production,backend/src/trinity/queries/service.py,QueryService.prepare,44,78,35,8,1,3,Medium,Python,https://github.com/alejandroayalad/trinity/blob/014f3064689ff8f8fda6be264d9bb17c46497989/backend/src/trinity/queries/service.py#L44-L78
Tests,backend/tests/preview_fixture.py,publish_fixture,45,78,34,8,1,3,Medium,Python,https://github.com/alejandroayalad/trinity/blob/014f3064689ff8f8fda6be264d9bb17c46497989/backend/tests/preview_fixture.py#L45-L78
Production,backend/src/trinity/catalog/service.py,get_catalog,14,44,31,8,2,3,Medium,Python,https://github.com/alejandroayalad/trinity/blob/014f3064689ff8f8fda6be264d9bb17c46497989/backend/src/trinity/catalog/service.py#L14-L44
Production,backend/src/trinity/refresh/dispatch.py,DispatchService.recover,86,113,28,8,1,3,Medium,Python,https://github.com/alejandroayalad/trinity/blob/014f3064689ff8f8fda6be264d9bb17c46497989/backend/src/trinity/refresh/dispatch.py#L86-L113
Tests,backend/tests/test_settings_postgres.py,SettingsPostgresTests.test_concurrent_saves_one_wins,96,123,28,8,0,3,Medium,Python,https://github.com/alejandroayalad/trinity/blob/014f3064689ff8f8fda6be264d9bb17c46497989/backend/tests/test_settings_postgres.py#L96-L123
Production,backend/src/trinity/dashboard/calculation.py,build_points,131,157,27,8,2,3,Medium,Python,https://github.com/alejandroayalad/trinity/blob/014f3064689ff8f8fda6be264d9bb17c46497989/backend/src/trinity/dashboard/calculation.py#L131-L157
Tests,backend/tests/test_scheduler_postgres.py,SchedulerPostgresTests.test_worker_role_admits_with_database_clock_and_only_database_setting,372,398,27,8,1,3,Medium,Python,https://github.com/alejandroayalad/trinity/blob/014f3064689ff8f8fda6be264d9bb17c46497989/backend/tests/test_scheduler_postgres.py#L372-L398
Tests,backend/tests/test_prepare.py,PreparationCommandTests.test_complete_command_verifies_saved_candidate_and_prints_unpublished,175,199,25,8,1,3,Medium,Python,https://github.com/alejandroayalad/trinity/blob/014f3064689ff8f8fda6be264d9bb17c46497989/backend/tests/test_prepare.py#L175-L199
Tools and migrations,frontend/src/test/fetchStub.ts,stubFetch.<callback@81>,81,105,25,8,1,3,Medium,TypeScript/JavaScript,https://github.com/alejandroayalad/trinity/blob/014f3064689ff8f8fda6be264d9bb17c46497989/frontend/src/test/fetchStub.ts#L81-L105
Tests,backend/tests/test_auth_postgres.py,PostgresAuthTests.test_real_http_three_personas,227,250,24,8,2,3,Medium,Python,https://github.com/alejandroayalad/trinity/blob/014f3064689ff8f8fda6be264d9bb17c46497989/backend/tests/test_auth_postgres.py#L227-L250
Tests,backend/tests/test_publication_process.py,PublicationProcessTests.test_actual_crashes_reconcile_without_reinvocation,45,67,23,8,2,3,Medium,Python,https://github.com/alejandroayalad/trinity/blob/014f3064689ff8f8fda6be264d9bb17c46497989/backend/tests/test_publication_process.py#L45-L67
Production,frontend/src/components/overlay/useFocusTrap.ts,useFocusTrap.<callback@23>.onKeyDown,32,53,22,8,2,3,Medium,TypeScript/JavaScript,https://github.com/alejandroayalad/trinity/blob/014f3064689ff8f8fda6be264d9bb17c46497989/frontend/src/components/overlay/useFocusTrap.ts#L32-L53
Production,backend/src/trinity/connector/client.py,_sanitize,151,171,21,8,2,3,Medium,Python,https://github.com/alejandroayalad/trinity/blob/014f3064689ff8f8fda6be264d9bb17c46497989/backend/src/trinity/connector/client.py#L151-L171
Tests,backend/tests/test_catalog_unit.py,CatalogTests.test_metadata_matches_canonical_schema_and_filter_contract,150,170,21,8,4,3,Medium,Python,https://github.com/alejandroayalad/trinity/blob/014f3064689ff8f8fda6be264d9bb17c46497989/backend/tests/test_catalog_unit.py#L150-L170
Tests,frontend/tests/e2e/fidelity-fixtures.ts,nationalDays,58,78,21,8,3,3,Medium,TypeScript/JavaScript,https://github.com/alejandroayalad/trinity/blob/014f3064689ff8f8fda6be264d9bb17c46497989/frontend/tests/e2e/fidelity-fixtures.ts#L58-L78
Tests,backend/tests/test_catalog_postgres.py,PostgresCatalogTests.test_real_sessions_all_personas_empty_and_published,32,51,20,8,3,3,Medium,Python,https://github.com/alejandroayalad/trinity/blob/014f3064689ff8f8fda6be264d9bb17c46497989/backend/tests/test_catalog_postgres.py#L32-L51
Tests,backend/tests/test_refresh_recovery_service.py,RecoveryServiceTests.test_openapi_describes_both_request_shapes_and_receipt_responses,302,321,20,8,2,3,Medium,Python,https://github.com/alejandroayalad/trinity/blob/014f3064689ff8f8fda6be264d9bb17c46497989/backend/tests/test_refresh_recovery_service.py#L302-L321
Production,backend/src/trinity/publication/repository.py,read_publication,9,27,19,8,1,3,Medium,Python,https://github.com/alejandroayalad/trinity/blob/014f3064689ff8f8fda6be264d9bb17c46497989/backend/src/trinity/publication/repository.py#L9-L27
Tests,backend/tests/test_validate.py,ValidationTests.test_s29_capacity_changes_only_are_info_and_no_gap_is_carried_forward,460,478,19,8,4,3,Medium,Python,https://github.com/alejandroayalad/trinity/blob/014f3064689ff8f8fda6be264d9bb17c46497989/backend/tests/test_validate.py#L460-L478
Tools and migrations,scripts/trinity_function_audit.py,python_rows.walk,101,118,18,8,4,3,Medium,Python,https://github.com/alejandroayalad/trinity/blob/014f3064689ff8f8fda6be264d9bb17c46497989/scripts/trinity_function_audit.py#L101-L118
Tools and migrations,deploy/validate_ec2_env.py,main,156,172,17,8,1,3,Medium,Python,https://github.com/alejandroayalad/trinity/blob/014f3064689ff8f8fda6be264d9bb17c46497989/deploy/validate_ec2_env.py#L156-L172
Tools and migrations,scripts/trinity_function_audit.py,PythonMetric.generic_visit,75,91,17,8,1,3,Medium,Python,https://github.com/alejandroayalad/trinity/blob/014f3064689ff8f8fda6be264d9bb17c46497989/scripts/trinity_function_audit.py#L75-L91
Tests,backend/tests/test_preview_provenance.py,frozen_fixture.results,30,43,14,8,3,3,Medium,Python,https://github.com/alejandroayalad/trinity/blob/014f3064689ff8f8fda6be264d9bb17c46497989/backend/tests/test_preview_provenance.py#L30-L43
Production,backend/src/trinity/catalog/schemas.py,CatalogResponse.validate_snapshot,102,113,12,8,1,3,Medium,Python,https://github.com/alejandroayalad/trinity/blob/014f3064689ff8f8fda6be264d9bb17c46497989/backend/src/trinity/catalog/schemas.py#L102-L113
Production,backend/src/trinity/dashboard/schemas.py,NationalDay.consistent_values,67,78,12,8,2,3,Medium,Python,https://github.com/alejandroayalad/trinity/blob/014f3064689ff8f8fda6be264d9bb17c46497989/backend/src/trinity/dashboard/schemas.py#L67-L78
Production,backend/src/trinity/connector/pipeline.py,_same_local_files,182,192,11,8,2,3,Medium,Python,https://github.com/alejandroayalad/trinity/blob/014f3064689ff8f8fda6be264d9bb17c46497989/backend/src/trinity/connector/pipeline.py#L182-L192
Tools and migrations,scripts/generate_report.py,reconcile.compare,116,126,11,8,4,3,Medium,Python,https://github.com/alejandroayalad/trinity/blob/014f3064689ff8f8fda6be264d9bb17c46497989/scripts/generate_report.py#L116-L126
Production,backend/src/trinity/refresh/service.py,RefreshService._page,93,102,10,8,2,3,Medium,Python,https://github.com/alejandroayalad/trinity/blob/014f3064689ff8f8fda6be264d9bb17c46497989/backend/src/trinity/refresh/service.py#L93-L102
Production,backend/src/trinity/connector/validate.py,_total,264,272,9,8,1,3,Medium,Python,https://github.com/alejandroayalad/trinity/blob/014f3064689ff8f8fda6be264d9bb17c46497989/backend/src/trinity/connector/validate.py#L264-L272
Production,frontend/src/pages/settings/Settings.tsx,SettingsForm.save,36,44,9,8,3,3,Medium,TypeScript/JavaScript,https://github.com/alejandroayalad/trinity/blob/014f3064689ff8f8fda6be264d9bb17c46497989/frontend/src/pages/settings/Settings.tsx#L36-L44
Production,frontend/src/pages/dashboard/NationalChart.tsx,NationalChart.<callback@122>,122,129,8,8,1,3,Medium,TypeScript/JavaScript,https://github.com/alejandroayalad/trinity/blob/014f3064689ff8f8fda6be264d9bb17c46497989/frontend/src/pages/dashboard/NationalChart.tsx#L122-L129
Tests,backend/tests/run_frontend_browser.py,main,23,75,53,7,1,3,Medium,Python,https://github.com/alejandroayalad/trinity/blob/014f3064689ff8f8fda6be264d9bb17c46497989/backend/tests/run_frontend_browser.py#L23-L75
Tools and migrations,scripts/profile_query_evidence.py,measure_evidence,67,117,51,7,1,3,Medium,Python,https://github.com/alejandroayalad/trinity/blob/014f3064689ff8f8fda6be264d9bb17c46497989/scripts/profile_query_evidence.py#L67-L117
Tests,backend/tests/test_validate.py,ValidationTests.test_s26_signed_and_out_of_range_values_survive_with_warnings,384,399,16,7,4,3,Medium,Python,https://github.com/alejandroayalad/trinity/blob/014f3064689ff8f8fda6be264d9bb17c46497989/backend/tests/test_validate.py#L384-L399
Tests,backend/tests/test_preview_check.py,PreviewCheckTests.test_wrong_values_publication_diagnostics_and_repeated_page_fail.change,84,90,7,7,4,3,Medium,Python,https://github.com/alejandroayalad/trinity/blob/014f3064689ff8f8fda6be264d9bb17c46497989/backend/tests/test_preview_check.py#L84-L90
Tests,backend/tests/test_sql_postgres.py,QueryPostgresTests.test_loopback_http_real_database_supervisor_and_query_container,123,186,64,6,2,3,Medium,Python,https://github.com/alejandroayalad/trinity/blob/014f3064689ff8f8fda6be264d9bb17c46497989/backend/tests/test_sql_postgres.py#L123-L186
Tests,backend/tests/test_parquet.py,FreezeFilesTests.test_s20_replaced_schema_count_or_bounds_fail,262,279,18,6,4,3,Medium,Python,https://github.com/alejandroayalad/trinity/blob/014f3064689ff8f8fda6be264d9bb17c46497989/backend/tests/test_parquet.py#L262-L279
Tests,backend/tests/test_refresh_recovery.py,EvidenceConnection.execute,95,110,16,6,4,3,Medium,Python,https://github.com/alejandroayalad/trinity/blob/014f3064689ff8f8fda6be264d9bb17c46497989/backend/tests/test_refresh_recovery.py#L95-L110
Tests,backend/tests/test_normalize.py,DatasetSchemaTests.test_exact_fields_keys_and_nullability_at_each_grain,43,72,30,5,4,3,Medium,Python,https://github.com/alejandroayalad/trinity/blob/014f3064689ff8f8fda6be264d9bb17c46497989/backend/tests/test_normalize.py#L43-L72
Tests,backend/tests/test_parquet.py,FreezeFilesTests.test_s20_changed_missing_truncated_or_extra_files_fail,242,260,19,5,4,3,Medium,Python,https://github.com/alejandroayalad/trinity/blob/014f3064689ff8f8fda6be264d9bb17c46497989/backend/tests/test_parquet.py#L242-L260
Tests,backend/tests/test_s3.py,StorageTests.test_failed_validation_or_changed_file_never_starts_remote_write,150,165,16,5,4,3,Medium,Python,https://github.com/alejandroayalad/trinity/blob/014f3064689ff8f8fda6be264d9bb17c46497989/backend/tests/test_s3.py#L150-L165
Tests,backend/tests/test_query_guarantees.py,QueryGuaranteeTests.test_sql_policy_and_real_container_reject_external_authority,136,202,67,4,1,3,Medium,Python,https://github.com/alejandroayalad/trinity/blob/014f3064689ff8f8fda6be264d9bb17c46497989/backend/tests/test_query_guarantees.py#L136-L202
Tests,backend/tests/test_dashboard_engine.py,DashboardEngineTests.test_366_dates_exact_values_interior_and_end_gaps_and_metric_agreement,19,72,54,4,2,3,Medium,Python,https://github.com/alejandroayalad/trinity/blob/014f3064689ff8f8fda6be264d9bb17c46497989/backend/tests/test_dashboard_engine.py#L19-L72
Tests,backend/tests/test_dashboard_service.py,NationalServiceTests.test_http_exact_openapi_serialization_and_metric_agreement,339,400,62,3,1,3,Medium,Python,https://github.com/alejandroayalad/trinity/blob/014f3064689ff8f8fda6be264d9bb17c46497989/backend/tests/test_dashboard_service.py#L339-L400
Tests,frontend/tests/e2e/fidelity-fixtures.ts,routeApi,195,250,56,2,0,3,Medium,TypeScript/JavaScript,https://github.com/alejandroayalad/trinity/blob/014f3064689ff8f8fda6be264d9bb17c46497989/frontend/tests/e2e/fidelity-fixtures.ts#L195-L250
Tools and migrations,backend/migrations/versions/0006_refresh_dispatch.py,upgrade,10,91,82,1,0,3,Medium,Python,https://github.com/alejandroayalad/trinity/blob/014f3064689ff8f8fda6be264d9bb17c46497989/backend/migrations/versions/0006_refresh_dispatch.py#L10-L91
Tests,frontend/src/lib/decimal.test.ts,<callback@26>,26,106,81,1,0,3,Medium,TypeScript/JavaScript,https://github.com/alejandroayalad/trinity/blob/014f3064689ff8f8fda6be264d9bb17c46497989/frontend/src/lib/decimal.test.ts#L26-L106
Production,backend/src/trinity/main.py,create_app,31,85,55,1,0,3,Medium,Python,https://github.com/alejandroayalad/trinity/blob/014f3064689ff8f8fda6be264d9bb17c46497989/backend/src/trinity/main.py#L31-L85
Tests,frontend/src/lib/dates.test.ts,<callback@17>,17,68,52,1,0,3,Medium,TypeScript/JavaScript,https://github.com/alejandroayalad/trinity/blob/014f3064689ff8f8fda6be264d9bb17c46497989/frontend/src/lib/dates.test.ts#L17-L68
Tests,backend/tests/test_publication_runtime.py,PublicationRuntimeTests.test_published_readers_roles_inflight_pinning_and_cursor_switch,14,62,49,7,3,2,Low,Python,https://github.com/alejandroayalad/trinity/blob/014f3064689ff8f8fda6be264d9bb17c46497989/backend/tests/test_publication_runtime.py#L14-L62
Tests,backend/tests/run_local_auth_checks.py,main,15,55,41,7,1,2,Low,Python,https://github.com/alejandroayalad/trinity/blob/014f3064689ff8f8fda6be264d9bb17c46497989/backend/tests/run_local_auth_checks.py#L15-L55
Tests,backend/tests/postgres_fixture.py,PostgresFixture.lifecycle,79,109,31,7,1,2,Low,Python,https://github.com/alejandroayalad/trinity/blob/014f3064689ff8f8fda6be264d9bb17c46497989/backend/tests/postgres_fixture.py#L79-L109
Production,backend/src/trinity/settings/service.py,parse_settings_command,58,85,28,7,1,2,Low,Python,https://github.com/alejandroayalad/trinity/blob/014f3064689ff8f8fda6be264d9bb17c46497989/backend/src/trinity/settings/service.py#L58-L85
Tests,backend/tests/test_s3.py,StorageTests.test_complete_bundle_is_private_unpublished_and_all_bytes_verified,116,138,23,7,2,2,Low,Python,https://github.com/alejandroayalad/trinity/blob/014f3064689ff8f8fda6be264d9bb17c46497989/backend/tests/test_s3.py#L116-L138
Tests,backend/tests/test_preview_runtime.py,PreviewRuntimeTests.test_entire_keyset_walk_equals_full_fixture_and_defaults_are_equivalent,150,171,22,7,2,2,Low,Python,https://github.com/alejandroayalad/trinity/blob/014f3064689ff8f8fda6be264d9bb17c46497989/backend/tests/test_preview_runtime.py#L150-L171
Production,backend/src/trinity/settings/service.py,choose_blocker,143,162,20,7,3,2,Low,Python,https://github.com/alejandroayalad/trinity/blob/014f3064689ff8f8fda6be264d9bb17c46497989/backend/src/trinity/settings/service.py#L143-L162
Production,backend/src/trinity/contracts/queries.py,PreviewOperation.from_bytes,130,147,18,7,2,2,Low,Python,https://github.com/alejandroayalad/trinity/blob/014f3064689ff8f8fda6be264d9bb17c46497989/backend/src/trinity/contracts/queries.py#L130-L147
Tests,backend/tests/test_validate.py,ValidationTests.test_complete_attempt_has_exact_registry_and_durable_bound_files,107,124,18,7,1,2,Low,Python,https://github.com/alejandroayalad/trinity/blob/014f3064689ff8f8fda6be264d9bb17c46497989/backend/tests/test_validate.py#L107-L124
Production,frontend/src/pages/shared.tsx,ReadRetry,23,40,18,7,1,2,Low,TypeScript/JavaScript,https://github.com/alejandroayalad/trinity/blob/014f3064689ff8f8fda6be264d9bb17c46497989/frontend/src/pages/shared.tsx#L23-L40
Tests,backend/tests/test_auth_rotate.py,RotatePostgresTests.snapshot,49,65,17,7,2,2,Low,Python,https://github.com/alejandroayalad/trinity/blob/014f3064689ff8f8fda6be264d9bb17c46497989/backend/tests/test_auth_rotate.py#L49-L65
Tests,backend/tests/test_validate.py,ValidationTests.test_s27_exact_d06_threshold_both_directions,401,417,17,7,3,2,Low,Python,https://github.com/alejandroayalad/trinity/blob/014f3064689ff8f8fda6be264d9bb17c46497989/backend/tests/test_validate.py#L401-L417
Production,backend/src/trinity/contracts/choices.py,ChoiceOperation.from_bytes,59,72,14,7,1,2,Low,Python,https://github.com/alejandroayalad/trinity/blob/014f3064689ff8f8fda6be264d9bb17c46497989/backend/src/trinity/contracts/choices.py#L59-L72
Production,backend/src/trinity/contracts/queries.py,request_message,160,173,14,7,1,2,Low,Python,https://github.com/alejandroayalad/trinity/blob/014f3064689ff8f8fda6be264d9bb17c46497989/backend/src/trinity/contracts/queries.py#L160-L173
Production,backend/src/trinity/dashboard/schemas.py,DashboardResponse.consistent_dashboard,132,145,14,7,1,2,Low,Python,https://github.com/alejandroayalad/trinity/blob/014f3064689ff8f8fda6be264d9bb17c46497989/backend/src/trinity/dashboard/schemas.py#L132-L145
Production,backend/src/trinity/publication/service.py,PublicationService.fail,116,129,14,7,1,2,Low,Python,https://github.com/alejandroayalad/trinity/blob/014f3064689ff8f8fda6be264d9bb17c46497989/backend/src/trinity/publication/service.py#L116-L129
Tests,backend/tests/test_auth_unit.py,PolicyTests.test_policy_matrix_and_safe_dataset_denials,28,41,14,7,3,2,Low,Python,https://github.com/alejandroayalad/trinity/blob/014f3064689ff8f8fda6be264d9bb17c46497989/backend/tests/test_auth_unit.py#L28-L41
Tests,backend/tests/test_dashboard_postgres.py,DashboardPostgresTests.test_mixed_capacity_enforces_two_per_user_and_four_per_instance,155,168,14,7,0,2,Low,Python,https://github.com/alejandroayalad/trinity/blob/014f3064689ff8f8fda6be264d9bb17c46497989/backend/tests/test_dashboard_postgres.py#L155-L168
Tests,backend/tests/test_prepare.py,fixture_worker.handler,73,86,14,7,2,2,Low,Python,https://github.com/alejandroayalad/trinity/blob/014f3064689ff8f8fda6be264d9bb17c46497989/backend/tests/test_prepare.py#L73-L86
Production,backend/src/trinity/queries/preview_schemas.py,_row_keys,92,104,13,7,2,2,Low,Python,https://github.com/alejandroayalad/trinity/blob/014f3064689ff8f8fda6be264d9bb17c46497989/backend/src/trinity/queries/preview_schemas.py#L92-L104
Tests,backend/tests/test_preview_postgres.py,PreviewPostgresTests.test_mixed_capacity_across_processes_and_fenced_release,129,141,13,7,1,2,Low,Python,https://github.com/alejandroayalad/trinity/blob/014f3064689ff8f8fda6be264d9bb17c46497989/backend/tests/test_preview_postgres.py#L129-L141
Tests,backend/tests/test_publication_process.py,PublicationProcessTests.race,16,28,13,7,2,2,Low,Python,https://github.com/alejandroayalad/trinity/blob/014f3064689ff8f8fda6be264d9bb17c46497989/backend/tests/test_publication_process.py#L16-L28
Tools and migrations,scripts/measure_dashboard_http.mjs,loginAll,74,86,13,7,2,2,Low,TypeScript/JavaScript,https://github.com/alejandroayalad/trinity/blob/014f3064689ff8f8fda6be264d9bb17c46497989/scripts/measure_dashboard_http.mjs#L74-L86
Production,frontend/src/api/client.ts,ApiError.constructor,70,81,12,7,0,2,Low,TypeScript/JavaScript,https://github.com/alejandroayalad/trinity/blob/014f3064689ff8f8fda6be264d9bb17c46497989/frontend/src/api/client.ts#L70-L81
Production,frontend/src/pages/dashboard/Dashboard.tsx,allFacilities,150,161,12,7,2,2,Low,TypeScript/JavaScript,https://github.com/alejandroayalad/trinity/blob/014f3064689ff8f8fda6be264d9bb17c46497989/frontend/src/pages/dashboard/Dashboard.tsx#L150-L161
Production,backend/src/trinity/dashboard/calculation.py,validate_dashboard_input,77,87,11,7,1,2,Low,Python,https://github.com/alejandroayalad/trinity/blob/014f3064689ff8f8fda6be264d9bb17c46497989/backend/src/trinity/dashboard/calculation.py#L77-L87
Production,backend/src/trinity/workers/scheduler.py,log_outcome,134,144,11,7,2,2,Low,Python,https://github.com/alejandroayalad/trinity/blob/014f3064689ff8f8fda6be264d9bb17c46497989/backend/src/trinity/workers/scheduler.py#L134-L144
Production,backend/src/trinity/adapters/s3.py,StoredArtifact.from_dict,95,104,10,7,1,2,Low,Python,https://github.com/alejandroayalad/trinity/blob/014f3064689ff8f8fda6be264d9bb17c46497989/backend/src/trinity/adapters/s3.py#L95-L104
Production,backend/src/trinity/publication/checks.py,stopped_failure,107,116,10,7,1,2,Low,Python,https://github.com/alejandroayalad/trinity/blob/014f3064689ff8f8fda6be264d9bb17c46497989/backend/src/trinity/publication/checks.py#L107-L116
Production,backend/src/trinity/contracts/queries.py,read_result_binding,199,207,9,7,1,2,Low,Python,https://github.com/alejandroayalad/trinity/blob/014f3064689ff8f8fda6be264d9bb17c46497989/backend/src/trinity/contracts/queries.py#L199-L207
Production,frontend/src/api/client.ts,reportPublication,155,163,9,7,2,2,Low,TypeScript/JavaScript,https://github.com/alejandroayalad/trinity/blob/014f3064689ff8f8fda6be264d9bb17c46497989/frontend/src/api/client.ts#L155-L163
Production,backend/src/trinity/errors.py,install_handlers.invalid_request,47,54,8,7,1,2,Low,Python,https://github.com/alejandroayalad/trinity/blob/014f3064689ff8f8fda6be264d9bb17c46497989/backend/src/trinity/errors.py#L47-L54
Tests,frontend/src/api/types.test.ts,enumOf,33,40,8,7,2,2,Low,TypeScript/JavaScript,https://github.com/alejandroayalad/trinity/blob/014f3064689ff8f8fda6be264d9bb17c46497989/frontend/src/api/types.test.ts#L33-L40
Production,frontend/src/pages/shared.tsx,cellText,67,74,8,7,2,2,Low,TypeScript/JavaScript,https://github.com/alejandroayalad/trinity/blob/014f3064689ff8f8fda6be264d9bb17c46497989/frontend/src/pages/shared.tsx#L67-L74
Production,backend/src/trinity/queries/preview_schemas.py,PreviewDiagnostic.registered_summary,57,63,7,7,2,2,Low,Python,https://github.com/alejandroayalad/trinity/blob/014f3064689ff8f8fda6be264d9bb17c46497989/backend/src/trinity/queries/preview_schemas.py#L57-L63
Production,backend/src/trinity/queries/runtime/engine.py,_value,41,46,6,7,1,2,Low,Python,https://github.com/alejandroayalad/trinity/blob/014f3064689ff8f8fda6be264d9bb17c46497989/backend/src/trinity/queries/runtime/engine.py#L41-L46
Production,frontend/src/pages/refresh/Refresh.tsx,CandidatePanel.copy,168,172,5,7,2,2,Low,TypeScript/JavaScript,https://github.com/alejandroayalad/trinity/blob/014f3064689ff8f8fda6be264d9bb17c46497989/frontend/src/pages/refresh/Refresh.tsx#L168-L172
Production,frontend/src/pages/shared.tsx,PageError,16,20,5,7,1,2,Low,TypeScript/JavaScript,https://github.com/alejandroayalad/trinity/blob/014f3064689ff8f8fda6be264d9bb17c46497989/frontend/src/pages/shared.tsx#L16-L20
Production,frontend/src/pages/catalog/TableView.tsx,DatasetTable.<callback@28>,28,28,1,7,2,2,Low,TypeScript/JavaScript,https://github.com/alejandroayalad/trinity/blob/014f3064689ff8f8fda6be264d9bb17c46497989/frontend/src/pages/catalog/TableView.tsx#L28-L28
Production,backend/src/trinity/workers/scheduler.py,SchedulerService.once,82,131,50,6,3,2,Low,Python,https://github.com/alejandroayalad/trinity/blob/014f3064689ff8f8fda6be264d9bb17c46497989/backend/src/trinity/workers/scheduler.py#L82-L131
Production,backend/src/trinity/connector/validate.py,validate_candidate,681,724,44,6,1,2,Low,Python,https://github.com/alejandroayalad/trinity/blob/014f3064689ff8f8fda6be264d9bb17c46497989/backend/src/trinity/connector/validate.py#L681-L724
Tests,backend/tests/test_dashboard_runtime.py,DashboardRuntimeTests.test_real_http_all_roles_default_custom_gaps_metric_and_exact_models,77,113,37,6,2,2,Low,Python,https://github.com/alejandroayalad/trinity/blob/014f3064689ff8f8fda6be264d9bb17c46497989/backend/tests/test_dashboard_runtime.py#L77-L113
Production,backend/src/trinity/settings/service.py,SettingsService.update,105,140,36,6,2,2,Low,Python,https://github.com/alejandroayalad/trinity/blob/014f3064689ff8f8fda6be264d9bb17c46497989/backend/src/trinity/settings/service.py#L105-L140
Tests,frontend/tests/e2e/session.spec.ts,<callback@8>,8,42,35,6,1,2,Low,TypeScript/JavaScript,https://github.com/alejandroayalad/trinity/blob/014f3064689ff8f8fda6be264d9bb17c46497989/frontend/tests/e2e/session.spec.ts#L8-L42
Production,backend/src/trinity/auth/rotate.py,main,107,136,30,6,1,2,Low,Python,https://github.com/alejandroayalad/trinity/blob/014f3064689ff8f8fda6be264d9bb17c46497989/backend/src/trinity/auth/rotate.py#L107-L136
Production,frontend/src/pages/dashboard/NationalChart.tsx,NationalChart.<callback@49>,49,76,28,6,1,2,Low,TypeScript/JavaScript,https://github.com/alejandroayalad/trinity/blob/014f3064689ff8f8fda6be264d9bb17c46497989/frontend/src/pages/dashboard/NationalChart.tsx#L49-L76
Production,backend/src/trinity/settings/schedule.py,due_occurrence,151,177,27,6,2,2,Low,Python,https://github.com/alejandroayalad/trinity/blob/014f3064689ff8f8fda6be264d9bb17c46497989/backend/src/trinity/settings/schedule.py#L151-L177
Production,backend/src/trinity/settings/schedule.py,valid_timezone,51,76,26,6,1,2,Low,Python,https://github.com/alejandroayalad/trinity/blob/014f3064689ff8f8fda6be264d9bb17c46497989/backend/src/trinity/settings/schedule.py#L51-L76
Tests,backend/tests/test_evidence_cache.py,EvidenceCacheTests.test_every_publication_evidence_field_and_namespace_is_part_of_identity,123,148,26,6,2,2,Low,Python,https://github.com/alejandroayalad/trinity/blob/014f3064689ff8f8fda6be264d9bb17c46497989/backend/tests/test_evidence_cache.py#L123-L148
Production,backend/src/trinity/connector/normalize.py,_decimal,78,102,25,6,1,2,Low,Python,https://github.com/alejandroayalad/trinity/blob/014f3064689ff8f8fda6be264d9bb17c46497989/backend/src/trinity/connector/normalize.py#L78-L102
Tests,backend/tests/preview_fixture.py,loopback,82,103,22,6,1,2,Low,Python,https://github.com/alejandroayalad/trinity/blob/014f3064689ff8f8fda6be264d9bb17c46497989/backend/tests/preview_fixture.py#L82-L103
Production,backend/src/trinity/auth/seed.py,main,54,74,21,6,1,2,Low,Python,https://github.com/alejandroayalad/trinity/blob/014f3064689ff8f8fda6be264d9bb17c46497989/backend/src/trinity/auth/seed.py#L54-L74
Production,backend/src/trinity/connector/parquet.py,_measure,131,151,21,6,2,2,Low,Python,https://github.com/alejandroayalad/trinity/blob/014f3064689ff8f8fda6be264d9bb17c46497989/backend/src/trinity/connector/parquet.py#L131-L151
Production,backend/src/trinity/refresh/execution.py,ExecutionService.freeze,123,143,21,6,2,2,Low,Python,https://github.com/alejandroayalad/trinity/blob/014f3064689ff8f8fda6be264d9bb17c46497989/backend/src/trinity/refresh/execution.py#L123-L143
Tools and migrations,scripts/trinity_function_audit.py,ts_rows,194,214,21,6,1,2,Low,Python,https://github.com/alejandroayalad/trinity/blob/014f3064689ff8f8fda6be264d9bb17c46497989/scripts/trinity_function_audit.py#L194-L214
Production,backend/src/trinity/connector/parquet.py,_inventory,310,329,20,6,3,2,Low,Python,https://github.com/alejandroayalad/trinity/blob/014f3064689ff8f8fda6be264d9bb17c46497989/backend/src/trinity/connector/parquet.py#L310-L329
Production,backend/src/trinity/connector/pipeline.py,_check_snapshot_binding,195,213,19,6,1,2,Low,Python,https://github.com/alejandroayalad/trinity/blob/014f3064689ff8f8fda6be264d9bb17c46497989/backend/src/trinity/connector/pipeline.py#L195-L213
Production,backend/src/trinity/adapters/docker.py,Docker.attach,130,147,18,6,2,2,Low,Python,https://github.com/alejandroayalad/trinity/blob/014f3064689ff8f8fda6be264d9bb17c46497989/backend/src/trinity/adapters/docker.py#L130-L147
Production,backend/src/trinity/auth/service.py,AuthService.me,73,90,18,6,3,2,Low,Python,https://github.com/alejandroayalad/trinity/blob/014f3064689ff8f8fda6be264d9bb17c46497989/backend/src/trinity/auth/service.py#L73-L90
Production,backend/src/trinity/publication/evidence_cache.py,_FillDeadline.remaining,48,65,18,6,2,2,Low,Python,https://github.com/alejandroayalad/trinity/blob/014f3064689ff8f8fda6be264d9bb17c46497989/backend/src/trinity/publication/evidence_cache.py#L48-L65
Tests,backend/tests/test_auth_postgres.py,PostgresAuthTests.test_all_personas_empty_me_and_settings_access,90,107,18,6,2,2,Low,Python,https://github.com/alejandroayalad/trinity/blob/014f3064689ff8f8fda6be264d9bb17c46497989/backend/tests/test_auth_postgres.py#L90-L107
Tests,backend/tests/test_dashboard_unit.py,DashboardInputTests.test_bad_shapes_both_endpoints,49,66,18,6,2,2,Low,Python,https://github.com/alejandroayalad/trinity/blob/014f3064689ff8f8fda6be264d9bb17c46497989/backend/tests/test_dashboard_unit.py#L49-L66
Tests,backend/tests/test_eia_pagination.py,rows_for,19,36,18,6,3,2,Low,Python,https://github.com/alejandroayalad/trinity/blob/014f3064689ff8f8fda6be264d9bb17c46497989/backend/tests/test_eia_pagination.py#L19-L36
Production,frontend/src/pages/dashboard/chartGeometry.ts,chartDomain,4,21,18,6,2,2,Low,TypeScript/JavaScript,https://github.com/alejandroayalad/trinity/blob/014f3064689ff8f8fda6be264d9bb17c46497989/frontend/src/pages/dashboard/chartGeometry.ts#L4-L21
Production,backend/src/trinity/adapters/s3.py,S3Storage.operation,249,265,17,6,1,2,Low,Python,https://github.com/alejandroayalad/trinity/blob/014f3064689ff8f8fda6be264d9bb17c46497989/backend/src/trinity/adapters/s3.py#L249-L265
Tests,backend/tests/test_choices.py,ChoiceTests.test_distinct_over_more_than_preview_limit_and_binary_paging,58,74,17,6,2,2,Low,Python,https://github.com/alejandroayalad/trinity/blob/014f3064689ff8f8fda6be264d9bb17c46497989/backend/tests/test_choices.py#L58-L74
Tests,backend/tests/test_validate.py,ValidationTests.test_s17_large_aggregates_ignore_decimal_context_precision,287,303,17,6,2,2,Low,Python,https://github.com/alejandroayalad/trinity/blob/014f3064689ff8f8fda6be264d9bb17c46497989/backend/tests/test_validate.py#L287-L303
Production,backend/src/trinity/queries/recovery.py,main,8,23,16,6,3,2,Low,Python,https://github.com/alejandroayalad/trinity/blob/014f3064689ff8f8fda6be264d9bb17c46497989/backend/src/trinity/queries/recovery.py#L8-L23
Tests,backend/tests/sql_fixture.py,write_table,11,26,16,6,2,2,Low,Python,https://github.com/alejandroayalad/trinity/blob/014f3064689ff8f8fda6be264d9bb17c46497989/backend/tests/sql_fixture.py#L11-L26
Tests,backend/tests/test_refresh_worker.py,small_object_child,296,310,15,6,0,2,Low,Python,https://github.com/alejandroayalad/trinity/blob/014f3064689ff8f8fda6be264d9bb17c46497989/backend/tests/test_refresh_worker.py#L296-L310
Production,frontend/src/pages/catalog/Catalog.tsx,Catalog,16,30,15,6,1,2,Low,TypeScript/JavaScript,https://github.com/alejandroayalad/trinity/blob/014f3064689ff8f8fda6be264d9bb17c46497989/frontend/src/pages/catalog/Catalog.tsx#L16-L30
Production,backend/src/trinity/publication/custody.py,check_access,17,30,14,6,1,2,Low,Python,https://github.com/alejandroayalad/trinity/blob/014f3064689ff8f8fda6be264d9bb17c46497989/backend/src/trinity/publication/custody.py#L17-L30
Production,backend/src/trinity/queries/router.py,supervised_call,25,38,14,6,2,2,Low,Python,https://github.com/alejandroayalad/trinity/blob/014f3064689ff8f8fda6be264d9bb17c46497989/backend/src/trinity/queries/router.py#L25-L38
Tests,backend/tests/test_publication_process.py,PublicationProcessTests.test_approval_and_retry_command_races,30,43,14,6,2,2,Low,Python,https://github.com/alejandroayalad/trinity/blob/014f3064689ff8f8fda6be264d9bb17c46497989/backend/tests/test_publication_process.py#L30-L43
Tools and migrations,scripts/measure_dashboard_http.mjs,logoutAll,88,101,14,6,2,2,Low,TypeScript/JavaScript,https://github.com/alejandroayalad/trinity/blob/014f3064689ff8f8fda6be264d9bb17c46497989/scripts/measure_dashboard_http.mjs#L88-L101
Production,backend/src/trinity/connector/validate.py,_schema_units,370,382,13,6,1,2,Low,Python,https://github.com/alejandroayalad/trinity/blob/014f3064689ff8f8fda6be264d9bb17c46497989/backend/src/trinity/connector/validate.py#L370-L382
Tests,backend/tests/test_catalog_unit.py,OperatorCatalogTests.test_optional_catalog_check_logs_out_even_on_catalog_failure.handler,322,334,13,6,1,2,Low,Python,https://github.com/alejandroayalad/trinity/blob/014f3064689ff8f8fda6be264d9bb17c46497989/backend/tests/test_catalog_unit.py#L322-L334
Production,frontend/src/api/messages.ts,errorMessage,43,55,13,6,2,2,Low,TypeScript/JavaScript,https://github.com/alejandroayalad/trinity/blob/014f3064689ff8f8fda6be264d9bb17c46497989/frontend/src/api/messages.ts#L43-L55
Production,backend/src/trinity/adapters/docker.py,_Stream.read,19,30,12,6,3,2,Low,Python,https://github.com/alejandroayalad/trinity/blob/014f3064689ff8f8fda6be264d9bb17c46497989/backend/src/trinity/adapters/docker.py#L19-L30
Tests,backend/tests/test_preview_unit.py,PreviewInputTests.test_role_and_public_name_matrix,99,110,12,6,3,2,Low,Python,https://github.com/alejandroayalad/trinity/blob/014f3064689ff8f8fda6be264d9bb17c46497989/backend/tests/test_preview_unit.py#L99-L110
Tests,backend/tests/test_validate.py,ValidationTests.test_s12_every_shared_or_individual_missing_day_fails,218,228,11,6,2,2,Low,Python,https://github.com/alejandroayalad/trinity/blob/014f3064689ff8f8fda6be264d9bb17c46497989/backend/tests/test_validate.py#L218-L228
Tests,backend/tests/test_validate.py,ValidationTests.test_s13_missing_counterpart_groups_fail_in_both_directions,247,257,11,6,1,2,Low,Python,https://github.com/alejandroayalad/trinity/blob/014f3064689ff8f8fda6be264d9bb17c46497989/backend/tests/test_validate.py#L247-L257
Production,frontend/src/session/session.ts,parseStored,23,33,11,6,1,2,Low,TypeScript/JavaScript,https://github.com/alejandroayalad/trinity/blob/014f3064689ff8f8fda6be264d9bb17c46497989/frontend/src/session/session.ts#L23-L33
Production,backend/src/trinity/adapters/s3.py,StoredArtifact.encode,122,131,10,6,1,2,Low,Python,https://github.com/alejandroayalad/trinity/blob/014f3064689ff8f8fda6be264d9bb17c46497989/backend/src/trinity/adapters/s3.py#L122-L131
Production,backend/src/trinity/auth/check.py,check_catalog,23,32,10,6,1,2,Low,Python,https://github.com/alejandroayalad/trinity/blob/014f3064689ff8f8fda6be264d9bb17c46497989/backend/src/trinity/auth/check.py#L23-L32
Tests,backend/tests/test_validate.py,ValidationTests.test_source_identifier_order_does_not_impose_python_lexical_order,353,362,10,6,3,2,Low,Python,https://github.com/alejandroayalad/trinity/blob/014f3064689ff8f8fda6be264d9bb17c46497989/backend/tests/test_validate.py#L353-L362
Tests,frontend/src/lib/copy.test.ts,<callback@11>.<callback@12>,12,21,10,6,1,2,Low,TypeScript/JavaScript,https://github.com/alejandroayalad/trinity/blob/014f3064689ff8f8fda6be264d9bb17c46497989/frontend/src/lib/copy.test.ts#L12-L21
Production,frontend/src/session/SessionProvider.tsx,SessionProvider.<callback@72>.<callback@75>,75,84,10,6,1,2,Low,TypeScript/JavaScript,https://github.com/alejandroayalad/trinity/blob/014f3064689ff8f8fda6be264d9bb17c46497989/frontend/src/session/SessionProvider.tsx#L75-L84
Tests,frontend/tests/e2e/explorer-state.spec.ts,<callback@50>.<callback@53>,53,62,10,6,1,2,Low,TypeScript/JavaScript,https://github.com/alejandroayalad/trinity/blob/014f3064689ff8f8fda6be264d9bb17c46497989/frontend/tests/e2e/explorer-state.spec.ts#L53-L62
Production,frontend/src/pages/dashboard/Dashboard.tsx,previousLine,85,93,9,6,2,2,Low,TypeScript/JavaScript,https://github.com/alejandroayalad/trinity/blob/014f3064689ff8f8fda6be264d9bb17c46497989/frontend/src/pages/dashboard/Dashboard.tsx#L85-L93
Production,frontend/src/session/capabilities.tsx,RequireCapability,21,28,8,6,1,2,Low,TypeScript/JavaScript,https://github.com/alejandroayalad/trinity/blob/014f3064689ff8f8fda6be264d9bb17c46497989/frontend/src/session/capabilities.tsx#L21-L28
Production,frontend/src/lib/dates.ts,secondsBetween,111,117,7,6,1,2,Low,TypeScript/JavaScript,https://github.com/alejandroayalad/trinity/blob/014f3064689ff8f8fda6be264d9bb17c46497989/frontend/src/lib/dates.ts#L111-L117
Tests,backend/tests/publication_fixture.py,PublicationFixture.command,47,52,6,6,1,2,Low,Python,https://github.com/alejandroayalad/trinity/blob/014f3064689ff8f8fda6be264d9bb17c46497989/backend/tests/publication_fixture.py#L47-L52
Production,backend/src/trinity/queries/runtime/sql_policy.py,_Policy.column,158,162,5,6,1,2,Low,Python,https://github.com/alejandroayalad/trinity/blob/014f3064689ff8f8fda6be264d9bb17c46497989/backend/src/trinity/queries/runtime/sql_policy.py#L158-L162
Production,frontend/src/pages/catalog/TableView.tsx,DatasetTable.<callback@68>,68,70,3,6,1,2,Low,TypeScript/JavaScript,https://github.com/alejandroayalad/trinity/blob/014f3064689ff8f8fda6be264d9bb17c46497989/frontend/src/pages/catalog/TableView.tsx#L68-L70
Production,frontend/src/pages/dashboard/Dashboard.tsx,DashboardData.<callback@130>,130,130,1,6,1,2,Low,TypeScript/JavaScript,https://github.com/alejandroayalad/trinity/blob/014f3064689ff8f8fda6be264d9bb17c46497989/frontend/src/pages/dashboard/Dashboard.tsx#L130-L130
Production,frontend/src/pages/shared.tsx,DataTable.<callback@81>,81,81,1,6,1,2,Low,TypeScript/JavaScript,https://github.com/alejandroayalad/trinity/blob/014f3064689ff8f8fda6be264d9bb17c46497989/frontend/src/pages/shared.tsx#L81-L81
Production,backend/src/trinity/connector/__main__.py,main,15,64,50,5,1,2,Low,Python,https://github.com/alejandroayalad/trinity/blob/014f3064689ff8f8fda6be264d9bb17c46497989/backend/src/trinity/connector/__main__.py#L15-L64
Tests,backend/tests/test_query_guarantees.py,QueryGuaranteeTests.test_v1_reader_survives_v2_publication_and_other_request_cleanup,91,134,44,5,2,2,Low,Python,https://github.com/alejandroayalad/trinity/blob/014f3064689ff8f8fda6be264d9bb17c46497989/backend/tests/test_query_guarantees.py#L91-L134
Tools and migrations,scripts/profile_query_evidence.py,main,167,208,42,5,2,2,Low,Python,https://github.com/alejandroayalad/trinity/blob/014f3064689ff8f8fda6be264d9bb17c46497989/scripts/profile_query_evidence.py#L167-L208
Production,frontend/src/components/overlay/useFocusTrap.ts,useFocusTrap.<callback@23>,23,60,38,5,1,2,Low,TypeScript/JavaScript,https://github.com/alejandroayalad/trinity/blob/014f3064689ff8f8fda6be264d9bb17c46497989/frontend/src/components/overlay/useFocusTrap.ts#L23-L60
Production,backend/src/trinity/connector/client.py,EIAClient._fetch_all,371,405,35,5,1,2,Low,Python,https://github.com/alejandroayalad/trinity/blob/014f3064689ff8f8fda6be264d9bb17c46497989/backend/src/trinity/connector/client.py#L371-L405
Production,backend/src/trinity/connector/prepare.py,main,388,422,35,5,1,2,Low,Python,https://github.com/alejandroayalad/trinity/blob/014f3064689ff8f8fda6be264d9bb17c46497989/backend/src/trinity/connector/prepare.py#L388-L422
Production,backend/src/trinity/refresh/registration.py,CandidateRegistration.register,146,178,33,5,2,2,Low,Python,https://github.com/alejandroayalad/trinity/blob/014f3064689ff8f8fda6be264d9bb17c46497989/backend/src/trinity/refresh/registration.py#L146-L178
Tests,backend/tests/test_validate.py,ValidationTests.test_s10_facility_total_mismatch_is_info_only,177,207,31,5,3,2,Low,Python,https://github.com/alejandroayalad/trinity/blob/014f3064689ff8f8fda6be264d9bb17c46497989/backend/tests/test_validate.py#L177-L207
Tests,backend/tests/test_parquet.py,evidence,56,85,30,5,2,2,Low,Python,https://github.com/alejandroayalad/trinity/blob/014f3064689ff8f8fda6be264d9bb17c46497989/backend/tests/test_parquet.py#L56-L85
Production,frontend/src/shell/ContextBar.tsx,ContextBar,14,43,30,5,1,2,Low,TypeScript/JavaScript,https://github.com/alejandroayalad/trinity/blob/014f3064689ff8f8fda6be264d9bb17c46497989/frontend/src/shell/ContextBar.tsx#L14-L43
Tests,backend/tests/test_settings_postgres.py,SettingsPostgresTests.http,185,211,27,5,2,2,Low,Python,https://github.com/alejandroayalad/trinity/blob/014f3064689ff8f8fda6be264d9bb17c46497989/backend/tests/test_settings_postgres.py#L185-L211
Tests,backend/tests/test_dashboard_runtime.py,DashboardRuntimeTests.test_real_http_disconnect_stops_national_container,290,315,26,5,2,2,Low,Python,https://github.com/alejandroayalad/trinity/blob/014f3064689ff8f8fda6be264d9bb17c46497989/backend/tests/test_dashboard_runtime.py#L290-L315
Production,backend/src/trinity/contracts/manifest.py,read_manifest,211,235,25,5,1,2,Low,Python,https://github.com/alejandroayalad/trinity/blob/014f3064689ff8f8fda6be264d9bb17c46497989/backend/src/trinity/contracts/manifest.py#L211-L235
Production,backend/src/trinity/main.py,create_app.lifespan,43,66,24,5,2,2,Low,Python,https://github.com/alejandroayalad/trinity/blob/014f3064689ff8f8fda6be264d9bb17c46497989/backend/src/trinity/main.py#L43-L66
Production,backend/src/trinity/queries/cursors.py,CursorCodec.encode,118,140,23,5,1,2,Low,Python,https://github.com/alejandroayalad/trinity/blob/014f3064689ff8f8fda6be264d9bb17c46497989/backend/src/trinity/queries/cursors.py#L118-L140
Production,backend/src/trinity/refresh/service.py,RefreshService.detail,131,153,23,5,1,2,Low,Python,https://github.com/alejandroayalad/trinity/blob/014f3064689ff8f8fda6be264d9bb17c46497989/backend/src/trinity/refresh/service.py#L131-L153
Production,backend/src/trinity/refresh/dispatch.py,DispatchService.claim,37,58,22,5,1,2,Low,Python,https://github.com/alejandroayalad/trinity/blob/014f3064689ff8f8fda6be264d9bb17c46497989/backend/src/trinity/refresh/dispatch.py#L37-L58
Tests,backend/tests/test_dashboard_postgres.py,DashboardPostgresTests.test_http_identity_shape_semantic_and_absent_publication_debits,63,84,22,5,1,2,Low,Python,https://github.com/alejandroayalad/trinity/blob/014f3064689ff8f8fda6be264d9bb17c46497989/backend/tests/test_dashboard_postgres.py#L63-L84
Tests,backend/tests/test_parquet.py,FreezeFilesTests.test_s21_symlink_files_directories_and_output_root_are_rejected,299,320,22,5,3,2,Low,Python,https://github.com/alejandroayalad/trinity/blob/014f3064689ff8f8fda6be264d9bb17c46497989/backend/tests/test_parquet.py#L299-L320
Production,backend/src/trinity/settings/schedule.py,next_check,128,148,21,5,2,2,Low,Python,https://github.com/alejandroayalad/trinity/blob/014f3064689ff8f8fda6be264d9bb17c46497989/backend/src/trinity/settings/schedule.py#L128-L148
Production,backend/src/trinity/workers/scheduler.py,run,162,182,21,5,2,2,Low,Python,https://github.com/alejandroayalad/trinity/blob/014f3064689ff8f8fda6be264d9bb17c46497989/backend/src/trinity/workers/scheduler.py#L162-L182
Tests,backend/tests/live_eia.py,LiveEIATests.test_paginated_counts_for_each_route,30,50,21,5,2,2,Low,Python,https://github.com/alejandroayalad/trinity/blob/014f3064689ff8f8fda6be264d9bb17c46497989/backend/tests/live_eia.py#L30-L50
Tests,backend/tests/test_findings_report.py,probe_sources,32,52,21,5,2,2,Low,Python,https://github.com/alejandroayalad/trinity/blob/014f3064689ff8f8fda6be264d9bb17c46497989/backend/tests/test_findings_report.py#L32-L52
Tests,backend/tests/test_preview_runtime.py,PreviewRuntimeTests.test_real_http_disconnect_stops_its_container,328,348,21,5,2,2,Low,Python,https://github.com/alejandroayalad/trinity/blob/014f3064689ff8f8fda6be264d9bb17c46497989/backend/tests/test_preview_runtime.py#L328-L348
Tests,backend/tests/test_retrieval.py,CommandTests.test_success_and_failure_exit_codes_with_saved_attempts,243,262,20,5,2,2,Low,Python,https://github.com/alejandroayalad/trinity/blob/014f3064689ff8f8fda6be264d9bb17c46497989/backend/tests/test_retrieval.py#L243-L262
Tests,backend/tests/test_dashboard_postgres.py,mixed_prepare,24,42,19,5,2,2,Low,Python,https://github.com/alejandroayalad/trinity/blob/014f3064689ff8f8fda6be264d9bb17c46497989/backend/tests/test_dashboard_postgres.py#L24-L42
Tests,backend/tests/test_refresh_postgres.py,RefreshPostgresTests.publish_registered,75,93,19,5,1,2,Low,Python,https://github.com/alejandroayalad/trinity/blob/014f3064689ff8f8fda6be264d9bb17c46497989/backend/tests/test_refresh_postgres.py#L75-L93
Tests,backend/tests/test_validate.py,ValidationTests.test_s36_cancel_between_checks_or_during_diagnostics_retains_journal,514,532,19,5,1,2,Low,Python,https://github.com/alejandroayalad/trinity/blob/014f3064689ff8f8fda6be264d9bb17c46497989/backend/tests/test_validate.py#L514-L532
Tests,backend/tests/test_dashboard_unit.py,DashboardSchemaTests.test_metric_pattern_and_reason_pairing,216,232,17,5,1,2,Low,Python,https://github.com/alejandroayalad/trinity/blob/014f3064689ff8f8fda6be264d9bb17c46497989/backend/tests/test_dashboard_unit.py#L216-L232
Tests,backend/tests/test_eia_retries.py,RetryTests.test_permanent_failure_stops_immediately_even_after_a_retry,83,99,17,5,3,2,Low,Python,https://github.com/alejandroayalad/trinity/blob/014f3064689ff8f8fda6be264d9bb17c46497989/backend/tests/test_eia_retries.py#L83-L99
Tests,backend/tests/test_parquet.py,FreezeFilesTests.test_s19_concurrent_reservations_have_one_winner,224,240,17,5,2,2,Low,Python,https://github.com/alejandroayalad/trinity/blob/014f3064689ff8f8fda6be264d9bb17c46497989/backend/tests/test_parquet.py#L224-L240
Tests,backend/tests/test_preview_postgres.py,prepare_in_process,30,46,17,5,2,2,Low,Python,https://github.com/alejandroayalad/trinity/blob/014f3064689ff8f8fda6be264d9bb17c46497989/backend/tests/test_preview_postgres.py#L30-L46
Production,backend/src/trinity/workers/__main__.py,main,74,89,16,5,1,2,Low,Python,https://github.com/alejandroayalad/trinity/blob/014f3064689ff8f8fda6be264d9bb17c46497989/backend/src/trinity/workers/__main__.py#L74-L89
Tests,backend/tests/test_evidence_cache.py,EvidenceCacheTests.test_concurrent_cold_reads_verify_and_download_once_including_other_datasets,179,194,16,5,0,2,Low,Python,https://github.com/alejandroayalad/trinity/blob/014f3064689ff8f8fda6be264d9bb17c46497989/backend/tests/test_evidence_cache.py#L179-L194
Tools and migrations,scripts/measure_dashboard_http.mjs,summarize,103,118,16,5,2,2,Low,TypeScript/JavaScript,https://github.com/alejandroayalad/trinity/blob/014f3064689ff8f8fda6be264d9bb17c46497989/scripts/measure_dashboard_http.mjs#L103-L118
Production,backend/src/trinity/connector/validate.py,_Journal.save_result,658,672,15,5,1,2,Low,Python,https://github.com/alejandroayalad/trinity/blob/014f3064689ff8f8fda6be264d9bb17c46497989/backend/src/trinity/connector/validate.py#L658-L672
Production,backend/src/trinity/publication/recovery.py,PublicationRecovery.snapshot,24,38,15,5,1,2,Low,Python,https://github.com/alejandroayalad/trinity/blob/014f3064689ff8f8fda6be264d9bb17c46497989/backend/src/trinity/publication/recovery.py#L24-L38
Tests,backend/tests/test_publication_postgres.py,PublicationPostgresTests.test_automatic_storage_retry_succeeds_with_fresh_complete_verification,334,348,15,5,0,2,Low,Python,https://github.com/alejandroayalad/trinity/blob/014f3064689ff8f8fda6be264d9bb17c46497989/backend/tests/test_publication_postgres.py#L334-L348
Tests,backend/tests/test_s3.py,MemoryS3.put_object,64,78,15,5,1,2,Low,Python,https://github.com/alejandroayalad/trinity/blob/014f3064689ff8f8fda6be264d9bb17c46497989/backend/tests/test_s3.py#L64-L78
Production,frontend/src/components/layout/PageHeader.tsx,PageHeader,19,33,15,5,1,2,Low,TypeScript/JavaScript,https://github.com/alejandroayalad/trinity/blob/014f3064689ff8f8fda6be264d9bb17c46497989/frontend/src/components/layout/PageHeader.tsx#L19-L33
Production,backend/src/trinity/adapters/s3.py,StoredArtifact.from_bytes,107,120,14,5,2,2,Low,Python,https://github.com/alejandroayalad/trinity/blob/014f3064689ff8f8fda6be264d9bb17c46497989/backend/src/trinity/adapters/s3.py#L107-L120
Production,backend/src/trinity/auth/passwords.py,_verify,23,36,14,5,1,2,Low,Python,https://github.com/alejandroayalad/trinity/blob/014f3064689ff8f8fda6be264d9bb17c46497989/backend/src/trinity/auth/passwords.py#L23-L36
Tests,backend/tests/test_validate.py,reconciled,39,52,14,5,3,2,Low,Python,https://github.com/alejandroayalad/trinity/blob/014f3064689ff8f8fda6be264d9bb17c46497989/backend/tests/test_validate.py#L39-L52
Production,backend/src/trinity/dashboard/calculation.py,resolve_range,90,102,13,5,1,2,Low,Python,https://github.com/alejandroayalad/trinity/blob/014f3064689ff8f8fda6be264d9bb17c46497989/backend/src/trinity/dashboard/calculation.py#L90-L102
Production,backend/src/trinity/dashboard/service.py,NationalService._execute,111,123,13,5,1,2,Low,Python,https://github.com/alejandroayalad/trinity/blob/014f3064689ff8f8fda6be264d9bb17c46497989/backend/src/trinity/dashboard/service.py#L111-L123
Tests,backend/tests/test_validate.py,ValidationTests.test_s29_warning_count_counts_summaries_not_rows,446,458,13,5,2,2,Low,Python,https://github.com/alejandroayalad/trinity/blob/014f3064689ff8f8fda6be264d9bb17c46497989/backend/tests/test_validate.py#L446-L458
Tests,frontend/tests/e2e/fidelity-fixtures.ts,me,37,49,13,5,2,2,Low,TypeScript/JavaScript,https://github.com/alejandroayalad/trinity/blob/014f3064689ff8f8fda6be264d9bb17c46497989/frontend/tests/e2e/fidelity-fixtures.ts#L37-L49
Production,backend/src/trinity/refresh/evidence.py,_results,40,51,12,5,2,2,Low,Python,https://github.com/alejandroayalad/trinity/blob/014f3064689ff8f8fda6be264d9bb17c46497989/backend/src/trinity/refresh/evidence.py#L40-L51
Tests,backend/tests/postgres_fixture.py,PostgresFixture.setUpClass,29,40,12,5,1,2,Low,Python,https://github.com/alejandroayalad/trinity/blob/014f3064689ff8f8fda6be264d9bb17c46497989/backend/tests/postgres_fixture.py#L29-L40
Tests,backend/tests/test_catalog_unit.py,CatalogTests.assert_object,100,111,12,5,2,2,Low,Python,https://github.com/alejandroayalad/trinity/blob/014f3064689ff8f8fda6be264d9bb17c46497989/backend/tests/test_catalog_unit.py#L100-L111
Tests,backend/tests/test_refresh_candidates.py,CandidateContractTests.test_candidate_models_keep_all_canonical_fields_and_null_slots,449,460,12,5,2,2,Low,Python,https://github.com/alejandroayalad/trinity/blob/014f3064689ff8f8fda6be264d9bb17c46497989/backend/tests/test_refresh_candidates.py#L449-L460
Tests,backend/tests/test_validate.py,ValidationTests.test_s14_membership_addition_passes_without_fabricating_prior_rows,259,270,12,5,1,2,Low,Python,https://github.com/alejandroayalad/trinity/blob/014f3064689ff8f8fda6be264d9bb17c46497989/backend/tests/test_validate.py#L259-L270
Production,frontend/src/lib/dates.ts,parseCalendarDate,29,40,12,5,1,2,Low,TypeScript/JavaScript,https://github.com/alejandroayalad/trinity/blob/014f3064689ff8f8fda6be264d9bb17c46497989/frontend/src/lib/dates.ts#L29-L40
Production,backend/src/trinity/auth/dependencies.py,bearer_token,9,19,11,5,1,2,Low,Python,https://github.com/alejandroayalad/trinity/blob/014f3064689ff8f8fda6be264d9bb17c46497989/backend/src/trinity/auth/dependencies.py#L9-L19
Production,backend/src/trinity/connector/validate.py,_reconcile,445,455,11,5,1,2,Low,Python,https://github.com/alejandroayalad/trinity/blob/014f3064689ff8f8fda6be264d9bb17c46497989/backend/src/trinity/connector/validate.py#L445-L455
Production,backend/src/trinity/queries/cursors.py,resolve_continuation,181,191,11,5,1,2,Low,Python,https://github.com/alejandroayalad/trinity/blob/014f3064689ff8f8fda6be264d9bb17c46497989/backend/src/trinity/queries/cursors.py#L181-L191
Production,backend/src/trinity/queries/preview.py,resolve_preview,148,158,11,5,1,2,Low,Python,https://github.com/alejandroayalad/trinity/blob/014f3064689ff8f8fda6be264d9bb17c46497989/backend/src/trinity/queries/preview.py#L148-L158
Tests,backend/tests/test_refresh_recovery_runtime.py,RecoveryPublicationTests.test_crashed_publisher_abandonment_rejects_old_commit,368,378,11,5,0,2,Low,Python,https://github.com/alejandroayalad/trinity/blob/014f3064689ff8f8fda6be264d9bb17c46497989/backend/tests/test_refresh_recovery_runtime.py#L368-L378
Production,frontend/src/lib/decimal.ts,toPlainText,158,168,11,5,1,2,Low,TypeScript/JavaScript,https://github.com/alejandroayalad/trinity/blob/014f3064689ff8f8fda6be264d9bb17c46497989/frontend/src/lib/decimal.ts#L158-L168
Production,frontend/src/pages/refresh/Refresh.tsx,useCommand.execute,39,49,11,5,2,2,Low,TypeScript/JavaScript,https://github.com/alejandroayalad/trinity/blob/014f3064689ff8f8fda6be264d9bb17c46497989/frontend/src/pages/refresh/Refresh.tsx#L39-L49
Tests,backend/tests/test_findings_report.py,FindingsReportTests.test_exact_decimal_reconciliation_and_tiny_mismatch,56,65,10,5,0,2,Low,Python,https://github.com/alejandroayalad/trinity/blob/014f3064689ff8f8fda6be264d9bb17c46497989/backend/tests/test_findings_report.py#L56-L65
Tests,backend/tests/test_parquet.py,FreezeFilesTests.test_s19_existing_version_is_never_repaired,202,211,10,5,0,2,Low,Python,https://github.com/alejandroayalad/trinity/blob/014f3064689ff8f8fda6be264d9bb17c46497989/backend/tests/test_parquet.py#L202-L211
Tests,backend/tests/test_preview_unit.py,PreviewInputTests.test_identifier_and_cursor_primitive_bounds,139,148,10,5,2,2,Low,Python,https://github.com/alejandroayalad/trinity/blob/014f3064689ff8f8fda6be264d9bb17c46497989/backend/tests/test_preview_unit.py#L139-L148
Tests,backend/tests/test_refresh_recovery_service.py,RecoveryServiceTests.test_stale_revision_setup_and_ineligible_state_have_no_mutation,192,201,10,5,2,2,Low,Python,https://github.com/alejandroayalad/trinity/blob/014f3064689ff8f8fda6be264d9bb17c46497989/backend/tests/test_refresh_recovery_service.py#L192-L201
Production,backend/src/trinity/settings/schemas.py,ScheduleStatus.consistent_fields,70,78,9,5,1,2,Low,Python,https://github.com/alejandroayalad/trinity/blob/014f3064689ff8f8fda6be264d9bb17c46497989/backend/src/trinity/settings/schemas.py#L70-L78
Tests,backend/tests/test_preview_engine.py,RuntimeProtocolTests.test_sql_and_preview_dispatch_preserve_bindings,131,139,9,5,2,2,Low,Python,https://github.com/alejandroayalad/trinity/blob/014f3064689ff8f8fda6be264d9bb17c46497989/backend/tests/test_preview_engine.py#L131-L139
Tests,backend/tests/test_refresh_recovery_runtime.py,RecoveryRuntimeTests.test_rerun_and_delete_have_one_winner,64,72,9,5,1,2,Low,Python,https://github.com/alejandroayalad/trinity/blob/014f3064689ff8f8fda6be264d9bb17c46497989/backend/tests/test_refresh_recovery_runtime.py#L64-L72
Tests,backend/tests/test_validate.py,ValidationTests.test_existing_connector_retries_feed_successful_validation_offline.reply,665,673,9,5,1,2,Low,Python,https://github.com/alejandroayalad/trinity/blob/014f3064689ff8f8fda6be264d9bb17c46497989/backend/tests/test_validate.py#L665-L673
Production,frontend/src/pages/shared.tsx,DataTable,75,83,9,5,1,2,Low,TypeScript/JavaScript,https://github.com/alejandroayalad/trinity/blob/014f3064689ff8f8fda6be264d9bb17c46497989/frontend/src/pages/shared.tsx#L75-L83
Tools and migrations,scripts/generate_report.py,grouped_totals,98,106,9,5,2,2,Low,Python,https://github.com/alejandroayalad/trinity/blob/014f3064689ff8f8fda6be264d9bb17c46497989/scripts/generate_report.py#L98-L106
Production,backend/src/trinity/publication/diagnostics.py,read_verified_diagnostics.summary,93,100,8,5,1,2,Low,Python,https://github.com/alejandroayalad/trinity/blob/014f3064689ff8f8fda6be264d9bb17c46497989/backend/src/trinity/publication/diagnostics.py#L93-L100
Production,frontend/src/api/client.ts,buildUrl,105,112,8,5,2,2,Low,TypeScript/JavaScript,https://github.com/alejandroayalad/trinity/blob/014f3064689ff8f8fda6be264d9bb17c46497989/frontend/src/api/client.ts#L105-L112
Production,frontend/src/session/SessionProvider.tsx,SessionProvider.retryStartup,64,71,8,5,2,2,Low,TypeScript/JavaScript,https://github.com/alejandroayalad/trinity/blob/014f3064689ff8f8fda6be264d9bb17c46497989/frontend/src/session/SessionProvider.tsx#L64-L71
Production,backend/src/trinity/queries/runtime/sql_policy.py,_Policy.normalize.grouped_expression.visit,323,329,7,5,1,2,Low,Python,https://github.com/alejandroayalad/trinity/blob/014f3064689ff8f8fda6be264d9bb17c46497989/backend/src/trinity/queries/runtime/sql_policy.py#L323-L329
Tests,backend/tests/test_findings_report.py,FindingsReportTests.test_missing_zero_group_is_not_a_match,75,81,7,5,0,2,Low,Python,https://github.com/alejandroayalad/trinity/blob/014f3064689ff8f8fda6be264d9bb17c46497989/backend/tests/test_findings_report.py#L75-L81
Tests,backend/tests/test_refresh_recovery_runtime.py,RecoveryRuntimeTests.test_socket_response_loss_replays_committed_result.lose_response.intercept,180,186,7,5,1,2,Low,Python,https://github.com/alejandroayalad/trinity/blob/014f3064689ff8f8fda6be264d9bb17c46497989/backend/tests/test_refresh_recovery_runtime.py#L180-L186
Production,frontend/src/pages/refresh/Refresh.tsx,RunPage.queryFn,127,132,6,5,3,2,Low,TypeScript/JavaScript,https://github.com/alejandroayalad/trinity/blob/014f3064689ff8f8fda6be264d9bb17c46497989/frontend/src/pages/refresh/Refresh.tsx#L127-L132
Production,frontend/src/pages/shared.tsx,Share,58,63,6,5,1,2,Low,TypeScript/JavaScript,https://github.com/alejandroayalad/trinity/blob/014f3064689ff8f8fda6be264d9bb17c46497989/frontend/src/pages/shared.tsx#L58-L63
Production,backend/src/trinity/connector/validate.py,_unique_keys,385,389,5,5,0,2,Low,Python,https://github.com/alejandroayalad/trinity/blob/014f3064689ff8f8fda6be264d9bb17c46497989/backend/src/trinity/connector/validate.py#L385-L389
Production,backend/src/trinity/dashboard/schemas.py,_NationalResponse.national_diagnostics,111,115,5,5,1,2,Low,Python,https://github.com/alejandroayalad/trinity/blob/014f3064689ff8f8fda6be264d9bb17c46497989/backend/src/trinity/dashboard/schemas.py#L111-L115
Production,frontend/src/pages/catalog/TableView.tsx,DatasetTable.applyDates,49,52,4,5,1,2,Low,TypeScript/JavaScript,https://github.com/alejandroayalad/trinity/blob/014f3064689ff8f8fda6be264d9bb17c46497989/frontend/src/pages/catalog/TableView.tsx#L49-L52
Production,frontend/src/pages/dashboard/Dashboard.tsx,Value,32,35,4,5,1,2,Low,TypeScript/JavaScript,https://github.com/alejandroayalad/trinity/blob/014f3064689ff8f8fda6be264d9bb17c46497989/frontend/src/pages/dashboard/Dashboard.tsx#L32-L35
Production,frontend/src/pages/dashboard/Sparkline.tsx,Sparkline.<callback@24>,24,27,4,5,1,2,Low,TypeScript/JavaScript,https://github.com/alejandroayalad/trinity/blob/014f3064689ff8f8fda6be264d9bb17c46497989/frontend/src/pages/dashboard/Sparkline.tsx#L24-L27
Tests,backend/tests/test_evidence_cache.py,EvidenceCacheTests.read,65,67,3,5,0,2,Low,Python,https://github.com/alejandroayalad/trinity/blob/014f3064689ff8f8fda6be264d9bb17c46497989/backend/tests/test_evidence_cache.py#L65-L67
Tests,frontend/src/pages/pages.test.tsx,<callback@176>,176,214,39,4,1,2,Low,TypeScript/JavaScript,https://github.com/alejandroayalad/trinity/blob/014f3064689ff8f8fda6be264d9bb17c46497989/frontend/src/pages/pages.test.tsx#L176-L214
Tests,backend/tests/test_evidence_cache.py,WarmEvidenceAdmissionTests.test_warm_evidence_does_not_skip_current_authority_pin_rate_or_capacity,309,346,38,4,1,2,Low,Python,https://github.com/alejandroayalad/trinity/blob/014f3064689ff8f8fda6be264d9bb17c46497989/backend/tests/test_evidence_cache.py#L309-L346
Tests,backend/tests/test_auth_rotate.py,RotatePostgresTests.test_refused_requests_write_nothing,103,139,37,4,2,2,Low,Python,https://github.com/alejandroayalad/trinity/blob/014f3064689ff8f8fda6be264d9bb17c46497989/backend/tests/test_auth_rotate.py#L103-L139
Production,frontend/src/shell/Sidebar.tsx,Sidebar,24,60,37,4,0,2,Low,TypeScript/JavaScript,https://github.com/alejandroayalad/trinity/blob/014f3064689ff8f8fda6be264d9bb17c46497989/frontend/src/shell/Sidebar.tsx#L24-L60
Tests,backend/tests/test_dashboard_runtime.py,DashboardRuntimeTests.test_pinned_reader_survives_new_publication_and_newer_failed_refresh,115,150,36,4,2,2,Low,Python,https://github.com/alejandroayalad/trinity/blob/014f3064689ff8f8fda6be264d9bb17c46497989/backend/tests/test_dashboard_runtime.py#L115-L150
Tests,backend/tests/test_eia_client.py,EIAClientTests.test_api_body_errors_and_malformed_pages_are_rejected,171,206,36,4,1,2,Low,Python,https://github.com/alejandroayalad/trinity/blob/014f3064689ff8f8fda6be264d9bb17c46497989/backend/tests/test_eia_client.py#L171-L206
Tests,backend/tests/test_preview_provenance.py,frozen_fixture,23,58,36,4,0,2,Low,Python,https://github.com/alejandroayalad/trinity/blob/014f3064689ff8f8fda6be264d9bb17c46497989/backend/tests/test_preview_provenance.py#L23-L58
Tests,backend/tests/test_refresh_dispatch.py,DispatchTests.test_queue_loss_and_retained_completed_job_use_new_generation.scenario,81,115,35,4,2,2,Low,Python,https://github.com/alejandroayalad/trinity/blob/014f3064689ff8f8fda6be264d9bb17c46497989/backend/tests/test_refresh_dispatch.py#L81-L115
Tests,backend/tests/test_preview_lifecycle.py,PreviewLifecycleTests.setUp,29,62,34,4,1,2,Low,Python,https://github.com/alejandroayalad/trinity/blob/014f3064689ff8f8fda6be264d9bb17c46497989/backend/tests/test_preview_lifecycle.py#L29-L62
Tests,backend/tests/test_refresh_recovery_runtime.py,RecoveryRuntimeTests.test_socket_response_loss_replays_committed_result,173,205,33,4,1,2,Low,Python,https://github.com/alejandroayalad/trinity/blob/014f3064689ff8f8fda6be264d9bb17c46497989/backend/tests/test_refresh_recovery_runtime.py#L173-L205
Tools and migrations,deploy/check_web.py,WebRoutingChecks.setUpClass,53,85,33,4,2,2,Low,Python,https://github.com/alejandroayalad/trinity/blob/014f3064689ff8f8fda6be264d9bb17c46497989/deploy/check_web.py#L53-L85
Tools and migrations,scripts/trinity_function_audit.py,html_report,217,249,33,4,1,2,Low,Python,https://github.com/alejandroayalad/trinity/blob/014f3064689ff8f8fda6be264d9bb17c46497989/scripts/trinity_function_audit.py#L217-L249
Production,backend/src/trinity/refresh/repository.py,abandon_failed,115,146,32,4,1,2,Low,Python,https://github.com/alejandroayalad/trinity/blob/014f3064689ff8f8fda6be264d9bb17c46497989/backend/src/trinity/refresh/repository.py#L115-L146
Tests,backend/tests/refresh_fixture.py,stored_result,12,43,32,4,1,2,Low,Python,https://github.com/alejandroayalad/trinity/blob/014f3064689ff8f8fda6be264d9bb17c46497989/backend/tests/refresh_fixture.py#L12-L43
Tests,backend/tests/test_dashboard_runtime.py,DashboardRuntimeTests.test_supervisor_crash_holds_slot_until_natural_expiry_and_recovery,317,348,32,4,2,2,Low,Python,https://github.com/alejandroayalad/trinity/blob/014f3064689ff8f8fda6be264d9bb17c46497989/backend/tests/test_dashboard_runtime.py#L317-L348
Tests,backend/tests/test_settings_postgres.py,SettingsPostgresTests.test_operator_schedule_check_on_a_database_at_migration_0002,232,263,32,4,1,2,Low,Python,https://github.com/alejandroayalad/trinity/blob/014f3064689ff8f8fda6be264d9bb17c46497989/backend/tests/test_settings_postgres.py#L232-L263
Tests,backend/tests/test_refresh_dispatch.py,DispatchTests.test_crash_before_and_after_enqueue_stale_ack_and_duplicate_claim.scenario,48,77,30,4,2,2,Low,Python,https://github.com/alejandroayalad/trinity/blob/014f3064689ff8f8fda6be264d9bb17c46497989/backend/tests/test_refresh_dispatch.py#L48-L77
Tests,frontend/tests/e2e/data.spec.ts,<callback@69>,69,97,29,4,0,2,Low,TypeScript/JavaScript,https://github.com/alejandroayalad/trinity/blob/014f3064689ff8f8fda6be264d9bb17c46497989/frontend/tests/e2e/data.spec.ts#L69-L97
Production,backend/src/trinity/auth/repository.py,reserve_login,46,73,28,4,2,2,Low,Python,https://github.com/alejandroayalad/trinity/blob/014f3064689ff8f8fda6be264d9bb17c46497989/backend/src/trinity/auth/repository.py#L46-L73
Tests,backend/tests/test_parquet.py,ManifestIdentityTests.test_s18_entry_order_and_all_covered_values,436,463,28,4,2,2,Low,Python,https://github.com/alejandroayalad/trinity/blob/014f3064689ff8f8fda6be264d9bb17c46497989/backend/tests/test_parquet.py#L436-L463
Tests,backend/tests/test_catalog_unit.py,CatalogTests.test_current_role_and_shared_policy_without_response_mutation,181,199,19,4,3,2,Low,Python,https://github.com/alejandroayalad/trinity/blob/014f3064689ff8f8fda6be264d9bb17c46497989/backend/tests/test_catalog_unit.py#L181-L199
Tests,backend/tests/test_normalize.py,DatasetSchemaTests.test_all_null_optional_columns_remain_typed_in_arrow,74,88,15,4,3,2,Low,Python,https://github.com/alejandroayalad/trinity/blob/014f3064689ff8f8fda6be264d9bb17c46497989/backend/tests/test_normalize.py#L74-L88
Tests,backend/tests/test_normalize.py,NormalizationTests.test_overflow_and_nonzero_seventh_digit_fail_for_every_measurement,220,234,15,4,3,2,Low,Python,https://github.com/alejandroayalad/trinity/blob/014f3064689ff8f8fda6be264d9bb17c46497989/backend/tests/test_normalize.py#L220-L234
Tests,backend/tests/test_sql_staging.py,bundle,24,38,15,4,3,2,Low,Python,https://github.com/alejandroayalad/trinity/blob/014f3064689ff8f8fda6be264d9bb17c46497989/backend/tests/test_sql_staging.py#L24-L38
Tests,backend/tests/test_dashboard_unit.py,DashboardSchemaTests.test_nested_extra_missing_fields_and_freshness_mismatch,234,247,14,4,3,2,Low,Python,https://github.com/alejandroayalad/trinity/blob/014f3064689ff8f8fda6be264d9bb17c46497989/backend/tests/test_dashboard_unit.py#L234-L247
Tests,backend/tests/test_catalog_unit.py,MetadataConnection.execute,42,52,11,4,3,2,Low,Python,https://github.com/alejandroayalad/trinity/blob/014f3064689ff8f8fda6be264d9bb17c46497989/backend/tests/test_catalog_unit.py#L42-L52
Tests,backend/tests/test_sql_policy.py,SqlPolicyTests.test_complete_review_matrix,16,23,8,4,3,2,Low,Python,https://github.com/alejandroayalad/trinity/blob/014f3064689ff8f8fda6be264d9bb17c46497989/backend/tests/test_sql_policy.py#L16-L23
Tests,backend/tests/test_eia_client.py,EIAClientTests.test_all_routes_use_one_transport_and_correct_parameters,60,107,48,3,2,2,Low,Python,https://github.com/alejandroayalad/trinity/blob/014f3064689ff8f8fda6be264d9bb17c46497989/backend/tests/test_eia_client.py#L60-L107
Tests,backend/tests/test_dashboard_runtime.py,DashboardRuntimeTests.test_national_mount_denies_detail_application_state_network_and_writes,176,220,45,3,0,2,Low,Python,https://github.com/alejandroayalad/trinity/blob/014f3064689ff8f8fda6be264d9bb17c46497989/backend/tests/test_dashboard_runtime.py#L176-L220
Tests,backend/tests/test_refresh_admission.py,AdmissionTests.test_loopback_http_commit_failure_acceptance_and_replay,181,220,40,3,2,2,Low,Python,https://github.com/alejandroayalad/trinity/blob/014f3064689ff8f8fda6be264d9bb17c46497989/backend/tests/test_refresh_admission.py#L181-L220
Tests,backend/tests/test_refresh_recovery_runtime.py,RecoveryRuntimeTests.test_queue_outage_then_real_redis_delivery_claims_rerun_once.scenario,214,251,38,3,2,2,Low,Python,https://github.com/alejandroayalad/trinity/blob/014f3064689ff8f8fda6be264d9bb17c46497989/backend/tests/test_refresh_recovery_runtime.py#L214-L251
Tests,frontend/tests/e2e/presentation.spec.ts,<callback@13>,13,48,36,3,2,2,Low,TypeScript/JavaScript,https://github.com/alejandroayalad/trinity/blob/014f3064689ff8f8fda6be264d9bb17c46497989/frontend/tests/e2e/presentation.spec.ts#L13-L48
Production,frontend/src/components/overlay/Dialog.tsx,ConfirmDialog,23,55,33,3,1,2,Low,TypeScript/JavaScript,https://github.com/alejandroayalad/trinity/blob/014f3064689ff8f8fda6be264d9bb17c46497989/frontend/src/components/overlay/Dialog.tsx#L23-L55
Tests,backend/tests/test_publication_postgres.py,PublicationPostgresTests.test_recorded_missing_mixed_and_approval_fail_closed,165,194,30,3,2,2,Low,Python,https://github.com/alejandroayalad/trinity/blob/014f3064689ff8f8fda6be264d9bb17c46497989/backend/tests/test_publication_postgres.py#L165-L194
Tools and migrations,scripts/profile_query_evidence.py,in_container,35,64,30,3,1,2,Low,Python,https://github.com/alejandroayalad/trinity/blob/014f3064689ff8f8fda6be264d9bb17c46497989/scripts/profile_query_evidence.py#L35-L64
Production,backend/src/trinity/publication/service.py,fail_stopped,39,66,28,3,1,2,Low,Python,https://github.com/alejandroayalad/trinity/blob/014f3064689ff8f8fda6be264d9bb17c46497989/backend/src/trinity/publication/service.py#L39-L66
Tests,backend/tests/test_eia_client.py,page_payload,24,49,26,3,1,2,Low,Python,https://github.com/alejandroayalad/trinity/blob/014f3064689ff8f8fda6be264d9bb17c46497989/backend/tests/test_eia_client.py#L24-L49
Tests,backend/tests/test_sql_postgres.py,QueryPostgresTests.test_expired_running_container_recovery_fences_and_releases,189,229,41,2,1,2,Low,Python,https://github.com/alejandroayalad/trinity/blob/014f3064689ff8f8fda6be264d9bb17c46497989/backend/tests/test_sql_postgres.py#L189-L229
Tests,backend/tests/test_publication_postgres.py,PublicationPostgresTests.test_each_final_write_rollback_and_lost_commit_response,124,163,40,2,1,2,Low,Python,https://github.com/alejandroayalad/trinity/blob/014f3064689ff8f8fda6be264d9bb17c46497989/backend/tests/test_publication_postgres.py#L124-L163
Tests,frontend/tests/e2e/data.spec.ts,<callback@5>,5,40,36,2,0,2,Low,TypeScript/JavaScript,https://github.com/alejandroayalad/trinity/blob/014f3064689ff8f8fda6be264d9bb17c46497989/frontend/tests/e2e/data.spec.ts#L5-L40
Tests,backend/tests/test_preview_runtime.py,PreviewRuntimeTests.test_preview_container_cannot_read_hidden_files_network_or_credentials,351,385,35,2,1,2,Low,Python,https://github.com/alejandroayalad/trinity/blob/014f3064689ff8f8fda6be264d9bb17c46497989/backend/tests/test_preview_runtime.py#L351-L385
Tests,backend/tests/test_validate.py,ValidationTests.test_s09_incomplete_or_unstable_source_proof_blocks,126,157,32,2,1,2,Low,Python,https://github.com/alejandroayalad/trinity/blob/014f3064689ff8f8fda6be264d9bb17c46497989/backend/tests/test_validate.py#L126-L157
Tests,backend/tests/test_query_guarantees.py,QueryGuaranteeTests.test_kill_and_delete_reply_loss_keep_capacity_until_confirmed_recovery,339,368,30,2,1,2,Low,Python,https://github.com/alejandroayalad/trinity/blob/014f3064689ff8f8fda6be264d9bb17c46497989/backend/tests/test_query_guarantees.py#L339-L368
Tests,backend/tests/test_settings_service.py,UpdateOrderTests.run_update,98,127,30,2,1,2,Low,Python,https://github.com/alejandroayalad/trinity/blob/014f3064689ff8f8fda6be264d9bb17c46497989/backend/tests/test_settings_service.py#L98-L127
Tests,backend/tests/test_preview_provenance.py,ProvenanceTests.test_existing_producer_bundle_is_read_without_rewriting_its_evidence,109,137,29,2,0,2,Low,Python,https://github.com/alejandroayalad/trinity/blob/014f3064689ff8f8fda6be264d9bb17c46497989/backend/tests/test_preview_provenance.py#L109-L137
Tests,backend/tests/test_evidence_compression.py,CompressionTests.test_chunked_streams_and_full_read_retry_reset_decoder_and_output,172,199,28,2,0,2,Low,Python,https://github.com/alejandroayalad/trinity/blob/014f3064689ff8f8fda6be264d9bb17c46497989/backend/tests/test_evidence_compression.py#L172-L199
Tests,backend/tests/test_refresh_recovery_postgres.py,RecoveryFixture.failure,50,77,28,2,1,2,Low,Python,https://github.com/alejandroayalad/trinity/blob/014f3064689ff8f8fda6be264d9bb17c46497989/backend/tests/test_refresh_recovery_postgres.py#L50-L77
Tools and migrations,scripts/trinity_function_audit.py,python_rows,94,121,28,2,1,2,Low,Python,https://github.com/alejandroayalad/trinity/blob/014f3064689ff8f8fda6be264d9bb17c46497989/scripts/trinity_function_audit.py#L94-L121
Tests,backend/tests/test_preview_check.py,PreviewCheckTests.run_check,27,53,27,2,1,2,Low,Python,https://github.com/alejandroayalad/trinity/blob/014f3064689ff8f8fda6be264d9bb17c46497989/backend/tests/test_preview_check.py#L27-L53
Tests,backend/tests/test_refresh_recovery_runtime.py,RecoveryPublicationTests.stopped_publisher,335,361,27,2,1,2,Low,Python,https://github.com/alejandroayalad/trinity/blob/014f3064689ff8f8fda6be264d9bb17c46497989/backend/tests/test_refresh_recovery_runtime.py#L335-L361
Production,frontend/src/components/controls/ShortId.tsx,ShortId,9,35,27,2,1,2,Low,TypeScript/JavaScript,https://github.com/alejandroayalad/trinity/blob/014f3064689ff8f8fda6be264d9bb17c46497989/frontend/src/components/controls/ShortId.tsx#L9-L35
Production,frontend/src/session/SessionProvider.tsx,SessionProvider.signOut,113,139,27,2,1,2,Low,TypeScript/JavaScript,https://github.com/alejandroayalad/trinity/blob/014f3064689ff8f8fda6be264d9bb17c46497989/frontend/src/session/SessionProvider.tsx#L113-L139
Production,backend/src/trinity/settings/service.py,schedule_status,165,190,26,2,1,2,Low,Python,https://github.com/alejandroayalad/trinity/blob/014f3064689ff8f8fda6be264d9bb17c46497989/backend/src/trinity/settings/service.py#L165-L190
Production,frontend/src/session/SessionProvider.tsx,SessionProvider.<callback@72>,72,97,26,2,1,2,Low,TypeScript/JavaScript,https://github.com/alejandroayalad/trinity/blob/014f3064689ff8f8fda6be264d9bb17c46497989/frontend/src/session/SessionProvider.tsx#L72-L97
Tests,frontend/tests/e2e/data.spec.ts,<callback@42>,42,67,26,2,0,2,Low,TypeScript/JavaScript,https://github.com/alejandroayalad/trinity/blob/014f3064689ff8f8fda6be264d9bb17c46497989/frontend/tests/e2e/data.spec.ts#L42-L67
Tests,backend/tests/test_publication_dispatch.py,PublicationDispatchTests.test_unacknowledged_enqueue_duplicate_consumption_and_lost_delivered_job,18,67,50,1,0,2,Low,Python,https://github.com/alejandroayalad/trinity/blob/014f3064689ff8f8fda6be264d9bb17c46497989/backend/tests/test_publication_dispatch.py#L18-L67
Tests,frontend/src/components/components.test.tsx,<callback@34>,34,83,50,1,0,2,Low,TypeScript/JavaScript,https://github.com/alejandroayalad/trinity/blob/014f3064689ff8f8fda6be264d9bb17c46497989/frontend/src/components/components.test.tsx#L34-L83
Tests,backend/tests/test_query_guarantees.py,QueryGuaranteeTests.test_start_between_stop_inspection_and_delete_retains_capacity,271,318,48,1,0,2,Low,Python,https://github.com/alejandroayalad/trinity/blob/014f3064689ff8f8fda6be264d9bb17c46497989/backend/tests/test_query_guarantees.py#L271-L318
Tests,backend/tests/test_refresh_recovery_runtime.py,RecoveryRuntimeTests.test_queue_outage_then_real_redis_delivery_claims_rerun_once,208,253,46,1,0,2,Low,Python,https://github.com/alejandroayalad/trinity/blob/014f3064689ff8f8fda6be264d9bb17c46497989/backend/tests/test_refresh_recovery_runtime.py#L208-L253
Production,frontend/src/components/overlay/useFocusTrap.ts,useFocusTrap,17,61,45,1,0,2,Low,TypeScript/JavaScript,https://github.com/alejandroayalad/trinity/blob/014f3064689ff8f8fda6be264d9bb17c46497989/frontend/src/components/overlay/useFocusTrap.ts#L17-L61
Tests,frontend/tests/e2e/explorer-state.spec.ts,<callback@50>,50,91,42,1,0,2,Low,TypeScript/JavaScript,https://github.com/alejandroayalad/trinity/blob/014f3064689ff8f8fda6be264d9bb17c46497989/frontend/tests/e2e/explorer-state.spec.ts#L50-L91
Tools and migrations,backend/migrations/versions/0003_query_admission.py,upgrade,10,48,39,1,0,2,Low,Python,https://github.com/alejandroayalad/trinity/blob/014f3064689ff8f8fda6be264d9bb17c46497989/backend/migrations/versions/0003_query_admission.py#L10-L48
Tests,frontend/src/components/components.test.tsx,<callback@120>,120,158,39,1,0,2,Low,TypeScript/JavaScript,https://github.com/alejandroayalad/trinity/blob/014f3064689ff8f8fda6be264d9bb17c46497989/frontend/src/components/components.test.tsx#L120-L158
Production,frontend/src/components/controls/Tabs.tsx,Tabs,19,57,39,1,0,2,Low,TypeScript/JavaScript,https://github.com/alejandroayalad/trinity/blob/014f3064689ff8f8fda6be264d9bb17c46497989/frontend/src/components/controls/Tabs.tsx#L19-L57
Tests,backend/tests/test_preview_lifecycle.py,PreviewLifecycleTests.test_cancelled_fill_owner_keeps_reservation_until_shared_verification_stops,88,125,38,1,0,2,Low,Python,https://github.com/alejandroayalad/trinity/blob/014f3064689ff8f8fda6be264d9bb17c46497989/backend/tests/test_preview_lifecycle.py#L88-L125
Tests,backend/tests/test_refresh_dispatch.py,DispatchTests.test_queue_loss_and_retained_completed_job_use_new_generation,80,116,37,1,0,2,Low,Python,https://github.com/alejandroayalad/trinity/blob/014f3064689ff8f8fda6be264d9bb17c46497989/backend/tests/test_refresh_dispatch.py#L80-L116
Tests,backend/tests/test_settings_service.py,OperatorScheduleCheckTests.server,317,353,37,1,0,2,Low,Python,https://github.com/alejandroayalad/trinity/blob/014f3064689ff8f8fda6be264d9bb17c46497989/backend/tests/test_settings_service.py#L317-L353
Tests,backend/tests/test_scheduler_postgres.py,SchedulerDispatchTests.test_scheduled_run_is_dispatched_by_the_existing_outbox_worker,403,438,36,1,0,2,Low,Python,https://github.com/alejandroayalad/trinity/blob/014f3064689ff8f8fda6be264d9bb17c46497989/backend/tests/test_scheduler_postgres.py#L403-L438
Tests,frontend/tests/e2e/explorer-state.spec.ts,<callback@13>,13,48,36,1,0,2,Low,TypeScript/JavaScript,https://github.com/alejandroayalad/trinity/blob/014f3064689ff8f8fda6be264d9bb17c46497989/frontend/tests/e2e/explorer-state.spec.ts#L13-L48
Tests,frontend/src/components/components.test.tsx,<callback@85>,85,118,34,1,0,2,Low,TypeScript/JavaScript,https://github.com/alejandroayalad/trinity/blob/014f3064689ff8f8fda6be264d9bb17c46497989/frontend/src/components/components.test.tsx#L85-L118
Tools and migrations,backend/migrations/versions/0001_local_auth.py,upgrade,10,41,32,1,0,2,Low,Python,https://github.com/alejandroayalad/trinity/blob/014f3064689ff8f8fda6be264d9bb17c46497989/backend/migrations/versions/0001_local_auth.py#L10-L41
Tests,backend/tests/test_eia_retries.py,RetryTests.test_pagination_retries_current_offset_without_duplicating_records,156,187,32,1,0,2,Low,Python,https://github.com/alejandroayalad/trinity/blob/014f3064689ff8f8fda6be264d9bb17c46497989/backend/tests/test_eia_retries.py#L156-L187
Tests,backend/tests/test_refresh_dispatch.py,DispatchTests.test_crash_before_and_after_enqueue_stale_ack_and_duplicate_claim,47,78,32,1,0,2,Low,Python,https://github.com/alejandroayalad/trinity/blob/014f3064689ff8f8fda6be264d9bb17c46497989/backend/tests/test_refresh_dispatch.py#L47-L78
Tools and migrations,frontend/src/test/fetchStub.ts,stubFetch,77,108,32,1,0,2,Low,TypeScript/JavaScript,https://github.com/alejandroayalad/trinity/blob/014f3064689ff8f8fda6be264d9bb17c46497989/frontend/src/test/fetchStub.ts#L77-L108
Tests,backend/tests/test_scheduler_postgres.py,SchedulerPostgresTests.test_save_waits_for_admission_and_cannot_change_its_revision,262,292,31,1,0,2,Low,Python,https://github.com/alejandroayalad/trinity/blob/014f3064689ff8f8fda6be264d9bb17c46497989/backend/tests/test_scheduler_postgres.py#L262-L292
Tests,backend/tests/test_catalog_postgres.py,PostgresCatalogTests.test_transaction_is_readonly_shared_and_teardown_failure_never_succeeds,182,211,30,1,0,2,Low,Python,https://github.com/alejandroayalad/trinity/blob/014f3064689ff8f8fda6be264d9bb17c46497989/backend/tests/test_catalog_postgres.py#L182-L211
Tests,backend/tests/test_publication_postgres.py,PublicationPostgresTests.test_ordering_supersedes_older_and_rejects_narrower_coverage,215,244,30,1,0,2,Low,Python,https://github.com/alejandroayalad/trinity/blob/014f3064689ff8f8fda6be264d9bb17c46497989/backend/tests/test_publication_postgres.py#L215-L244
Tests,backend/tests/test_query_guarantees.py,QueryGuaranteeTests.test_database_commit_reply_loss_retains_capacity_until_recovery,370,399,30,1,0,2,Low,Python,https://github.com/alejandroayalad/trinity/blob/014f3064689ff8f8fda6be264d9bb17c46497989/backend/tests/test_query_guarantees.py#L370-L399
Production,backend/src/trinity/refresh/repository.py,_insert_run,30,57,28,1,0,2,Low,Python,https://github.com/alejandroayalad/trinity/blob/014f3064689ff8f8fda6be264d9bb17c46497989/backend/src/trinity/refresh/repository.py#L30-L57
Tests,backend/tests/test_query_guarantees.py,QueryGuaranteeTests.test_late_create_after_recovery_claim_cannot_start,204,230,27,1,0,2,Low,Python,https://github.com/alejandroayalad/trinity/blob/014f3064689ff8f8fda6be264d9bb17c46497989/backend/tests/test_query_guarantees.py#L204-L230
Tests,backend/tests/test_refresh_recovery_runtime.py,RecoveryPublicationTests.test_live_publication_commit_cannot_be_abandoned,389,415,27,1,0,2,Low,Python,https://github.com/alejandroayalad/trinity/blob/014f3064689ff8f8fda6be264d9bb17c46497989/backend/tests/test_refresh_recovery_runtime.py#L389-L415
Tests,frontend/src/pages/presentation.test.tsx,<callback@22>,22,48,27,1,0,2,Low,TypeScript/JavaScript,https://github.com/alejandroayalad/trinity/blob/014f3064689ff8f8fda6be264d9bb17c46497989/frontend/src/pages/presentation.test.tsx#L22-L48
Tests,backend/tests/test_dashboard_postgres.py,DashboardPostgresTests.test_publication_evidence_and_freshness_remain_in_one_real_snapshot,116,141,26,1,0,2,Low,Python,https://github.com/alejandroayalad/trinity/blob/014f3064689ff8f8fda6be264d9bb17c46497989/backend/tests/test_dashboard_postgres.py#L116-L141
Tests,backend/tests/test_eia_pagination.py,PaginationTests.test_all_routes_collect_rows_and_count_the_empty_probe,55,79,25,4,2,1,Low,Python,https://github.com/alejandroayalad/trinity/blob/014f3064689ff8f8fda6be264d9bb17c46497989/backend/tests/test_eia_pagination.py#L55-L79
Tests,backend/tests/test_validate.py,ValidationTests.test_existing_connector_retries_feed_successful_validation_offline,661,685,25,4,0,1,Low,Python,https://github.com/alejandroayalad/trinity/blob/014f3064689ff8f8fda6be264d9bb17c46497989/backend/tests/test_validate.py#L661-L685
Tests,backend/tests/test_eia_client.py,EIAClientTests.test_all_routes_use_one_transport_and_correct_parameters.handler,68,90,23,4,1,1,Low,Python,https://github.com/alejandroayalad/trinity/blob/014f3064689ff8f8fda6be264d9bb17c46497989/backend/tests/test_eia_client.py#L68-L90
Production,backend/src/trinity/refresh/execution.py,ExecutionService.reclaim_stopped,85,106,22,4,1,1,Low,Python,https://github.com/alejandroayalad/trinity/blob/014f3064689ff8f8fda6be264d9bb17c46497989/backend/src/trinity/refresh/execution.py#L85-L106
Tests,backend/tests/test_parquet.py,FreezeFilesTests.test_s24_parse_failure_keeps_source_without_manifest,179,200,22,4,1,1,Low,Python,https://github.com/alejandroayalad/trinity/blob/014f3064689ff8f8fda6be264d9bb17c46497989/backend/tests/test_parquet.py#L179-L200
Tests,backend/tests/test_refresh_worker.py,WorkerTests.test_lease_loss_stops_live_child_before_any_recovery,168,188,21,4,2,1,Low,Python,https://github.com/alejandroayalad/trinity/blob/014f3064689ff8f8fda6be264d9bb17c46497989/backend/tests/test_refresh_worker.py#L168-L188
Production,backend/src/trinity/connector/pipeline.py,_read_storage_file,139,158,20,4,1,1,Low,Python,https://github.com/alejandroayalad/trinity/blob/014f3064689ff8f8fda6be264d9bb17c46497989/backend/src/trinity/connector/pipeline.py#L139-L158
Tests,backend/tests/test_prepare.py,PreparationCommandTests.test_stage_failures_exit_nonzero_and_preserve_available_evidence,211,230,20,4,2,1,Low,Python,https://github.com/alejandroayalad/trinity/blob/014f3064689ff8f8fda6be264d9bb17c46497989/backend/tests/test_prepare.py#L211-L230
Production,backend/src/trinity/connector/prepare.py,_child_entry,107,125,19,4,1,1,Low,Python,https://github.com/alejandroayalad/trinity/blob/014f3064689ff8f8fda6be264d9bb17c46497989/backend/src/trinity/connector/prepare.py#L107-L125
Tests,backend/tests/test_refresh_worker.py,WorkerTests.test_real_pipeline_durable_order_attempts_receipt_and_no_second_run,65,83,19,4,0,1,Low,Python,https://github.com/alejandroayalad/trinity/blob/014f3064689ff8f8fda6be264d9bb17c46497989/backend/tests/test_refresh_worker.py#L65-L83
Tests,backend/tests/test_retrieval.py,RetrievalTests.test_each_route_failure_keeps_counts_and_exhausted_retries,49,67,19,4,1,1,Low,Python,https://github.com/alejandroayalad/trinity/blob/014f3064689ff8f8fda6be264d9bb17c46497989/backend/tests/test_retrieval.py#L49-L67
Tests,backend/tests/test_scheduler_postgres.py,SchedulerDispatchTests.test_scheduled_run_is_dispatched_by_the_existing_outbox_worker.scenario,413,431,19,4,2,1,Low,Python,https://github.com/alejandroayalad/trinity/blob/014f3064689ff8f8fda6be264d9bb17c46497989/backend/tests/test_scheduler_postgres.py#L413-L431
Production,backend/src/trinity/adapters/postgres.py,Database.transaction,58,75,18,4,1,1,Low,Python,https://github.com/alejandroayalad/trinity/blob/014f3064689ff8f8fda6be264d9bb17c46497989/backend/src/trinity/adapters/postgres.py#L58-L75
Production,backend/src/trinity/refresh/service.py,RefreshService.history,112,129,18,4,1,1,Low,Python,https://github.com/alejandroayalad/trinity/blob/014f3064689ff8f8fda6be264d9bb17c46497989/backend/src/trinity/refresh/service.py#L112-L129
Tests,backend/tests/test_preview_engine.py,RuntimeProtocolTests.test_wrong_kind_version_digest_and_extensions_fail_before_execution,141,158,18,4,1,1,Low,Python,https://github.com/alejandroayalad/trinity/blob/014f3064689ff8f8fda6be264d9bb17c46497989/backend/tests/test_preview_engine.py#L141-L158
Tests,backend/tests/test_preview_lifecycle.py,PreviewStagingTests.test_selected_dataset_only_and_producer_runtime_protocol_agree,207,224,18,4,0,1,Low,Python,https://github.com/alejandroayalad/trinity/blob/014f3064689ff8f8fda6be264d9bb17c46497989/backend/tests/test_preview_lifecycle.py#L207-L224
Tests,backend/tests/test_preview_unit.py,PreviewCursorTests.test_configuration_is_lazy_bounded_and_secret_safe,265,282,18,4,1,1,Low,Python,https://github.com/alejandroayalad/trinity/blob/014f3064689ff8f8fda6be264d9bb17c46497989/backend/tests/test_preview_unit.py#L265-L282
Production,backend/src/trinity/queries/runtime/__main__.py,main,20,36,17,4,1,1,Low,Python,https://github.com/alejandroayalad/trinity/blob/014f3064689ff8f8fda6be264d9bb17c46497989/backend/src/trinity/queries/runtime/__main__.py#L20-L36
Tests,backend/tests/test_refresh_admission.py,AdmissionTests.test_receipt_failure_and_deferred_commit_failure_roll_back,60,76,17,4,2,1,Low,Python,https://github.com/alejandroayalad/trinity/blob/014f3064689ff8f8fda6be264d9bb17c46497989/backend/tests/test_refresh_admission.py#L60-L76
Tests,backend/tests/test_retrieval.py,RetrievalTests.test_orchestrator_continues_after_failure_with_one_client,180,196,17,4,0,1,Low,Python,https://github.com/alejandroayalad/trinity/blob/014f3064689ff8f8fda6be264d9bb17c46497989/backend/tests/test_retrieval.py#L180-L196
Production,backend/src/trinity/queries/choices.py,ChoiceCursorCodec.encode,83,98,16,4,1,1,Low,Python,https://github.com/alejandroayalad/trinity/blob/014f3064689ff8f8fda6be264d9bb17c46497989/backend/src/trinity/queries/choices.py#L83-L98
Production,backend/src/trinity/queries/repository.py,reserve_capacity,23,38,16,4,1,1,Low,Python,https://github.com/alejandroayalad/trinity/blob/014f3064689ff8f8fda6be264d9bb17c46497989/backend/src/trinity/queries/repository.py#L23-L38
Tests,backend/tests/test_refresh_admission.py,AdmissionTests.test_permissions_setup_strict_input_and_tracking,33,48,16,4,2,1,Low,Python,https://github.com/alejandroayalad/trinity/blob/014f3064689ff8f8fda6be264d9bb17c46497989/backend/tests/test_refresh_admission.py#L33-L48
Production,backend/src/trinity/workers/publication.py,PublicationWorker.execute,18,32,15,4,2,1,Low,Python,https://github.com/alejandroayalad/trinity/blob/014f3064689ff8f8fda6be264d9bb17c46497989/backend/src/trinity/workers/publication.py#L18-L32
Tests,backend/tests/test_preview_unit.py,PreviewResponseTests.test_lookahead_bound_and_cursor_uses_last_returned_key,347,361,15,4,2,1,Low,Python,https://github.com/alejandroayalad/trinity/blob/014f3064689ff8f8fda6be264d9bb17c46497989/backend/tests/test_preview_unit.py#L347-L361
Production,backend/src/trinity/connector/pipeline.py,_storage_snapshot,161,174,14,4,1,1,Low,Python,https://github.com/alejandroayalad/trinity/blob/014f3064689ff8f8fda6be264d9bb17c46497989/backend/src/trinity/connector/pipeline.py#L161-L174
Production,backend/src/trinity/connector/validate.py,_millionths,215,228,14,4,2,1,Low,Python,https://github.com/alejandroayalad/trinity/blob/014f3064689ff8f8fda6be264d9bb17c46497989/backend/src/trinity/connector/validate.py#L215-L228
Production,backend/src/trinity/contracts/manifest.py,schema_fingerprint,112,125,14,4,2,1,Low,Python,https://github.com/alejandroayalad/trinity/blob/014f3064689ff8f8fda6be264d9bb17c46497989/backend/src/trinity/contracts/manifest.py#L112-L125
Tests,backend/tests/test_eia_retries.py,RetryTests.test_pagination_retries_current_offset_without_duplicating_records.handler,160,173,14,4,1,1,Low,Python,https://github.com/alejandroayalad/trinity/blob/014f3064689ff8f8fda6be264d9bb17c46497989/backend/tests/test_eia_retries.py#L160-L173
Tests,backend/tests/test_parquet.py,FreezeFilesTests.test_s01_all_schemas_survive_all_null_optional_columns,120,133,14,4,2,1,Low,Python,https://github.com/alejandroayalad/trinity/blob/014f3064689ff8f8fda6be264d9bb17c46497989/backend/tests/test_parquet.py#L120-L133
Production,backend/src/trinity/errors.py,problem_response,25,37,13,4,1,1,Low,Python,https://github.com/alejandroayalad/trinity/blob/014f3064689ff8f8fda6be264d9bb17c46497989/backend/src/trinity/errors.py#L25-L37
Production,backend/src/trinity/settings/repository.py,read_settings,10,22,13,4,1,1,Low,Python,https://github.com/alejandroayalad/trinity/blob/014f3064689ff8f8fda6be264d9bb17c46497989/backend/src/trinity/settings/repository.py#L10-L22
Tests,backend/tests/test_parquet.py,FreezeFilesTests.test_live_leading_decimal_percentage_survives_saved_parquet,106,118,13,4,0,1,Low,Python,https://github.com/alejandroayalad/trinity/blob/014f3064689ff8f8fda6be264d9bb17c46497989/backend/tests/test_parquet.py#L106-L118
Tests,backend/tests/test_parquet.py,FreezeFilesTests.test_sort_preserves_identical_and_conflicting_duplicate_keys,165,177,13,4,1,1,Low,Python,https://github.com/alejandroayalad/trinity/blob/014f3064689ff8f8fda6be264d9bb17c46497989/backend/tests/test_parquet.py#L165-L177
Tests,backend/tests/test_settings_postgres.py,SettingsPostgresTests.test_precondition_and_body_failures_write_nothing,74,86,13,4,1,1,Low,Python,https://github.com/alejandroayalad/trinity/blob/014f3064689ff8f8fda6be264d9bb17c46497989/backend/tests/test_settings_postgres.py#L74-L86
Production,backend/src/trinity/queries/repository.py,reserve_rate,9,20,12,4,1,1,Low,Python,https://github.com/alejandroayalad/trinity/blob/014f3064689ff8f8fda6be264d9bb17c46497989/backend/src/trinity/queries/repository.py#L9-L20
Production,backend/src/trinity/refresh/candidates.py,_command,190,201,12,4,1,1,Low,Python,https://github.com/alejandroayalad/trinity/blob/014f3064689ff8f8fda6be264d9bb17c46497989/backend/src/trinity/refresh/candidates.py#L190-L201
Production,backend/src/trinity/workers/outbox.py,run,5,16,12,4,2,1,Low,Python,https://github.com/alejandroayalad/trinity/blob/014f3064689ff8f8fda6be264d9bb17c46497989/backend/src/trinity/workers/outbox.py#L5-L16
Production,backend/src/trinity/workers/recovery.py,run,68,79,12,4,2,1,Low,Python,https://github.com/alejandroayalad/trinity/blob/014f3064689ff8f8fda6be264d9bb17c46497989/backend/src/trinity/workers/recovery.py#L68-L79
Tests,backend/tests/preview_runtime_fixture.py,RuntimeSandbox.__init__,94,105,12,4,1,1,Low,Python,https://github.com/alejandroayalad/trinity/blob/014f3064689ff8f8fda6be264d9bb17c46497989/backend/tests/preview_runtime_fixture.py#L94-L105
Tests,backend/tests/query_fault_proxy.py,ReplyLossProxy.accept,36,47,12,4,2,1,Low,Python,https://github.com/alejandroayalad/trinity/blob/014f3064689ff8f8fda6be264d9bb17c46497989/backend/tests/query_fault_proxy.py#L36-L47
Production,backend/src/trinity/connector/prepare.py,_stop,182,192,11,4,1,1,Low,Python,https://github.com/alejandroayalad/trinity/blob/014f3064689ff8f8fda6be264d9bb17c46497989/backend/src/trinity/connector/prepare.py#L182-L192
Production,backend/src/trinity/settings/schedule.py,occurrence_key,180,190,11,4,1,1,Low,Python,https://github.com/alejandroayalad/trinity/blob/014f3064689ff8f8fda6be264d9bb17c46497989/backend/src/trinity/settings/schedule.py#L180-L190
Tests,backend/tests/test_catalog_unit.py,CatalogTests.test_catalog_never_calls_external_or_analytical_operations,295,305,11,4,1,1,Low,Python,https://github.com/alejandroayalad/trinity/blob/014f3064689ff8f8fda6be264d9bb17c46497989/backend/tests/test_catalog_unit.py#L295-L305
Tests,backend/tests/test_dashboard_unit.py,DashboardCalculationTests.test_metric_equals_every_dashboard_date_including_absent_and_zero,151,161,11,4,1,1,Low,Python,https://github.com/alejandroayalad/trinity/blob/014f3064689ff8f8fda6be264d9bb17c46497989/backend/tests/test_dashboard_unit.py#L151-L161
Tests,backend/tests/test_evidence_compression.py,CompressionIntegrationTests.test_new_receipt_reloads_and_every_remote_original_is_unchanged,213,223,11,4,2,1,Low,Python,https://github.com/alejandroayalad/trinity/blob/014f3064689ff8f8fda6be264d9bb17c46497989/backend/tests/test_evidence_compression.py#L213-L223
Tests,backend/tests/test_refresh_recovery_service.py,RecoveryProjectionTests.flags,397,407,11,4,0,1,Low,Python,https://github.com/alejandroayalad/trinity/blob/014f3064689ff8f8fda6be264d9bb17c46497989/backend/tests/test_refresh_recovery_service.py#L397-L407
Production,frontend/src/components/data/StepTimeline.tsx,StepTimeline.<callback@25>,25,35,11,4,2,1,Low,TypeScript/JavaScript,https://github.com/alejandroayalad/trinity/blob/014f3064689ff8f8fda6be264d9bb17c46497989/frontend/src/components/data/StepTimeline.tsx#L25-L35
Production,backend/src/trinity/connector/validate.py,_sums,418,427,10,4,2,1,Low,Python,https://github.com/alejandroayalad/trinity/blob/014f3064689ff8f8fda6be264d9bb17c46497989/backend/src/trinity/connector/validate.py#L418-L427
Production,backend/src/trinity/refresh/router.py,_recover,68,77,10,4,1,1,Low,Python,https://github.com/alejandroayalad/trinity/blob/014f3064689ff8f8fda6be264d9bb17c46497989/backend/src/trinity/refresh/router.py#L68-L77
Tests,backend/tests/test_prepare.py,PreparationCommandTests.test_blocked_validation_and_storage_are_killed_and_reaped,313,322,10,4,2,1,Low,Python,https://github.com/alejandroayalad/trinity/blob/014f3064689ff8f8fda6be264d9bb17c46497989/backend/tests/test_prepare.py#L313-L322
Tests,backend/tests/test_preview_unit.py,PreviewInputTests.test_full_key_shape_bounds_and_binary_order,179,188,10,4,1,1,Low,Python,https://github.com/alejandroayalad/trinity/blob/014f3064689ff8f8fda6be264d9bb17c46497989/backend/tests/test_preview_unit.py#L179-L188
Tests,backend/tests/test_preview_unit.py,PreviewCursorTests.test_tampered_tokens_fail_before_json_parsing,214,223,10,4,1,1,Low,Python,https://github.com/alejandroayalad/trinity/blob/014f3064689ff8f8fda6be264d9bb17c46497989/backend/tests/test_preview_unit.py#L214-L223
Tests,backend/tests/test_validate.py,ValidationTests.test_v02_rechecks_source_frequency_units_and_saved_values.alter,368,377,10,4,2,1,Low,Python,https://github.com/alejandroayalad/trinity/blob/014f3064689ff8f8fda6be264d9bb17c46497989/backend/tests/test_validate.py#L368-L377
Production,frontend/src/components/controls/Button.tsx,classes,8,17,10,4,1,1,Low,TypeScript/JavaScript,https://github.com/alejandroayalad/trinity/blob/014f3064689ff8f8fda6be264d9bb17c46497989/frontend/src/components/controls/Button.tsx#L8-L17
Production,frontend/src/components/controls/Field.tsx,Field,10,19,10,4,1,1,Low,TypeScript/JavaScript,https://github.com/alejandroayalad/trinity/blob/014f3064689ff8f8fda6be264d9bb17c46497989/frontend/src/components/controls/Field.tsx#L10-L19
Production,frontend/src/session/SessionProvider.tsx,SessionProvider.signOut.<callback@127>,127,136,10,4,1,1,Low,TypeScript/JavaScript,https://github.com/alejandroayalad/trinity/blob/014f3064689ff8f8fda6be264d9bb17c46497989/frontend/src/session/SessionProvider.tsx#L127-L136
Tests,frontend/tests/e2e/explorer-state.spec.ts,<callback@13>.<callback@20>,20,29,10,4,1,1,Low,TypeScript/JavaScript,https://github.com/alejandroayalad/trinity/blob/014f3064689ff8f8fda6be264d9bb17c46497989/frontend/tests/e2e/explorer-state.spec.ts#L20-L29
Production,backend/src/trinity/connector/normalize.py,_optional_text,105,113,9,4,1,1,Low,Python,https://github.com/alejandroayalad/trinity/blob/014f3064689ff8f8fda6be264d9bb17c46497989/backend/src/trinity/connector/normalize.py#L105-L113
Production,backend/src/trinity/errors.py,SafeTransport.__call__.safe_send,79,87,9,4,1,1,Low,Python,https://github.com/alejandroayalad/trinity/blob/014f3064689ff8f8fda6be264d9bb17c46497989/backend/src/trinity/errors.py#L79-L87
Tests,backend/tests/test_evidence_cache.py,wait_for_callers,48,56,9,4,2,1,Low,Python,https://github.com/alejandroayalad/trinity/blob/014f3064689ff8f8fda6be264d9bb17c46497989/backend/tests/test_evidence_cache.py#L48-L56
Production,backend/src/trinity/catalog/registry.py,_public_type,23,30,8,4,1,1,Low,Python,https://github.com/alejandroayalad/trinity/blob/014f3064689ff8f8fda6be264d9bb17c46497989/backend/src/trinity/catalog/registry.py#L23-L30
Production,backend/src/trinity/queries/preview.py,ResolvedPreview.__post_init__,97,104,8,4,1,1,Low,Python,https://github.com/alejandroayalad/trinity/blob/014f3064689ff8f8fda6be264d9bb17c46497989/backend/src/trinity/queries/preview.py#L97-L104
Production,backend/src/trinity/queries/preview.py,validate_filters,138,145,8,4,1,1,Low,Python,https://github.com/alejandroayalad/trinity/blob/014f3064689ff8f8fda6be264d9bb17c46497989/backend/src/trinity/queries/preview.py#L138-L145
Tests,backend/tests/publication_fixture.py,PublicationFixture.operator,57,64,8,4,0,1,Low,Python,https://github.com/alejandroayalad/trinity/blob/014f3064689ff8f8fda6be264d9bb17c46497989/backend/tests/publication_fixture.py#L57-L64
Tests,backend/tests/test_dashboard_service.py,NationalServiceTests.preview,80,87,8,4,0,1,Low,Python,https://github.com/alejandroayalad/trinity/blob/014f3064689ff8f8fda6be264d9bb17c46497989/backend/tests/test_dashboard_service.py#L80-L87
Tests,backend/tests/test_preview_postgres.py,PreviewPostgresTests.test_mixed_services_share_rate_across_processes,120,127,8,4,1,1,Low,Python,https://github.com/alejandroayalad/trinity/blob/014f3064689ff8f8fda6be264d9bb17c46497989/backend/tests/test_preview_postgres.py#L120-L127
Tests,backend/tests/test_preview_unit.py,PreviewInputTests.test_strict_dates_and_limits,130,137,8,4,1,1,Low,Python,https://github.com/alejandroayalad/trinity/blob/014f3064689ff8f8fda6be264d9bb17c46497989/backend/tests/test_preview_unit.py#L130-L137
Tests,backend/tests/test_refresh_recovery_runtime.py,RecoveryPublicationTests.publication_race,380,387,8,4,0,1,Low,Python,https://github.com/alejandroayalad/trinity/blob/014f3064689ff8f8fda6be264d9bb17c46497989/backend/tests/test_refresh_recovery_runtime.py#L380-L387
Tests,backend/tests/test_sql_staging.py,StagingTests.test_all_selected_files_only_and_sealed_request,65,72,8,4,0,1,Low,Python,https://github.com/alejandroayalad/trinity/blob/014f3064689ff8f8fda6be264d9bb17c46497989/backend/tests/test_sql_staging.py#L65-L72
Production,frontend/src/components/controls/Tabs.tsx,Tabs.onKeyDown,22,29,8,4,1,1,Low,TypeScript/JavaScript,https://github.com/alejandroayalad/trinity/blob/014f3064689ff8f8fda6be264d9bb17c46497989/frontend/src/components/controls/Tabs.tsx#L22-L29
Production,frontend/src/components/feedback/Callout.tsx,Callout,10,17,8,4,1,1,Low,TypeScript/JavaScript,https://github.com/alejandroayalad/trinity/blob/014f3064689ff8f8fda6be264d9bb17c46497989/frontend/src/components/feedback/Callout.tsx#L10-L17
Production,backend/src/trinity/publication/evidence_cache.py,EvidenceCache.__init__,71,77,7,4,1,1,Low,Python,https://github.com/alejandroayalad/trinity/blob/014f3064689ff8f8fda6be264d9bb17c46497989/backend/src/trinity/publication/evidence_cache.py#L71-L77
Production,backend/src/trinity/queries/cursors.py,_decode,33,39,7,4,1,1,Low,Python,https://github.com/alejandroayalad/trinity/blob/014f3064689ff8f8fda6be264d9bb17c46497989/backend/src/trinity/queries/cursors.py#L33-L39
Production,backend/src/trinity/queries/service.py,QueryDeadline.remaining,20,26,7,4,1,1,Low,Python,https://github.com/alejandroayalad/trinity/blob/014f3064689ff8f8fda6be264d9bb17c46497989/backend/src/trinity/queries/service.py#L20-L26
Tests,backend/tests/test_choices.py,ChoiceTests.test_literal_search_unicode_casefold_and_injection_text,88,94,7,4,1,1,Low,Python,https://github.com/alejandroayalad/trinity/blob/014f3064689ff8f8fda6be264d9bb17c46497989/backend/tests/test_choices.py#L88-L94
Tests,backend/tests/test_findings_report.py,FindingsReportTests.test_facility_mismatch_is_visible_when_national_totals_match,67,73,7,4,0,1,Low,Python,https://github.com/alejandroayalad/trinity/blob/014f3064689ff8f8fda6be264d9bb17c46497989/backend/tests/test_findings_report.py#L67-L73
Tests,backend/tests/test_parquet.py,FreezeFilesTests.test_existing_connector_evidence_freezes_without_live_calls.reply,414,420,7,4,2,1,Low,Python,https://github.com/alejandroayalad/trinity/blob/014f3064689ff8f8fda6be264d9bb17c46497989/backend/tests/test_parquet.py#L414-L420
Tests,backend/tests/test_preview_runtime.py,PreviewRuntimeTests.assert_clean,95,101,7,4,1,1,Low,Python,https://github.com/alejandroayalad/trinity/blob/014f3064689ff8f8fda6be264d9bb17c46497989/backend/tests/test_preview_runtime.py#L95-L101
Tests,backend/tests/test_sql_postgres.py,QueryPostgresTests.test_multiple_processes_share_the_global_capacity_lock,231,237,7,4,0,1,Low,Python,https://github.com/alejandroayalad/trinity/blob/014f3064689ff8f8fda6be264d9bb17c46497989/backend/tests/test_sql_postgres.py#L231-L237
Tests,backend/tests/test_validate.py,records_for,55,61,7,4,0,1,Low,Python,https://github.com/alejandroayalad/trinity/blob/014f3064689ff8f8fda6be264d9bb17c46497989/backend/tests/test_validate.py#L55-L61
Production,frontend/src/lib/decimal.ts,divideHalfUp,94,100,7,4,1,1,Low,TypeScript/JavaScript,https://github.com/alejandroayalad/trinity/blob/014f3064689ff8f8fda6be264d9bb17c46497989/frontend/src/lib/decimal.ts#L94-L100
Tools and migrations,scripts/measure_dashboard_http.mjs,send,33,39,7,4,1,1,Low,TypeScript/JavaScript,https://github.com/alejandroayalad/trinity/blob/014f3064689ff8f8fda6be264d9bb17c46497989/scripts/measure_dashboard_http.mjs#L33-L39
Production,backend/src/trinity/adapters/s3.py,StorageOperation.checkpoint,276,281,6,4,1,1,Low,Python,https://github.com/alejandroayalad/trinity/blob/014f3064689ff8f8fda6be264d9bb17c46497989/backend/src/trinity/adapters/s3.py#L276-L281
Production,backend/src/trinity/auth/rotate.py,_check_persona,41,46,6,4,1,1,Low,Python,https://github.com/alejandroayalad/trinity/blob/014f3064689ff8f8fda6be264d9bb17c46497989/backend/src/trinity/auth/rotate.py#L41-L46
Production,backend/src/trinity/queries/choices.py,authorize_choices,16,21,6,4,1,1,Low,Python,https://github.com/alejandroayalad/trinity/blob/014f3064689ff8f8fda6be264d9bb17c46497989/backend/src/trinity/queries/choices.py#L16-L21
Production,backend/src/trinity/queries/preview.py,source_id,28,33,6,4,1,1,Low,Python,https://github.com/alejandroayalad/trinity/blob/014f3064689ff8f8fda6be264d9bb17c46497989/backend/src/trinity/queries/preview.py#L28-L33
Tests,backend/tests/test_refresh_recovery_postgres.py,RecoveryFixture.recover,79,84,6,4,1,1,Low,Python,https://github.com/alejandroayalad/trinity/blob/014f3064689ff8f8fda6be264d9bb17c46497989/backend/tests/test_refresh_recovery_postgres.py#L79-L84
Tests,backend/tests/test_validate.py,ValidationTests.test_s36_keyboard_cancellation_preserves_failed_check_evidence.stop_after_failure,538,543,6,4,1,1,Low,Python,https://github.com/alejandroayalad/trinity/blob/014f3064689ff8f8fda6be264d9bb17c46497989/backend/tests/test_validate.py#L538-L543
Production,frontend/src/session/SessionProvider.tsx,SessionProvider.<callback@44>.<callback@53>,53,58,6,4,1,1,Low,TypeScript/JavaScript,https://github.com/alejandroayalad/trinity/blob/014f3064689ff8f8fda6be264d9bb17c46497989/frontend/src/session/SessionProvider.tsx#L53-L58
Tools and migrations,scripts/generate_report.py,coverage,90,95,6,4,0,1,Low,Python,https://github.com/alejandroayalad/trinity/blob/014f3064689ff8f8fda6be264d9bb17c46497989/scripts/generate_report.py#L90-L95
Production,backend/src/trinity/publication/diagnostics.py,project_diagnostics,34,38,5,4,1,1,Low,Python,https://github.com/alejandroayalad/trinity/blob/014f3064689ff8f8fda6be264d9bb17c46497989/backend/src/trinity/publication/diagnostics.py#L34-L38
Production,backend/src/trinity/queries/staging.py,StagedQuery.cleanup,91,95,5,4,1,1,Low,Python,https://github.com/alejandroayalad/trinity/blob/014f3064689ff8f8fda6be264d9bb17c46497989/backend/src/trinity/queries/staging.py#L91-L95
Tests,backend/tests/test_preview_unit.py,PreviewCursorTests.payload,198,202,5,4,1,1,Low,Python,https://github.com/alejandroayalad/trinity/blob/014f3064689ff8f8fda6be264d9bb17c46497989/backend/tests/test_preview_unit.py#L198-L202
Tests,backend/tests/test_settings_service.py,OperatorScheduleCheckTests.server.settings_body,322,326,5,4,1,1,Low,Python,https://github.com/alejandroayalad/trinity/blob/014f3064689ff8f8fda6be264d9bb17c46497989/backend/tests/test_settings_service.py#L322-L326
Production,frontend/src/pages/catalog/Choices.tsx,useChoiceRestart.<callback@19>,19,23,5,4,1,1,Low,TypeScript/JavaScript,https://github.com/alejandroayalad/trinity/blob/014f3064689ff8f8fda6be264d9bb17c46497989/frontend/src/pages/catalog/Choices.tsx#L19-L23
Production,frontend/src/pages/shared.tsx,ReadRetry.retry,34,38,5,4,1,1,Low,TypeScript/JavaScript,https://github.com/alejandroayalad/trinity/blob/014f3064689ff8f8fda6be264d9bb17c46497989/frontend/src/pages/shared.tsx#L34-L38
Production,backend/src/trinity/contracts/choices.py,matches_search,75,78,4,4,0,1,Low,Python,https://github.com/alejandroayalad/trinity/blob/014f3064689ff8f8fda6be264d9bb17c46497989/backend/src/trinity/contracts/choices.py#L75-L78
Production,backend/src/trinity/contracts/queries.py,PreviewOperation.__post_init__.identifier,88,91,4,4,1,1,Low,Python,https://github.com/alejandroayalad/trinity/blob/014f3064689ff8f8fda6be264d9bb17c46497989/backend/src/trinity/contracts/queries.py#L88-L91
Production,frontend/src/api/retry.ts,shouldRetry,24,27,4,4,1,1,Low,TypeScript/JavaScript,https://github.com/alejandroayalad/trinity/blob/014f3064689ff8f8fda6be264d9bb17c46497989/frontend/src/api/retry.ts#L24-L27
Production,frontend/src/pages/sql/SqlExplorer.tsx,SchemaTree.<callback@33>,33,36,4,4,1,1,Low,TypeScript/JavaScript,https://github.com/alejandroayalad/trinity/blob/014f3064689ff8f8fda6be264d9bb17c46497989/frontend/src/pages/sql/SqlExplorer.tsx#L33-L36
Production,backend/src/trinity/queries/preview.py,_range,36,38,3,4,1,1,Low,Python,https://github.com/alejandroayalad/trinity/blob/014f3064689ff8f8fda6be264d9bb17c46497989/backend/src/trinity/queries/preview.py#L36-L38
Production,frontend/src/lib/copy.ts,blockReason,40,42,3,4,1,1,Low,TypeScript/JavaScript,https://github.com/alejandroayalad/trinity/blob/014f3064689ff8f8fda6be264d9bb17c46497989/frontend/src/lib/copy.ts#L40-L42
Production,frontend/src/pages/refresh/Refresh.tsx,retryCommand,29,31,3,4,2,1,Low,TypeScript/JavaScript,https://github.com/alejandroayalad/trinity/blob/014f3064689ff8f8fda6be264d9bb17c46497989/frontend/src/pages/refresh/Refresh.tsx#L29-L31
Production,frontend/src/pages/dashboard/Sparkline.tsx,Sparkline.<callback@28>,28,28,1,4,1,1,Low,TypeScript/JavaScript,https://github.com/alejandroayalad/trinity/blob/014f3064689ff8f8fda6be264d9bb17c46497989/frontend/src/pages/dashboard/Sparkline.tsx#L28-L28
Production,frontend/src/pages/refresh/Refresh.tsx,CandidatePanel.<callback@180>,180,180,1,4,2,1,Low,TypeScript/JavaScript,https://github.com/alejandroayalad/trinity/blob/014f3064689ff8f8fda6be264d9bb17c46497989/frontend/src/pages/refresh/Refresh.tsx#L180-L180
Production,frontend/src/pages/shared.tsx,DataTable.<callback@82>.<callback@82>,82,82,1,4,2,1,Low,TypeScript/JavaScript,https://github.com/alejandroayalad/trinity/blob/014f3064689ff8f8fda6be264d9bb17c46497989/frontend/src/pages/shared.tsx#L82-L82
Production,frontend/src/pages/sql/SqlExplorer.tsx,SqlExplorer.<callback@76>,76,76,1,4,1,1,Low,TypeScript/JavaScript,https://github.com/alejandroayalad/trinity/blob/014f3064689ff8f8fda6be264d9bb17c46497989/frontend/src/pages/sql/SqlExplorer.tsx#L76-L76
Tests,backend/tests/test_refresh_admission.py,AdmissionTests.test_tracking_cursor_is_bound_and_private_fields_stay_hidden,135,159,25,3,1,1,Low,Python,https://github.com/alejandroayalad/trinity/blob/014f3064689ff8f8fda6be264d9bb17c46497989/backend/tests/test_refresh_admission.py#L135-L159
Tests,backend/tests/test_scheduler_postgres.py,SchedulerPostgresTests.test_insert_and_commit_failures_leave_nothing_and_allow_one_retry,294,318,25,3,2,1,Low,Python,https://github.com/alejandroayalad/trinity/blob/014f3064689ff8f8fda6be264d9bb17c46497989/backend/tests/test_scheduler_postgres.py#L294-L318
Production,backend/src/trinity/connector/prepare.py,_reserve,67,90,24,3,1,1,Low,Python,https://github.com/alejandroayalad/trinity/blob/014f3064689ff8f8fda6be264d9bb17c46497989/backend/src/trinity/connector/prepare.py#L67-L90
Tests,backend/tests/test_catalog_unit.py,OperatorCatalogTests.test_optional_catalog_check_logs_out_even_on_catalog_failure,319,342,24,3,2,1,Low,Python,https://github.com/alejandroayalad/trinity/blob/014f3064689ff8f8fda6be264d9bb17c46497989/backend/tests/test_catalog_unit.py#L319-L342
Tests,backend/tests/test_validate.py,ValidationTests.test_s36_hard_termination_leaves_synced_journal_without_completion,619,642,24,3,0,1,Low,Python,https://github.com/alejandroayalad/trinity/blob/014f3064689ff8f8fda6be264d9bb17c46497989/backend/tests/test_validate.py#L619-L642
Production,frontend/src/components/data/ListTable.tsx,ListTable,15,38,24,3,0,1,Low,TypeScript/JavaScript,https://github.com/alejandroayalad/trinity/blob/014f3064689ff8f8fda6be264d9bb17c46497989/frontend/src/components/data/ListTable.tsx#L15-L38
Tests,backend/tests/test_dashboard_runtime.py,DashboardRuntimeTests.test_real_http_presets_leap_range_and_fully_absent_metric,152,174,23,3,1,1,Low,Python,https://github.com/alejandroayalad/trinity/blob/014f3064689ff8f8fda6be264d9bb17c46497989/backend/tests/test_dashboard_runtime.py#L152-L174
Production,backend/src/trinity/connector/client.py,EIAClient.discover_latest,309,330,22,3,1,1,Low,Python,https://github.com/alejandroayalad/trinity/blob/014f3064689ff8f8fda6be264d9bb17c46497989/backend/src/trinity/connector/client.py#L309-L330
Production,backend/src/trinity/contracts/datasets.py,_schema,33,54,22,3,1,1,Low,Python,https://github.com/alejandroayalad/trinity/blob/014f3064689ff8f8fda6be264d9bb17c46497989/backend/src/trinity/contracts/datasets.py#L33-L54
Production,backend/src/trinity/publication/evidence_cache.py,EvidenceCache._fill,149,170,22,3,2,1,Low,Python,https://github.com/alejandroayalad/trinity/blob/014f3064689ff8f8fda6be264d9bb17c46497989/backend/src/trinity/publication/evidence_cache.py#L149-L170
Tests,backend/tests/test_evidence_compression.py,CompressionIntegrationTests.test_preview_reads_both_formats_and_rejects_format_downgrade,267,288,22,3,2,1,Low,Python,https://github.com/alejandroayalad/trinity/blob/014f3064689ff8f8fda6be264d9bb17c46497989/backend/tests/test_evidence_compression.py#L267-L288
Tests,backend/tests/test_parquet.py,FreezeFilesTests.test_existing_connector_evidence_freezes_without_live_calls,409,430,22,3,0,1,Low,Python,https://github.com/alejandroayalad/trinity/blob/014f3064689ff8f8fda6be264d9bb17c46497989/backend/tests/test_parquet.py#L409-L430
Tests,backend/tests/test_dashboard_unit.py,DashboardSchemaTests.test_exact_closed_fields_and_required_members_match_openapi,185,205,21,3,2,1,Low,Python,https://github.com/alejandroayalad/trinity/blob/014f3064689ff8f8fda6be264d9bb17c46497989/backend/tests/test_dashboard_unit.py#L185-L205
Tests,backend/tests/test_publication_dispatch.py,PublicationDispatchTests.test_preparation_lock_defers_without_consuming_attempt,88,108,21,3,1,1,Low,Python,https://github.com/alejandroayalad/trinity/blob/014f3064689ff8f8fda6be264d9bb17c46497989/backend/tests/test_publication_dispatch.py#L88-L108
Tests,backend/tests/test_s3.py,StorageTests.test_concurrent_complete_stores_cannot_mix_two_preparations,205,225,21,3,0,1,Low,Python,https://github.com/alejandroayalad/trinity/blob/014f3064689ff8f8fda6be264d9bb17c46497989/backend/tests/test_s3.py#L205-L225
Tests,backend/tests/test_preview_postgres.py,PreviewPostgresTests.test_loopback_identity_shape_and_post_debit_failures,83,102,20,3,1,1,Low,Python,https://github.com/alejandroayalad/trinity/blob/014f3064689ff8f8fda6be264d9bb17c46497989/backend/tests/test_preview_postgres.py#L83-L102
Tests,backend/tests/test_retrieval.py,RetrievalTests.test_http_api_json_and_shape_failures_have_safe_metadata,91,110,20,3,2,1,Low,Python,https://github.com/alejandroayalad/trinity/blob/014f3064689ff8f8fda6be264d9bb17c46497989/backend/tests/test_retrieval.py#L91-L110
Production,frontend/vite.config.ts,<callback@11>,11,30,20,3,1,1,Low,TypeScript/JavaScript,https://github.com/alejandroayalad/trinity/blob/014f3064689ff8f8fda6be264d9bb17c46497989/frontend/vite.config.ts#L11-L30
Tools and migrations,backend/migrations/env.py,run_migrations,9,27,19,3,1,1,Low,Python,https://github.com/alejandroayalad/trinity/blob/014f3064689ff8f8fda6be264d9bb17c46497989/backend/migrations/env.py#L9-L27
Production,backend/src/trinity/adapters/s3.py,S3Storage.__init__,229,247,19,3,1,1,Low,Python,https://github.com/alejandroayalad/trinity/blob/014f3064689ff8f8fda6be264d9bb17c46497989/backend/src/trinity/adapters/s3.py#L229-L247
Production,backend/src/trinity/refresh/repository.py,lock_recovery_target,94,112,19,3,1,1,Low,Python,https://github.com/alejandroayalad/trinity/blob/014f3064689ff8f8fda6be264d9bb17c46497989/backend/src/trinity/refresh/repository.py#L94-L112
Tests,backend/tests/test_auth_postgres.py,PostgresAuthTests.test_throttle_shared_across_pools_rollover_and_cleanup,207,225,19,3,0,1,Low,Python,https://github.com/alejandroayalad/trinity/blob/014f3064689ff8f8fda6be264d9bb17c46497989/backend/tests/test_auth_postgres.py#L207-L225
Tests,backend/tests/test_evidence_cache.py,EvidenceCacheTests.test_concurrent_failure_is_shared_then_a_later_request_can_recover,196,214,19,3,1,1,Low,Python,https://github.com/alejandroayalad/trinity/blob/014f3064689ff8f8fda6be264d9bb17c46497989/backend/tests/test_evidence_cache.py#L196-L214
Tests,backend/tests/test_evidence_cache.py,EvidenceCacheTests.test_all_callers_cancel_stop_the_fill_without_creating_an_entry,254,272,19,3,1,1,Low,Python,https://github.com/alejandroayalad/trinity/blob/014f3064689ff8f8fda6be264d9bb17c46497989/backend/tests/test_evidence_cache.py#L254-L272
Tests,backend/tests/test_refresh_recovery_postgres.py,RecoveryPostgresTests.rollback_every_write,138,156,19,3,1,1,Low,Python,https://github.com/alejandroayalad/trinity/blob/014f3064689ff8f8fda6be264d9bb17c46497989/backend/tests/test_refresh_recovery_postgres.py#L138-L156
Tests,backend/tests/test_settings_service.py,OperatorScheduleCheckTests.test_non_admin_must_be_denied_and_saves_nothing,382,400,19,3,2,1,Low,Python,https://github.com/alejandroayalad/trinity/blob/014f3064689ff8f8fda6be264d9bb17c46497989/backend/tests/test_settings_service.py#L382-L400
Production,backend/src/trinity/refresh/service.py,_authorize,5,22,18,3,1,1,Low,Python,https://github.com/alejandroayalad/trinity/blob/014f3064689ff8f8fda6be264d9bb17c46497989/backend/src/trinity/refresh/service.py#L5-L22
Tests,backend/tests/test_catalog_postgres.py,PostgresCatalogTests.test_newest_sequence_wins_over_time_and_failure_does_not_hide_publication,77,94,18,3,2,1,Low,Python,https://github.com/alejandroayalad/trinity/blob/014f3064689ff8f8fda6be264d9bb17c46497989/backend/tests/test_catalog_postgres.py#L77-L94
Tests,backend/tests/test_normalize.py,NormalizationTests.test_leading_decimal_measurements_preserve_sign_and_scale_limits,165,182,18,3,2,1,Low,Python,https://github.com/alejandroayalad/trinity/blob/014f3064689ff8f8fda6be264d9bb17c46497989/backend/tests/test_normalize.py#L165-L182
Tests,backend/tests/test_query_guarantees.py,QueryGuaranteeTests.test_docker_create_and_start_reply_loss_after_real_side_effect,320,337,18,3,2,1,Low,Python,https://github.com/alejandroayalad/trinity/blob/014f3064689ff8f8fda6be264d9bb17c46497989/backend/tests/test_query_guarantees.py#L320-L337
Tests,backend/tests/test_refresh_candidates.py,CandidateTests.test_real_redis_delivery_runs_preparation_and_registers_once.exercise,426,443,18,3,2,1,Low,Python,https://github.com/alejandroayalad/trinity/blob/014f3064689ff8f8fda6be264d9bb17c46497989/backend/tests/test_refresh_candidates.py#L426-L443
Tests,backend/tests/test_validate.py,ValidationTests.test_s36_keyboard_cancellation_preserves_failed_check_evidence,534,551,18,3,0,1,Low,Python,https://github.com/alejandroayalad/trinity/blob/014f3064689ff8f8fda6be264d9bb17c46497989/backend/tests/test_validate.py#L534-L551
Tools and migrations,scripts/generate_report.py,main,379,396,18,3,1,1,Low,Python,https://github.com/alejandroayalad/trinity/blob/014f3064689ff8f8fda6be264d9bb17c46497989/scripts/generate_report.py#L379-L396
Production,backend/src/trinity/connector/parquet.py,_directory,60,76,17,3,2,1,Low,Python,https://github.com/alejandroayalad/trinity/blob/014f3064689ff8f8fda6be264d9bb17c46497989/backend/src/trinity/connector/parquet.py#L60-L76
Tests,backend/tests/preview_runtime_fixture.py,BridgeDocker.create,46,62,17,3,1,1,Low,Python,https://github.com/alejandroayalad/trinity/blob/014f3064689ff8f8fda6be264d9bb17c46497989/backend/tests/preview_runtime_fixture.py#L46-L62
Tests,backend/tests/test_eia_retries.py,RetryTests.test_all_routes_recover_without_changing_request_parameters,52,68,17,3,1,1,Low,Python,https://github.com/alejandroayalad/trinity/blob/014f3064689ff8f8fda6be264d9bb17c46497989/backend/tests/test_eia_retries.py#L52-L68
Tests,backend/tests/test_evidence_cache.py,EvidenceCacheTests.test_hit_reuses_evidence_across_datasets_but_returns_independent_scoped_notes,74,90,17,3,0,1,Low,Python,https://github.com/alejandroayalad/trinity/blob/014f3064689ff8f8fda6be264d9bb17c46497989/backend/tests/test_evidence_cache.py#L74-L90
Tests,backend/tests/test_parquet.py,FreezeFilesTests.test_s20_false_manifest_measurements_fail_even_with_new_digest,281,297,17,3,2,1,Low,Python,https://github.com/alejandroayalad/trinity/blob/014f3064689ff8f8fda6be264d9bb17c46497989/backend/tests/test_parquet.py#L281-L297
Production,backend/src/trinity/connector/parquet.py,inspect_frozen_files,358,373,16,3,1,1,Low,Python,https://github.com/alejandroayalad/trinity/blob/014f3064689ff8f8fda6be264d9bb17c46497989/backend/src/trinity/connector/parquet.py#L358-L373
Production,backend/src/trinity/refresh/repository.py,accept_run,60,75,16,3,1,1,Low,Python,https://github.com/alejandroayalad/trinity/blob/014f3064689ff8f8fda6be264d9bb17c46497989/backend/src/trinity/refresh/repository.py#L60-L75
Tests,backend/tests/test_catalog_unit.py,CatalogTests.test_corrupt_persisted_state_is_dependency_failure,241,256,16,3,1,1,Low,Python,https://github.com/alejandroayalad/trinity/blob/014f3064689ff8f8fda6be264d9bb17c46497989/backend/tests/test_catalog_unit.py#L241-L256
Tests,backend/tests/test_eia_pagination.py,PaginationTests.test_error_after_a_good_page_does_not_return_partial_success,220,235,16,3,2,1,Low,Python,https://github.com/alejandroayalad/trinity/blob/014f3064689ff8f8fda6be264d9bb17c46497989/backend/tests/test_eia_pagination.py#L220-L235
Tests,backend/tests/test_preview_lifecycle.py,PreviewLifecycleTests.test_warm_evidence_still_stages_and_runs_a_separate_container_per_request,71,86,16,3,1,1,Low,Python,https://github.com/alejandroayalad/trinity/blob/014f3064689ff8f8fda6be264d9bb17c46497989/backend/tests/test_preview_lifecycle.py#L71-L86
Tests,backend/tests/test_validate.py,ValidationTests.test_s12_out_of_window_saved_row_cannot_pass,230,245,16,3,0,1,Low,Python,https://github.com/alejandroayalad/trinity/blob/014f3064689ff8f8fda6be264d9bb17c46497989/backend/tests/test_validate.py#L230-L245
Production,backend/src/trinity/connector/normalize.py,_date,61,75,15,3,1,1,Low,Python,https://github.com/alejandroayalad/trinity/blob/014f3064689ff8f8fda6be264d9bb17c46497989/backend/src/trinity/connector/normalize.py#L61-L75
Production,backend/src/trinity/refresh/repository.py,run_detail,181,195,15,3,1,1,Low,Python,https://github.com/alejandroayalad/trinity/blob/014f3064689ff8f8fda6be264d9bb17c46497989/backend/src/trinity/refresh/repository.py#L181-L195
Production,backend/src/trinity/workers/refresh.py,RefreshWorker._discover,114,128,15,3,1,1,Low,Python,https://github.com/alejandroayalad/trinity/blob/014f3064689ff8f8fda6be264d9bb17c46497989/backend/src/trinity/workers/refresh.py#L114-L128
Tests,backend/tests/test_eia_pagination.py,PaginationTests.test_national_and_generator_total_mismatches_fail,166,180,15,3,2,1,Low,Python,https://github.com/alejandroayalad/trinity/blob/014f3064689ff8f8fda6be264d9bb17c46497989/backend/tests/test_eia_pagination.py#L166-L180
Tests,backend/tests/test_normalize.py,source_row,23,37,15,3,1,1,Low,Python,https://github.com/alejandroayalad/trinity/blob/014f3064689ff8f8fda6be264d9bb17c46497989/backend/tests/test_normalize.py#L23-L37
Tests,backend/tests/test_normalize.py,NormalizationTests.test_unknown_fields_and_lexical_evidence_are_unchanged_on_success_and_failure,270,284,15,3,2,1,Low,Python,https://github.com/alejandroayalad/trinity/blob/014f3064689ff8f8fda6be264d9bb17c46497989/backend/tests/test_normalize.py#L270-L284
Tests,backend/tests/test_refresh_candidates.py,CandidateTests.test_duplicate_partial_journal_cannot_strand_failed_recovery,224,238,15,3,0,1,Low,Python,https://github.com/alejandroayalad/trinity/blob/014f3064689ff8f8fda6be264d9bb17c46497989/backend/tests/test_refresh_candidates.py#L224-L238
Tests,backend/tests/test_s3.py,StorageConfigurationTests.test_invalid_settings_reject_paths_and_credential_bearing_endpoints,556,570,15,3,2,1,Low,Python,https://github.com/alejandroayalad/trinity/blob/014f3064689ff8f8fda6be264d9bb17c46497989/backend/tests/test_s3.py#L556-L570
Tests,backend/tests/test_sql_containers.py,ContainerTests.test_memory_ceiling_is_enforced_by_the_kernel,131,145,15,3,1,1,Low,Python,https://github.com/alejandroayalad/trinity/blob/014f3064689ff8f8fda6be264d9bb17c46497989/backend/tests/test_sql_containers.py#L131-L145
Tests,backend/tests/test_validate.py,ValidationTests.test_s22_s23_registry_rejects_partial_duplicate_mixed_or_wrong_results,305,319,15,3,1,1,Low,Python,https://github.com/alejandroayalad/trinity/blob/014f3064689ff8f8fda6be264d9bb17c46497989/backend/tests/test_validate.py#L305-L319
Tests,backend/tests/test_dashboard_unit.py,DashboardCalculationTests.test_exact_near_half_values_ignore_decimal_context,111,124,14,3,2,1,Low,Python,https://github.com/alejandroayalad/trinity/blob/014f3064689ff8f8fda6be264d9bb17c46497989/backend/tests/test_dashboard_unit.py#L111-L124
Tests,backend/tests/test_parquet.py,source_row,40,53,14,3,1,1,Low,Python,https://github.com/alejandroayalad/trinity/blob/014f3064689ff8f8fda6be264d9bb17c46497989/backend/tests/test_parquet.py#L40-L53
Tests,backend/tests/test_parquet.py,ManifestIdentityTests.test_s21_unsafe_paths_duplicate_entries_and_dataset_sets,465,478,14,3,1,1,Low,Python,https://github.com/alejandroayalad/trinity/blob/014f3064689ff8f8fda6be264d9bb17c46497989/backend/tests/test_parquet.py#L465-L478
Tests,backend/tests/test_prepare.py,PreparationCommandTests.test_input_and_configuration_reject_before_reservation,258,271,14,3,1,1,Low,Python,https://github.com/alejandroayalad/trinity/blob/014f3064689ff8f8fda6be264d9bb17c46497989/backend/tests/test_prepare.py#L258-L271
Tests,backend/tests/test_refresh_recovery_runtime.py,race,38,51,14,3,0,1,Low,Python,https://github.com/alejandroayalad/trinity/blob/014f3064689ff8f8fda6be264d9bb17c46497989/backend/tests/test_refresh_recovery_runtime.py#L38-L51
Tests,backend/tests/test_sql_postgres.py,QueryPostgresTests.setUp,30,43,14,3,1,1,Low,Python,https://github.com/alejandroayalad/trinity/blob/014f3064689ff8f8fda6be264d9bb17c46497989/backend/tests/test_sql_postgres.py#L30-L43
Production,backend/src/trinity/auth/repository.py,resolve_session,17,29,13,3,1,1,Low,Python,https://github.com/alejandroayalad/trinity/blob/014f3064689ff8f8fda6be264d9bb17c46497989/backend/src/trinity/auth/repository.py#L17-L29
Tests,backend/tests/test_auth_postgres.py,PostgresAuthTests.test_setup_complete_and_published_landings,156,168,13,3,2,1,Low,Python,https://github.com/alejandroayalad/trinity/blob/014f3064689ff8f8fda6be264d9bb17c46497989/backend/tests/test_auth_postgres.py#L156-L168
Tests,backend/tests/test_auth_postgres.py,PostgresAuthTests.test_peer_and_global_throttle_bound_new_key_creation,321,333,13,3,1,1,Low,Python,https://github.com/alejandroayalad/trinity/blob/014f3064689ff8f8fda6be264d9bb17c46497989/backend/tests/test_auth_postgres.py#L321-L333
Tests,backend/tests/test_auth_rotate.py,RotatePostgresTests.populate,67,79,13,3,1,1,Low,Python,https://github.com/alejandroayalad/trinity/blob/014f3064689ff8f8fda6be264d9bb17c46497989/backend/tests/test_auth_rotate.py#L67-L79
Tests,backend/tests/test_catalog_unit.py,CatalogTests.test_catalog_and_errors_do_not_expose_private_canaries,277,289,13,3,1,1,Low,Python,https://github.com/alejandroayalad/trinity/blob/014f3064689ff8f8fda6be264d9bb17c46497989/backend/tests/test_catalog_unit.py#L277-L289
Tests,backend/tests/test_choices.py,ChoiceTests.test_bookmark_tamper_preview_separation_and_bound_operation_fields,120,132,13,3,1,1,Low,Python,https://github.com/alejandroayalad/trinity/blob/014f3064689ff8f8fda6be264d9bb17c46497989/backend/tests/test_choices.py#L120-L132
Tests,backend/tests/test_dashboard_runtime.py,DashboardRuntimeTests.test_checksum_and_missing_file_fail_before_launch,222,234,13,3,2,1,Low,Python,https://github.com/alejandroayalad/trinity/blob/014f3064689ff8f8fda6be264d9bb17c46497989/backend/tests/test_dashboard_runtime.py#L222-L234
Tests,backend/tests/test_dashboard_service.py,NationalServiceTests.test_http_real_service_preserves_auth_shape_and_debit_order,290,302,13,3,1,1,Low,Python,https://github.com/alejandroayalad/trinity/blob/014f3064689ff8f8fda6be264d9bb17c46497989/backend/tests/test_dashboard_service.py#L290-L302
Tests,backend/tests/test_evidence_compression.py,CompressionTests.test_descriptors_are_strict_and_old_shape_is_preserved,71,83,13,3,1,1,Low,Python,https://github.com/alejandroayalad/trinity/blob/014f3064689ff8f8fda6be264d9bb17c46497989/backend/tests/test_evidence_compression.py#L71-L83
Tests,backend/tests/test_normalize.py,NormalizationTests.test_required_values_are_never_coerced,117,129,13,3,2,1,Low,Python,https://github.com/alejandroayalad/trinity/blob/014f3064689ff8f8fda6be264d9bb17c46497989/backend/tests/test_normalize.py#L117-L129
Tests,backend/tests/test_preview_provenance.py,changed_summary,61,73,13,3,2,1,Low,Python,https://github.com/alejandroayalad/trinity/blob/014f3064689ff8f8fda6be264d9bb17c46497989/backend/tests/test_preview_provenance.py#L61-L73
Tests,backend/tests/test_preview_service.py,PreviewServiceTests.test_equivalent_defaults_and_full_key_are_bound_after_fresh_permission,116,128,13,3,0,1,Low,Python,https://github.com/alejandroayalad/trinity/blob/014f3064689ff8f8fda6be264d9bb17c46497989/backend/tests/test_preview_service.py#L116-L128
Tests,backend/tests/test_publication_postgres.py,PublicationPostgresTests.test_authority_etags_replay_and_body,69,81,13,3,2,1,Low,Python,https://github.com/alejandroayalad/trinity/blob/014f3064689ff8f8fda6be264d9bb17c46497989/backend/tests/test_publication_postgres.py#L69-L81
Tests,backend/tests/test_refresh_admission.py,AdmissionTests.test_each_admission_write_rolls_back_the_whole_command,111,123,13,3,2,1,Low,Python,https://github.com/alejandroayalad/trinity/blob/014f3064689ff8f8fda6be264d9bb17c46497989/backend/tests/test_refresh_admission.py#L111-L123
Tests,backend/tests/test_retrieval.py,RetrievalTests.test_transport_failure_records_actual_attempts,112,124,13,3,0,1,Low,Python,https://github.com/alejandroayalad/trinity/blob/014f3064689ff8f8fda6be264d9bb17c46497989/backend/tests/test_retrieval.py#L112-L124
Tests,backend/tests/test_s3.py,StorageTests.test_existing_artifact_requires_exact_bytes_and_never_overwrites,227,239,13,3,2,1,Low,Python,https://github.com/alejandroayalad/trinity/blob/014f3064689ff8f8fda6be264d9bb17c46497989/backend/tests/test_s3.py#L227-L239
Tests,frontend/tests/e2e/fidelity.spec.ts,<callback@167>,167,179,13,3,2,1,Low,TypeScript/JavaScript,https://github.com/alejandroayalad/trinity/blob/014f3064689ff8f8fda6be264d9bb17c46497989/frontend/tests/e2e/fidelity.spec.ts#L167-L179
Production,backend/src/trinity/connector/validate.py,required_checks_pass,178,189,12,3,0,1,Low,Python,https://github.com/alejandroayalad/trinity/blob/014f3064689ff8f8fda6be264d9bb17c46497989/backend/src/trinity/connector/validate.py#L178-L189
Production,backend/src/trinity/dashboard/calculation.py,build_metric,180,191,12,3,1,1,Low,Python,https://github.com/alejandroayalad/trinity/blob/014f3064689ff8f8fda6be264d9bb17c46497989/backend/src/trinity/dashboard/calculation.py#L180-L191
Production,backend/src/trinity/refresh/dispatch.py,DispatchService.acknowledge,60,71,12,3,1,1,Low,Python,https://github.com/alejandroayalad/trinity/blob/014f3064689ff8f8fda6be264d9bb17c46497989/backend/src/trinity/refresh/dispatch.py#L60-L71
Production,backend/src/trinity/refresh/dispatch.py,DispatchService.once,73,84,12,3,1,1,Low,Python,https://github.com/alejandroayalad/trinity/blob/014f3064689ff8f8fda6be264d9bb17c46497989/backend/src/trinity/refresh/dispatch.py#L73-L84
Tests,backend/tests/test_evidence_compression.py,CompressionTests.test_bad_original_hash_and_wire_length_fail_both_readers,159,170,12,3,1,1,Low,Python,https://github.com/alejandroayalad/trinity/blob/014f3064689ff8f8fda6be264d9bb17c46497989/backend/tests/test_evidence_compression.py#L159-L170
Tests,backend/tests/test_normalize.py,NormalizationTests.test_unknown_dataset_and_nonrow_inputs_fail_safely,298,309,12,3,1,1,Low,Python,https://github.com/alejandroayalad/trinity/blob/014f3064689ff8f8fda6be264d9bb17c46497989/backend/tests/test_normalize.py#L298-L309
Tests,backend/tests/test_parquet.py,FreezeFilesTests.test_row_group_limit_and_writer_settings_on_real_file,396,407,12,3,0,1,Low,Python,https://github.com/alejandroayalad/trinity/blob/014f3064689ff8f8fda6be264d9bb17c46497989/backend/tests/test_parquet.py#L396-L407
Tests,backend/tests/test_refresh_recovery_service.py,CommandDatabase.transaction,42,53,12,3,1,1,Low,Python,https://github.com/alejandroayalad/trinity/blob/014f3064689ff8f8fda6be264d9bb17c46497989/backend/tests/test_refresh_recovery_service.py#L42-L53
Tests,backend/tests/test_refresh_worker.py,WorkerTests.test_permission_denial_retains_passing_checks_but_rejects_storage,95,106,12,3,2,1,Low,Python,https://github.com/alejandroayalad/trinity/blob/014f3064689ff8f8fda6be264d9bb17c46497989/backend/tests/test_refresh_worker.py#L95-L106
Tests,backend/tests/test_retrieval.py,CommandTests.test_configuration_failure_saves_three_results,230,241,12,3,0,1,Low,Python,https://github.com/alejandroayalad/trinity/blob/014f3064689ff8f8fda6be264d9bb17c46497989/backend/tests/test_retrieval.py#L230-L241
Tests,backend/tests/test_sql_single_statement.py,SingleStatementTests.test_syntax_and_token_errors_do_not_expose_sql,50,61,12,3,2,1,Low,Python,https://github.com/alejandroayalad/trinity/blob/014f3064689ff8f8fda6be264d9bb17c46497989/backend/tests/test_sql_single_statement.py#L50-L61
Production,frontend/src/pages/dashboard/Dashboard.tsx,CountValue,36,47,12,3,1,1,Low,TypeScript/JavaScript,https://github.com/alejandroayalad/trinity/blob/014f3064689ff8f8fda6be264d9bb17c46497989/frontend/src/pages/dashboard/Dashboard.tsx#L36-L47
Production,backend/src/trinity/publication/evidence_cache.py,EvidenceCache._key,79,89,11,3,0,1,Low,Python,https://github.com/alejandroayalad/trinity/blob/014f3064689ff8f8fda6be264d9bb17c46497989/backend/src/trinity/publication/evidence_cache.py#L79-L89
Production,backend/src/trinity/publication/service.py,locked,20,30,11,3,1,1,Low,Python,https://github.com/alejandroayalad/trinity/blob/014f3064689ff8f8fda6be264d9bb17c46497989/backend/src/trinity/publication/service.py#L20-L30
Production,backend/src/trinity/queries/policy_worker.py,main,7,17,11,3,1,1,Low,Python,https://github.com/alejandroayalad/trinity/blob/014f3064689ff8f8fda6be264d9bb17c46497989/backend/src/trinity/queries/policy_worker.py#L7-L17
Production,backend/src/trinity/refresh/router.py,start,30,40,11,3,1,1,Low,Python,https://github.com/alejandroayalad/trinity/blob/014f3064689ff8f8fda6be264d9bb17c46497989/backend/src/trinity/refresh/router.py#L30-L40
Tests,backend/tests/publication_process_fixture.py,cli_process,71,81,11,3,0,1,Low,Python,https://github.com/alejandroayalad/trinity/blob/014f3064689ff8f8fda6be264d9bb17c46497989/backend/tests/publication_process_fixture.py#L71-L81
Tests,backend/tests/test_auth_postgres.py,PostgresAuthTests.test_admin_workflow_actions_and_unrecoverable_failure,195,205,11,3,0,1,Low,Python,https://github.com/alejandroayalad/trinity/blob/014f3064689ff8f8fda6be264d9bb17c46497989/backend/tests/test_auth_postgres.py#L195-L205
Tests,backend/tests/test_catalog_unit.py,CatalogTests.test_refresh_all_statuses_preserves_published_readiness,221,231,11,3,2,1,Low,Python,https://github.com/alejandroayalad/trinity/blob/014f3064689ff8f8fda6be264d9bb17c46497989/backend/tests/test_catalog_unit.py#L221-L231
Tests,backend/tests/test_dashboard_service.py,NationalServiceTests.test_session_failures_precede_shape_and_debit,109,119,11,3,2,1,Low,Python,https://github.com/alejandroayalad/trinity/blob/014f3064689ff8f8fda6be264d9bb17c46497989/backend/tests/test_dashboard_service.py#L109-L119
Tests,backend/tests/test_dashboard_unit.py,DashboardInputTests.test_leap_calendar_and_yearly_preset_is_365_dates,80,90,11,3,1,1,Low,Python,https://github.com/alejandroayalad/trinity/blob/014f3064689ff8f8fda6be264d9bb17c46497989/backend/tests/test_dashboard_unit.py#L80-L90
Tests,backend/tests/test_evidence_cache.py,EvidenceCacheTests.test_sixteen_entry_bound_evicts_least_recently_used_completed_identity,111,121,11,3,1,1,Low,Python,https://github.com/alejandroayalad/trinity/blob/014f3064689ff8f8fda6be264d9bb17c46497989/backend/tests/test_evidence_cache.py#L111-L121
Tests,backend/tests/test_evidence_compression.py,CompressionTests.test_corruption_truncation_trailing_data_and_concatenation_fail,119,129,11,3,1,1,Low,Python,https://github.com/alejandroayalad/trinity/blob/014f3064689ff8f8fda6be264d9bb17c46497989/backend/tests/test_evidence_compression.py#L119-L129
Tests,backend/tests/test_normalize.py,NormalizationTests.test_required_units_fail_when_missing_or_changed,258,268,11,3,2,1,Low,Python,https://github.com/alejandroayalad/trinity/blob/014f3064689ff8f8fda6be264d9bb17c46497989/backend/tests/test_normalize.py#L258-L268
Tests,backend/tests/test_preview_provenance.py,ProvenanceTests.test_missing_or_tampered_member_never_means_no_diagnostics,139,149,11,3,2,1,Low,Python,https://github.com/alejandroayalad/trinity/blob/014f3064689ff8f8fda6be264d9bb17c46497989/backend/tests/test_preview_provenance.py#L139-L149
Tests,backend/tests/test_refresh_admission.py,AdmissionTests.test_each_unresolved_holder_blocks_new_intent,169,179,11,3,2,1,Low,Python,https://github.com/alejandroayalad/trinity/blob/014f3064689ff8f8fda6be264d9bb17c46497989/backend/tests/test_refresh_admission.py#L169-L179
Tests,backend/tests/test_refresh_recovery_service.py,RecoveryServiceTests.test_http_authorizes_before_query_and_body_shape_checks,290,300,11,3,2,1,Low,Python,https://github.com/alejandroayalad/trinity/blob/014f3064689ff8f8fda6be264d9bb17c46497989/backend/tests/test_refresh_recovery_service.py#L290-L300
Production,backend/src/trinity/auth/preview_check.py,load_preview_fixture,48,57,10,3,1,1,Low,Python,https://github.com/alejandroayalad/trinity/blob/014f3064689ff8f8fda6be264d9bb17c46497989/backend/src/trinity/auth/preview_check.py#L48-L57
Production,backend/src/trinity/settings/schedule.py,parse_daily_time,79,88,10,3,1,1,Low,Python,https://github.com/alejandroayalad/trinity/blob/014f3064689ff8f8fda6be264d9bb17c46497989/backend/src/trinity/settings/schedule.py#L79-L88
Tests,backend/tests/test_catalog_unit.py,CatalogTests.test_auth_and_unknown_roles_deny_before_state_reads,201,210,10,3,1,1,Low,Python,https://github.com/alejandroayalad/trinity/blob/014f3064689ff8f8fda6be264d9bb17c46497989/backend/tests/test_catalog_unit.py#L201-L210
Tests,backend/tests/test_dashboard_unit.py,DashboardCalculationTests.test_broken_rows_and_incomplete_preview_fail_closed,172,181,10,3,1,1,Low,Python,https://github.com/alejandroayalad/trinity/blob/014f3064689ff8f8fda6be264d9bb17c46497989/backend/tests/test_dashboard_unit.py#L172-L181
Tests,backend/tests/test_findings_report.py,FindingsReportTests.test_api_total_change_or_row_difference_cannot_confirm_exhaustion,149,158,10,3,2,1,Low,Python,https://github.com/alejandroayalad/trinity/blob/014f3064689ff8f8fda6be264d9bb17c46497989/backend/tests/test_findings_report.py#L149-L158
Tests,backend/tests/test_normalize.py,NormalizationTests.test_signed_outage_and_unusual_percentages_are_not_clamped,209,218,10,3,2,1,Low,Python,https://github.com/alejandroayalad/trinity/blob/014f3064689ff8f8fda6be264d9bb17c46497989/backend/tests/test_normalize.py#L209-L218
Tests,backend/tests/test_normalize.py,NormalizationTests.test_invalid_decimal_lexical_forms_fail,236,245,10,3,2,1,Low,Python,https://github.com/alejandroayalad/trinity/blob/014f3064689ff8f8fda6be264d9bb17c46497989/backend/tests/test_normalize.py#L236-L245
Tests,backend/tests/test_normalize.py,NormalizationTests.test_negative_capacity_fails_but_zero_is_valid,247,256,10,3,1,1,Low,Python,https://github.com/alejandroayalad/trinity/blob/014f3064689ff8f8fda6be264d9bb17c46497989/backend/tests/test_normalize.py#L247-L256
Tests,backend/tests/test_prepare.py,blocked_worker,116,125,10,3,2,1,Low,Python,https://github.com/alejandroayalad/trinity/blob/014f3064689ff8f8fda6be264d9bb17c46497989/backend/tests/test_prepare.py#L116-L125
Tests,backend/tests/test_s3.py,MemoryS3.get_object,80,89,10,3,1,1,Low,Python,https://github.com/alejandroayalad/trinity/blob/014f3064689ff8f8fda6be264d9bb17c46497989/backend/tests/test_s3.py#L80-L89
Tests,backend/tests/test_settings_service.py,OperatorScheduleCheckTests.test_first_save_reports_safe_summary_and_checks_stale_tag,355,364,10,3,0,1,Low,Python,https://github.com/alejandroayalad/trinity/blob/014f3064689ff8f8fda6be264d9bb17c46497989/backend/tests/test_settings_service.py#L355-L364
Production,frontend/src/pages/catalog/TableView.tsx,DatasetTable.<callback@54>,54,63,10,3,1,1,Low,TypeScript/JavaScript,https://github.com/alejandroayalad/trinity/blob/014f3064689ff8f8fda6be264d9bb17c46497989/frontend/src/pages/catalog/TableView.tsx#L54-L63
Production,backend/src/trinity/adapters/postgres.py,Database.__init__,39,47,9,3,1,1,Low,Python,https://github.com/alejandroayalad/trinity/blob/014f3064689ff8f8fda6be264d9bb17c46497989/backend/src/trinity/adapters/postgres.py#L39-L47
Production,backend/src/trinity/connector/normalize.py,_required_text,50,58,9,3,1,1,Low,Python,https://github.com/alejandroayalad/trinity/blob/014f3064689ff8f8fda6be264d9bb17c46497989/backend/src/trinity/connector/normalize.py#L50-L58
Production,backend/src/trinity/settings/schedule.py,_require_utc,91,99,9,3,1,1,Low,Python,https://github.com/alejandroayalad/trinity/blob/014f3064689ff8f8fda6be264d9bb17c46497989/backend/src/trinity/settings/schedule.py#L91-L99
Production,backend/src/trinity/settings/service.py,_unchanged,88,96,9,3,0,1,Low,Python,https://github.com/alejandroayalad/trinity/blob/014f3064689ff8f8fda6be264d9bb17c46497989/backend/src/trinity/settings/service.py#L88-L96
Tests,backend/tests/preview_runtime_fixture.py,BridgeDocker.verify,69,77,9,3,1,1,Low,Python,https://github.com/alejandroayalad/trinity/blob/014f3064689ff8f8fda6be264d9bb17c46497989/backend/tests/preview_runtime_fixture.py#L69-L77
Tests,backend/tests/test_auth_unit.py,TransportTests.test_validation_never_reflects_values_or_unknown_names,106,114,9,3,2,1,Low,Python,https://github.com/alejandroayalad/trinity/blob/014f3064689ff8f8fda6be264d9bb17c46497989/backend/tests/test_auth_unit.py#L106-L114
Tests,backend/tests/test_dashboard_service.py,NationalServiceTests.failure,89,97,9,3,1,1,Low,Python,https://github.com/alejandroayalad/trinity/blob/014f3064689ff8f8fda6be264d9bb17c46497989/backend/tests/test_dashboard_service.py#L89-L97
Tests,backend/tests/test_dashboard_unit.py,DashboardCalculationTests.test_zero_capacity_differs_from_zero_outage_and_values_are_not_clamped,126,134,9,3,1,1,Low,Python,https://github.com/alejandroayalad/trinity/blob/014f3064689ff8f8fda6be264d9bb17c46497989/backend/tests/test_dashboard_unit.py#L126-L134
Tests,backend/tests/test_prepare.py,PreparationCommandTests.test_warnings_and_resolved_ambiguous_writes_exit_zero,201,209,9,3,2,1,Low,Python,https://github.com/alejandroayalad/trinity/blob/014f3064689ff8f8fda6be264d9bb17c46497989/backend/tests/test_prepare.py#L201-L209
Tests,backend/tests/test_s3.py,StorageTests.test_wrong_or_truncated_readback_fails_even_with_matching_etag,333,341,9,3,1,1,Low,Python,https://github.com/alejandroayalad/trinity/blob/014f3064689ff8f8fda6be264d9bb17c46497989/backend/tests/test_s3.py#L333-L341
Tests,backend/tests/test_schedule_unit.py,TimezoneTests.test_exact_iana_names_only,143,151,9,3,1,1,Low,Python,https://github.com/alejandroayalad/trinity/blob/014f3064689ff8f8fda6be264d9bb17c46497989/backend/tests/test_schedule_unit.py#L143-L151
Tests,frontend/src/api/client.test.ts,failure,14,22,9,3,2,1,Low,TypeScript/JavaScript,https://github.com/alejandroayalad/trinity/blob/014f3064689ff8f8fda6be264d9bb17c46497989/frontend/src/api/client.test.ts#L14-L22
Production,frontend/src/lib/decimal.ts,formatExact,183,191,9,3,1,1,Low,TypeScript/JavaScript,https://github.com/alejandroayalad/trinity/blob/014f3064689ff8f8fda6be264d9bb17c46497989/frontend/src/lib/decimal.ts#L183-L191
Production,frontend/src/pages/dashboard/NationalChart.tsx,NationalChart.<callback@31>,31,39,9,3,1,1,Low,TypeScript/JavaScript,https://github.com/alejandroayalad/trinity/blob/014f3064689ff8f8fda6be264d9bb17c46497989/frontend/src/pages/dashboard/NationalChart.tsx#L31-L39
Tests,frontend/src/session/session.test.tsx,<callback@131>,131,139,9,3,1,1,Low,TypeScript/JavaScript,https://github.com/alejandroayalad/trinity/blob/014f3064689ff8f8fda6be264d9bb17c46497989/frontend/src/session/session.test.tsx#L131-L139
Production,frontend/src/session/session.ts,readSession,42,50,9,3,1,1,Low,TypeScript/JavaScript,https://github.com/alejandroayalad/trinity/blob/014f3064689ff8f8fda6be264d9bb17c46497989/frontend/src/session/session.ts#L42-L50
Production,frontend/src/session/session.ts,loadSession,53,61,9,3,1,1,Low,TypeScript/JavaScript,https://github.com/alejandroayalad/trinity/blob/014f3064689ff8f8fda6be264d9bb17c46497989/frontend/src/session/session.ts#L53-L61
Tests,frontend/tests/e2e/fidelity.spec.ts,capture,27,35,9,3,2,1,Low,TypeScript/JavaScript,https://github.com/alejandroayalad/trinity/blob/014f3064689ff8f8fda6be264d9bb17c46497989/frontend/tests/e2e/fidelity.spec.ts#L27-L35
Production,backend/src/trinity/connector/client.py,EIAClient.retrieval_tracker,408,415,8,3,1,1,Low,Python,https://github.com/alejandroayalad/trinity/blob/014f3064689ff8f8fda6be264d9bb17c46497989/backend/src/trinity/connector/client.py#L408-L415
Production,backend/src/trinity/contracts/manifest.py,_unique_object,62,69,8,3,2,1,Low,Python,https://github.com/alejandroayalad/trinity/blob/014f3064689ff8f8fda6be264d9bb17c46497989/backend/src/trinity/contracts/manifest.py#L62-L69
Production,backend/src/trinity/queries/client.py,QueryExecution.recover_one,215,222,8,3,1,1,Low,Python,https://github.com/alejandroayalad/trinity/blob/014f3064689ff8f8fda6be264d9bb17c46497989/backend/src/trinity/queries/client.py#L215-L222
Tests,backend/tests/test_choice_runtime.py,ChoiceRuntimeTests.test_corrupt_published_bytes_never_launch_or_return_partial_choices,128,135,8,3,0,1,Low,Python,https://github.com/alejandroayalad/trinity/blob/014f3064689ff8f8fda6be264d9bb17c46497989/backend/tests/test_choice_runtime.py#L128-L135
Tests,backend/tests/test_config.py,EIASettingsTests.test_rejects_missing_or_blank_key,24,31,8,3,2,1,Low,Python,https://github.com/alejandroayalad/trinity/blob/014f3064689ff8f8fda6be264d9bb17c46497989/backend/tests/test_config.py#L24-L31
Tests,backend/tests/test_dashboard_unit.py,DashboardCalculationTests.test_outside_coverage_is_not_reported,163,170,8,3,1,1,Low,Python,https://github.com/alejandroayalad/trinity/blob/014f3064689ff8f8fda6be264d9bb17c46497989/backend/tests/test_dashboard_unit.py#L163-L170
Tests,backend/tests/test_preview_provenance.py,ProvenanceTests.test_complete_evidence_projects_only_requested_scope_and_no_details,100,107,8,3,0,1,Low,Python,https://github.com/alejandroayalad/trinity/blob/014f3064689ff8f8fda6be264d9bb17c46497989/backend/tests/test_preview_provenance.py#L100-L107
Tests,backend/tests/test_refresh_candidates.py,CandidateTests.test_warning_handoff_requires_review_without_publication_obligation,149,156,8,3,0,1,Low,Python,https://github.com/alejandroayalad/trinity/blob/014f3064689ff8f8fda6be264d9bb17c46497989/backend/tests/test_refresh_candidates.py#L149-L156
Tests,backend/tests/test_refresh_recovery.py,ParsingTests.test_uuid_shapes_queries_and_actions_are_strict,66,73,8,3,2,1,Low,Python,https://github.com/alejandroayalad/trinity/blob/014f3064689ff8f8fda6be264d9bb17c46497989/backend/tests/test_refresh_recovery.py#L66-L73
Tests,backend/tests/test_refresh_recovery_postgres.py,WriteFailureDatabase.transaction.Connection.execute,32,39,8,3,2,1,Low,Python,https://github.com/alejandroayalad/trinity/blob/014f3064689ff8f8fda6be264d9bb17c46497989/backend/tests/test_refresh_recovery_postgres.py#L32-L39
Production,frontend/src/session/SessionProvider.tsx,SessionProvider.signIn,105,112,8,3,1,1,Low,TypeScript/JavaScript,https://github.com/alejandroayalad/trinity/blob/014f3064689ff8f8fda6be264d9bb17c46497989/frontend/src/session/SessionProvider.tsx#L105-L112
Tests,frontend/tests/e2e/data.spec.ts,<callback@99>.<callback@105>,105,112,8,3,1,1,Low,TypeScript/JavaScript,https://github.com/alejandroayalad/trinity/blob/014f3064689ff8f8fda6be264d9bb17c46497989/frontend/tests/e2e/data.spec.ts#L105-L112
Tests,frontend/tests/e2e/presentation.spec.ts,<callback@69>.<callback@71>,71,78,8,3,1,1,Low,TypeScript/JavaScript,https://github.com/alejandroayalad/trinity/blob/014f3064689ff8f8fda6be264d9bb17c46497989/frontend/tests/e2e/presentation.spec.ts#L71-L78
Production,backend/src/trinity/adapters/s3.py,StoredArtifact.to_dict,86,92,7,3,2,1,Low,Python,https://github.com/alejandroayalad/trinity/blob/014f3064689ff8f8fda6be264d9bb17c46497989/backend/src/trinity/adapters/s3.py#L86-L92
Production,backend/src/trinity/auth/check.py,_run_count,52,58,7,3,1,1,Low,Python,https://github.com/alejandroayalad/trinity/blob/014f3064689ff8f8fda6be264d9bb17c46497989/backend/src/trinity/auth/check.py#L52-L58
Production,backend/src/trinity/catalog/schemas.py,CatalogResponse.validate_publication,93,99,7,3,1,1,Low,Python,https://github.com/alejandroayalad/trinity/blob/014f3064689ff8f8fda6be264d9bb17c46497989/backend/src/trinity/catalog/schemas.py#L93-L99
Production,backend/src/trinity/connector/client.py,EIACollection.minimum_data_pages,142,148,7,3,1,1,Low,Python,https://github.com/alejandroayalad/trinity/blob/014f3064689ff8f8fda6be264d9bb17c46497989/backend/src/trinity/connector/client.py#L142-L148
Production,backend/src/trinity/connector/validate.py,_facility_coverage,409,415,7,3,0,1,Low,Python,https://github.com/alejandroayalad/trinity/blob/014f3064689ff8f8fda6be264d9bb17c46497989/backend/src/trinity/connector/validate.py#L409-L415
Production,backend/src/trinity/queries/cursors.py,_unique,42,48,7,3,2,1,Low,Python,https://github.com/alejandroayalad/trinity/blob/014f3064689ff8f8fda6be264d9bb17c46497989/backend/src/trinity/queries/cursors.py#L42-L48
Production,backend/src/trinity/refresh/service.py,RefreshService._next,104,110,7,3,1,1,Low,Python,https://github.com/alejandroayalad/trinity/blob/014f3064689ff8f8fda6be264d9bb17c46497989/backend/src/trinity/refresh/service.py#L104-L110
Tests,backend/tests/test_choice_runtime.py,ChoiceRuntimeTests.assert_clean,37,43,7,3,0,1,Low,Python,https://github.com/alejandroayalad/trinity/blob/014f3064689ff8f8fda6be264d9bb17c46497989/backend/tests/test_choice_runtime.py#L37-L43
Tests,backend/tests/test_dashboard_service.py,NationalServiceTests.test_second_identity_checks_precede_pin,154,160,7,3,2,1,Low,Python,https://github.com/alejandroayalad/trinity/blob/014f3064689ff8f8fda6be264d9bb17c46497989/backend/tests/test_dashboard_service.py#L154-L160
Tests,backend/tests/test_dashboard_unit.py,DashboardInputTests.test_custom_bounds_never_clamp_to_publication,92,98,7,3,1,1,Low,Python,https://github.com/alejandroayalad/trinity/blob/014f3064689ff8f8fda6be264d9bb17c46497989/backend/tests/test_dashboard_unit.py#L92-L98
Tests,backend/tests/test_normalize.py,NormalizationTests.test_nonstring_optional_values_fail,147,153,7,3,2,1,Low,Python,https://github.com/alejandroayalad/trinity/blob/014f3064689ff8f8fda6be264d9bb17c46497989/backend/tests/test_normalize.py#L147-L153
Tests,backend/tests/test_prepare.py,PreparationCommandTests.test_parent_journal_sync_failure_stops_before_acknowledging_more_work.fail_after_launch,348,354,7,3,2,1,Low,Python,https://github.com/alejandroayalad/trinity/blob/014f3064689ff8f8fda6be264d9bb17c46497989/backend/tests/test_prepare.py#L348-L354
Tests,backend/tests/test_preview_lifecycle.py,PreviewLifecycleTests.test_expired_execution_or_oom_returns_no_page,177,183,7,3,2,1,Low,Python,https://github.com/alejandroayalad/trinity/blob/014f3064689ff8f8fda6be264d9bb17c46497989/backend/tests/test_preview_lifecycle.py#L177-L183
Tests,backend/tests/test_refresh_recovery_runtime.py,RecoveryRuntimeTests.test_same_key_race_replays_one_receipt,74,80,7,3,0,1,Low,Python,https://github.com/alejandroayalad/trinity/blob/014f3064689ff8f8fda6be264d9bb17c46497989/backend/tests/test_refresh_recovery_runtime.py#L74-L80
Tests,backend/tests/test_refresh_recovery_service.py,RecoveryProjectionTests.test_historical_run_cannot_inherit_current_holder_actions,418,424,7,3,0,1,Low,Python,https://github.com/alejandroayalad/trinity/blob/014f3064689ff8f8fda6be264d9bb17c46497989/backend/tests/test_refresh_recovery_service.py#L418-L424
Tests,backend/tests/test_settings_service.py,OperatorScheduleCheckTests.test_identical_values_are_reported_as_no_op,366,372,7,3,0,1,Low,Python,https://github.com/alejandroayalad/trinity/blob/014f3064689ff8f8fda6be264d9bb17c46497989/backend/tests/test_settings_service.py#L366-L372
Tests,backend/tests/test_validate.py,ValidationTests.test_s36_journal_sync_failure_retains_prior_check_evidence.stop,603,609,7,3,1,1,Low,Python,https://github.com/alejandroayalad/trinity/blob/014f3064689ff8f8fda6be264d9bb17c46497989/backend/tests/test_validate.py#L603-L609
Production,frontend/src/lib/decimal.ts,parseDecimal,41,47,7,3,1,1,Low,TypeScript/JavaScript,https://github.com/alejandroayalad/trinity/blob/014f3064689ff8f8fda6be264d9bb17c46497989/frontend/src/lib/decimal.ts#L41-L47
Production,frontend/src/lib/decimal.ts,compare,60,66,7,3,1,1,Low,TypeScript/JavaScript,https://github.com/alejandroayalad/trinity/blob/014f3064689ff8f8fda6be264d9bb17c46497989/frontend/src/lib/decimal.ts#L60-L66
Production,frontend/src/pages/refresh/Refresh.tsx,runSummary,114,120,7,3,2,1,Low,TypeScript/JavaScript,https://github.com/alejandroayalad/trinity/blob/014f3064689ff8f8fda6be264d9bb17c46497989/frontend/src/pages/refresh/Refresh.tsx#L114-L120
Production,frontend/src/pages/settings/Settings.tsx,Settings,19,25,7,3,1,1,Low,TypeScript/JavaScript,https://github.com/alejandroayalad/trinity/blob/014f3064689ff8f8fda6be264d9bb17c46497989/frontend/src/pages/settings/Settings.tsx#L19-L25
Tests,frontend/tests/e2e/presentation.spec.ts,<callback@50>.<callback@54>,54,60,7,3,1,1,Low,TypeScript/JavaScript,https://github.com/alejandroayalad/trinity/blob/014f3064689ff8f8fda6be264d9bb17c46497989/frontend/tests/e2e/presentation.spec.ts#L54-L60
Tests,frontend/tests/e2e/session-reliability.spec.ts,<callback@32>.<callback@34>,34,40,7,3,1,1,Low,TypeScript/JavaScript,https://github.com/alejandroayalad/trinity/blob/014f3064689ff8f8fda6be264d9bb17c46497989/frontend/tests/e2e/session-reliability.spec.ts#L34-L40
Production,backend/src/trinity/dashboard/calculation.py,_national_preview,160,165,6,3,1,1,Low,Python,https://github.com/alejandroayalad/trinity/blob/014f3064689ff8f8fda6be264d9bb17c46497989/backend/src/trinity/dashboard/calculation.py#L160-L165
Production,backend/src/trinity/queries/preview.py,authorize_preview,52,57,6,3,1,1,Low,Python,https://github.com/alejandroayalad/trinity/blob/014f3064689ff8f8fda6be264d9bb17c46497989/backend/src/trinity/queries/preview.py#L52-L57
Production,backend/src/trinity/refresh/tracking.py,safe_error,24,29,6,3,1,1,Low,Python,https://github.com/alejandroayalad/trinity/blob/014f3064689ff8f8fda6be264d9bb17c46497989/backend/src/trinity/refresh/tracking.py#L24-L29
Tests,backend/tests/preview_runtime_fixture.py,BridgeDocker.start,79,84,6,3,1,1,Low,Python,https://github.com/alejandroayalad/trinity/blob/014f3064689ff8f8fda6be264d9bb17c46497989/backend/tests/preview_runtime_fixture.py#L79-L84
Tests,backend/tests/test_auth_unit.py,PasswordTests.test_expired_hash_budget_reaps_child,64,69,6,3,0,1,Low,Python,https://github.com/alejandroayalad/trinity/blob/014f3064689ff8f8fda6be264d9bb17c46497989/backend/tests/test_auth_unit.py#L64-L69
Tests,backend/tests/test_catalog_unit.py,CatalogIdentity.authenticated,72,77,6,3,1,1,Low,Python,https://github.com/alejandroayalad/trinity/blob/014f3064689ff8f8fda6be264d9bb17c46497989/backend/tests/test_catalog_unit.py#L72-L77
Tests,backend/tests/test_choice_service.py,ChoiceServiceTests.test_reauthorization_precedes_publication,77,82,6,3,2,1,Low,Python,https://github.com/alejandroayalad/trinity/blob/014f3064689ff8f8fda6be264d9bb17c46497989/backend/tests/test_choice_service.py#L77-L82
Tests,backend/tests/test_health.py,PreviewSwitchTests.test_preview_opens_only_for_exact_true,38,43,6,3,2,1,Low,Python,https://github.com/alejandroayalad/trinity/blob/014f3064689ff8f8fda6be264d9bb17c46497989/backend/tests/test_health.py#L38-L43
Tests,backend/tests/test_preview_service.py,PreviewServiceTests.test_second_identity_downgrade_or_change_denies_before_pin,100,105,6,3,2,1,Low,Python,https://github.com/alejandroayalad/trinity/blob/014f3064689ff8f8fda6be264d9bb17c46497989/backend/tests/test_preview_service.py#L100-L105
Tests,backend/tests/test_refresh_worker.py,discovery,37,42,6,3,1,1,Low,Python,https://github.com/alejandroayalad/trinity/blob/014f3064689ff8f8fda6be264d9bb17c46497989/backend/tests/test_refresh_worker.py#L37-L42
Tests,backend/tests/test_sql_engine.py,EngineTests.test_every_allowed_review_case_executes,30,35,6,3,2,1,Low,Python,https://github.com/alejandroayalad/trinity/blob/014f3064689ff8f8fda6be264d9bb17c46497989/backend/tests/test_sql_engine.py#L30-L35
Production,frontend/src/pages/dashboard/Dashboard.tsx,CountValue.<callback@39>,39,44,6,3,1,1,Low,TypeScript/JavaScript,https://github.com/alejandroayalad/trinity/blob/014f3064689ff8f8fda6be264d9bb17c46497989/frontend/src/pages/dashboard/Dashboard.tsx#L39-L44
Production,frontend/src/pages/dashboard/chartGeometry.ts,xTickIndexes,31,36,6,3,1,1,Low,TypeScript/JavaScript,https://github.com/alejandroayalad/trinity/blob/014f3064689ff8f8fda6be264d9bb17c46497989/frontend/src/pages/dashboard/chartGeometry.ts#L31-L36
Production,frontend/src/session/SessionProvider.tsx,SessionProvider.signOut.<callback@122>,122,127,6,3,1,1,Low,TypeScript/JavaScript,https://github.com/alejandroayalad/trinity/blob/014f3064689ff8f8fda6be264d9bb17c46497989/frontend/src/session/SessionProvider.tsx#L122-L127
Production,frontend/src/shell/Sidebar.tsx,Sidebar.link,31,36,6,3,0,1,Low,TypeScript/JavaScript,https://github.com/alejandroayalad/trinity/blob/014f3064689ff8f8fda6be264d9bb17c46497989/frontend/src/shell/Sidebar.tsx#L31-L36
Tools and migrations,scripts/generate_report.py,days_between,27,32,6,3,1,1,Low,Python,https://github.com/alejandroayalad/trinity/blob/014f3064689ff8f8fda6be264d9bb17c46497989/scripts/generate_report.py#L27-L32
Tools and migrations,scripts/measure_dashboard_browser.mjs,<callback@33>,33,38,6,3,1,1,Low,TypeScript/JavaScript,https://github.com/alejandroayalad/trinity/blob/014f3064689ff8f8fda6be264d9bb17c46497989/scripts/measure_dashboard_browser.mjs#L33-L38
Production,backend/src/trinity/catalog/schemas.py,utc_timestamp,14,18,5,3,1,1,Low,Python,https://github.com/alejandroayalad/trinity/blob/014f3064689ff8f8fda6be264d9bb17c46497989/backend/src/trinity/catalog/schemas.py#L14-L18
Production,backend/src/trinity/config.py,ApiSettings.require_database_url,135,139,5,3,1,1,Low,Python,https://github.com/alejandroayalad/trinity/blob/014f3064689ff8f8fda6be264d9bb17c46497989/backend/src/trinity/config.py#L135-L139
Production,backend/src/trinity/connector/validate.py,_severity,135,139,5,3,1,1,Low,Python,https://github.com/alejandroayalad/trinity/blob/014f3064689ff8f8fda6be264d9bb17c46497989/backend/src/trinity/connector/validate.py#L135-L139
Production,backend/src/trinity/queries/client.py,QueryExecution.close,27,31,5,3,1,1,Low,Python,https://github.com/alejandroayalad/trinity/blob/014f3064689ff8f8fda6be264d9bb17c46497989/backend/src/trinity/queries/client.py#L27-L31
Production,backend/src/trinity/queries/preview.py,strict_date,21,25,5,3,1,1,Low,Python,https://github.com/alejandroayalad/trinity/blob/014f3064689ff8f8fda6be264d9bb17c46497989/backend/src/trinity/queries/preview.py#L21-L25
Production,backend/src/trinity/queries/preview_schemas.py,PreviewResponse.cursor_shape,129,133,5,3,1,1,Low,Python,https://github.com/alejandroayalad/trinity/blob/014f3064689ff8f8fda6be264d9bb17c46497989/backend/src/trinity/queries/preview_schemas.py#L129-L133
Tests,backend/tests/test_auth_postgres.py,PostgresAuthTests.test_throttle_is_shared_across_processes,252,256,5,3,0,1,Low,Python,https://github.com/alejandroayalad/trinity/blob/014f3064689ff8f8fda6be264d9bb17c46497989/backend/tests/test_auth_postgres.py#L252-L256
Tests,backend/tests/test_prepare.py,PreparationCommandTests.test_reservation_rejects_a_replaced_intermediate_directory.replace_evidence,288,292,5,3,1,1,Low,Python,https://github.com/alejandroayalad/trinity/blob/014f3064689ff8f8fda6be264d9bb17c46497989/backend/tests/test_prepare.py#L288-L292
Tests,backend/tests/test_preview_check.py,fixture,19,23,5,3,0,1,Low,Python,https://github.com/alejandroayalad/trinity/blob/014f3064689ff8f8fda6be264d9bb17c46497989/backend/tests/test_preview_check.py#L19-L23
Tests,backend/tests/test_query_guarantees.py,QueryGuaranteeTests.test_start_between_stop_inspection_and_delete_retains_capacity.before_delete,290,294,5,3,2,1,Low,Python,https://github.com/alejandroayalad/trinity/blob/014f3064689ff8f8fda6be264d9bb17c46497989/backend/tests/test_query_guarantees.py#L290-L294
Tests,backend/tests/test_refresh_recovery_runtime.py,RecoveryRuntimeTests.command,58,62,5,3,1,1,Low,Python,https://github.com/alejandroayalad/trinity/blob/014f3064689ff8f8fda6be264d9bb17c46497989/backend/tests/test_refresh_recovery_runtime.py#L58-L62
Production,frontend/src/lib/dates.ts,formatDuration,120,124,5,3,1,1,Low,TypeScript/JavaScript,https://github.com/alejandroayalad/trinity/blob/014f3064689ff8f8fda6be264d9bb17c46497989/frontend/src/lib/dates.ts#L120-L124
Production,frontend/src/lib/dates.ts,formatLocalTime,133,137,5,3,1,1,Low,TypeScript/JavaScript,https://github.com/alejandroayalad/trinity/blob/014f3064689ff8f8fda6be264d9bb17c46497989/frontend/src/lib/dates.ts#L133-L137
Production,frontend/src/pages/dashboard/Dashboard.tsx,Contributions.queryFn,168,172,5,3,1,1,Low,TypeScript/JavaScript,https://github.com/alejandroayalad/trinity/blob/014f3064689ff8f8fda6be264d9bb17c46497989/frontend/src/pages/dashboard/Dashboard.tsx#L168-L172
Tests,frontend/src/pages/explorer-state.test.tsx,<callback@91>.'GET /api/v1/datasets/national_outages/preview',93,97,5,3,1,1,Low,TypeScript/JavaScript,https://github.com/alejandroayalad/trinity/blob/014f3064689ff8f8fda6be264d9bb17c46497989/frontend/src/pages/explorer-state.test.tsx#L93-L97
Tests,frontend/src/pages/pages.test.tsx,expectNoRawCodes,312,316,5,3,0,1,Low,TypeScript/JavaScript,https://github.com/alejandroayalad/trinity/blob/014f3064689ff8f8fda6be264d9bb17c46497989/frontend/src/pages/pages.test.tsx#L312-L316
Production,frontend/src/session/SessionProvider.tsx,SessionProvider.<callback@44>.<callback@49>,49,53,5,3,1,1,Low,TypeScript/JavaScript,https://github.com/alejandroayalad/trinity/blob/014f3064689ff8f8fda6be264d9bb17c46497989/frontend/src/session/SessionProvider.tsx#L49-L53
Production,backend/src/trinity/adapters/s3.py,StoredArtifact.compressible,81,84,4,3,0,1,Low,Python,https://github.com/alejandroayalad/trinity/blob/014f3064689ff8f8fda6be264d9bb17c46497989/backend/src/trinity/adapters/s3.py#L81-L84
Production,backend/src/trinity/connector/validate.py,_cancel_if_requested,675,678,4,3,1,1,Low,Python,https://github.com/alejandroayalad/trinity/blob/014f3064689ff8f8fda6be264d9bb17c46497989/backend/src/trinity/connector/validate.py#L675-L678
Production,backend/src/trinity/contracts/manifest.py,_digest,106,109,4,3,1,1,Low,Python,https://github.com/alejandroayalad/trinity/blob/014f3064689ff8f8fda6be264d9bb17c46497989/backend/src/trinity/contracts/manifest.py#L106-L109
Production,backend/src/trinity/contracts/queries.py,PreviewOperation.__post_init__.day,83,86,4,3,1,1,Low,Python,https://github.com/alejandroayalad/trinity/blob/014f3064689ff8f8fda6be264d9bb17c46497989/backend/src/trinity/contracts/queries.py#L83-L86
Production,backend/src/trinity/dashboard/schemas.py,_metric_reason,24,27,4,3,1,1,Low,Python,https://github.com/alejandroayalad/trinity/blob/014f3064689ff8f8fda6be264d9bb17c46497989/backend/src/trinity/dashboard/schemas.py#L24-L27
Production,backend/src/trinity/publication/recovery.py,result,16,19,4,3,1,1,Low,Python,https://github.com/alejandroayalad/trinity/blob/014f3064689ff8f8fda6be264d9bb17c46497989/backend/src/trinity/publication/recovery.py#L16-L19
Production,backend/src/trinity/queries/runtime/sql_policy.py,_Generator.ordered_sql,106,109,4,3,1,1,Low,Python,https://github.com/alejandroayalad/trinity/blob/014f3064689ff8f8fda6be264d9bb17c46497989/backend/src/trinity/queries/runtime/sql_policy.py#L106-L109
Tests,backend/tests/preview_runtime_fixture.py,BridgeDocker.call,64,67,4,3,1,1,Low,Python,https://github.com/alejandroayalad/trinity/blob/014f3064689ff8f8fda6be264d9bb17c46497989/backend/tests/preview_runtime_fixture.py#L64-L67
Tests,backend/tests/test_eia_retries.py,RetryTests.test_permanent_failure_stops_immediately_even_after_a_retry.handler,88,91,4,3,1,1,Low,Python,https://github.com/alejandroayalad/trinity/blob/014f3064689ff8f8fda6be264d9bb17c46497989/backend/tests/test_eia_retries.py#L88-L91
Tests,backend/tests/test_prepare.py,fixture_worker.cancel_between,107,110,4,3,1,1,Low,Python,https://github.com/alejandroayalad/trinity/blob/014f3064689ff8f8fda6be264d9bb17c46497989/backend/tests/test_prepare.py#L107-L110
Tests,backend/tests/test_preview_unit.py,page,81,84,4,3,1,1,Low,Python,https://github.com/alejandroayalad/trinity/blob/014f3064689ff8f8fda6be264d9bb17c46497989/backend/tests/test_preview_unit.py#L81-L84
Tests,backend/tests/test_s3.py,StorageTests.test_snapshot_cannot_rebind_a_validated_file_to_new_bytes.altered_identity,474,477,4,3,1,1,Low,Python,https://github.com/alejandroayalad/trinity/blob/014f3064689ff8f8fda6be264d9bb17c46497989/backend/tests/test_s3.py#L474-L477
Tests,backend/tests/test_sql_engine.py,EngineTests.test_round_and_average_precision,73,76,4,3,0,1,Low,Python,https://github.com/alejandroayalad/trinity/blob/014f3064689ff8f8fda6be264d9bb17c46497989/backend/tests/test_sql_engine.py#L73-L76
Production,frontend/src/api/client.ts,parseRetryAfter,115,118,4,3,1,1,Low,TypeScript/JavaScript,https://github.com/alejandroayalad/trinity/blob/014f3064689ff8f8fda6be264d9bb17c46497989/frontend/src/api/client.ts#L115-L118
Production,backend/src/trinity/queries/schemas.py,QueryRequest.bounded_sql,15,17,3,3,1,1,Low,Python,https://github.com/alejandroayalad/trinity/blob/014f3064689ff8f8fda6be264d9bb17c46497989/backend/src/trinity/queries/schemas.py#L15-L17
Tests,backend/tests/test_eia_pagination.py,PaginationTests.test_changing_total_even_on_empty_probe_fails_every_route.handler,187,189,3,3,1,1,Low,Python,https://github.com/alejandroayalad/trinity/blob/014f3064689ff8f8fda6be264d9bb17c46497989/backend/tests/test_eia_pagination.py#L187-L189
Tests,backend/tests/test_preview_unit.py,environment,46,48,3,3,0,1,Low,Python,https://github.com/alejandroayalad/trinity/blob/014f3064689ff8f8fda6be264d9bb17c46497989/backend/tests/test_preview_unit.py#L46-L48
Tests,backend/tests/test_refresh_admission.py,AdmissionTests.request,29,31,3,3,0,1,Low,Python,https://github.com/alejandroayalad/trinity/blob/014f3064689ff8f8fda6be264d9bb17c46497989/backend/tests/test_refresh_admission.py#L29-L31
Tests,backend/tests/test_validate.py,ValidationTests.result,80,82,3,3,0,1,Low,Python,https://github.com/alejandroayalad/trinity/blob/014f3064689ff8f8fda6be264d9bb17c46497989/backend/tests/test_validate.py#L80-L82
Production,frontend/src/api/client.ts,isApiError,88,90,3,3,0,1,Low,TypeScript/JavaScript,https://github.com/alejandroayalad/trinity/blob/014f3064689ff8f8fda6be264d9bb17c46497989/frontend/src/api/client.ts#L88-L90
Production,frontend/src/api/client.ts,isRecord,120,122,3,3,0,1,Low,TypeScript/JavaScript,https://github.com/alejandroayalad/trinity/blob/014f3064689ff8f8fda6be264d9bb17c46497989/frontend/src/api/client.ts#L120-L122
Production,frontend/src/api/endpoints.ts,recoverRun,105,107,3,3,1,1,Low,TypeScript/JavaScript,https://github.com/alejandroayalad/trinity/blob/014f3064689ff8f8fda6be264d9bb17c46497989/frontend/src/api/endpoints.ts#L105-L107
Production,frontend/src/api/retry.ts,retryDelay,33,35,3,3,1,1,Low,TypeScript/JavaScript,https://github.com/alejandroayalad/trinity/blob/014f3064689ff8f8fda6be264d9bb17c46497989/frontend/src/api/retry.ts#L33-L35
Production,frontend/src/session/SessionProvider.tsx,SessionProvider.<callback@98>.<callback@100>,100,102,3,3,1,1,Low,TypeScript/JavaScript,https://github.com/alejandroayalad/trinity/blob/014f3064689ff8f8fda6be264d9bb17c46497989/frontend/src/session/SessionProvider.tsx#L100-L102
Tools and migrations,scripts/generate_report.py,api_counts.comparable,253,255,3,3,0,1,Low,Python,https://github.com/alejandroayalad/trinity/blob/014f3064689ff8f8fda6be264d9bb17c46497989/scripts/generate_report.py#L253-L255
Tests,backend/tests/refresh_worker_fixture.py,DiskObjects.__iter__,30,31,2,3,0,1,Low,Python,https://github.com/alejandroayalad/trinity/blob/014f3064689ff8f8fda6be264d9bb17c46497989/backend/tests/refresh_worker_fixture.py#L30-L31
Tests,backend/tests/test_prepare.py,PreparationCommandTests.version,172,173,2,3,0,1,Low,Python,https://github.com/alejandroayalad/trinity/blob/014f3064689ff8f8fda6be264d9bb17c46497989/backend/tests/test_prepare.py#L172-L173
Tests,backend/tests/test_retrieval.py,CommandTests.test_success_and_failure_exit_codes_with_saved_attempts.handler,247,248,2,3,1,1,Low,Python,https://github.com/alejandroayalad/trinity/blob/014f3064689ff8f8fda6be264d9bb17c46497989/backend/tests/test_retrieval.py#L247-L248
Production,frontend/src/pages/catalog/TableView.tsx,DatasetTable.<callback@31>,31,31,1,3,0,1,Low,TypeScript/JavaScript,https://github.com/alejandroayalad/trinity/blob/014f3064689ff8f8fda6be264d9bb17c46497989/frontend/src/pages/catalog/TableView.tsx#L31-L31
Production,frontend/src/pages/dashboard/NationalChart.tsx,NationalChart.<callback@159>,159,159,1,3,2,1,Low,TypeScript/JavaScript,https://github.com/alejandroayalad/trinity/blob/014f3064689ff8f8fda6be264d9bb17c46497989/frontend/src/pages/dashboard/NationalChart.tsx#L159-L159
Tests,frontend/src/pages/explorer-state.test.tsx,<callback@43>.'GET /api/v1/datasets/facility_outages/facilities',45,45,1,3,1,1,Low,TypeScript/JavaScript,https://github.com/alejandroayalad/trinity/blob/014f3064689ff8f8fda6be264d9bb17c46497989/frontend/src/pages/explorer-state.test.tsx#L45-L45
Tests,frontend/src/pages/pages.test.tsx,<callback@176>.'GET /api/v1/refresh-runs/failed-run',183,183,1,3,1,1,Low,TypeScript/JavaScript,https://github.com/alejandroayalad/trinity/blob/014f3064689ff8f8fda6be264d9bb17c46497989/frontend/src/pages/pages.test.tsx#L183-L183
Production,frontend/src/pages/refresh/Refresh.tsx,timeline.<callback@92>.<callback@108>,108,108,1,3,1,1,Low,TypeScript/JavaScript,https://github.com/alejandroayalad/trinity/blob/014f3064689ff8f8fda6be264d9bb17c46497989/frontend/src/pages/refresh/Refresh.tsx#L108-L108
Production,frontend/src/pages/refresh/Refresh.tsx,RunPage.more,137,137,1,3,1,1,Low,TypeScript/JavaScript,https://github.com/alejandroayalad/trinity/blob/014f3064689ff8f8fda6be264d9bb17c46497989/frontend/src/pages/refresh/Refresh.tsx#L137-L137
Production,frontend/src/pages/refresh/Refresh.tsx,RunPage.<callback@147>,147,147,1,3,2,1,Low,TypeScript/JavaScript,https://github.com/alejandroayalad/trinity/blob/014f3064689ff8f8fda6be264d9bb17c46497989/frontend/src/pages/refresh/Refresh.tsx#L147-L147
Production,frontend/src/pages/shared.tsx,DataTable.numeric,80,80,1,3,0,1,Low,TypeScript/JavaScript,https://github.com/alejandroayalad/trinity/blob/014f3064689ff8f8fda6be264d9bb17c46497989/frontend/src/pages/shared.tsx#L80-L80
Production,frontend/src/session/SessionProvider.tsx,SessionProvider.<callback@72>.<callback@90>,90,90,1,3,1,1,Low,TypeScript/JavaScript,https://github.com/alejandroayalad/trinity/blob/014f3064689ff8f8fda6be264d9bb17c46497989/frontend/src/session/SessionProvider.tsx#L90-L90
Production,frontend/src/session/SessionProvider.tsx,SessionProvider.<callback@72>.<callback@91>,91,91,1,3,1,1,Low,TypeScript/JavaScript,https://github.com/alejandroayalad/trinity/blob/014f3064689ff8f8fda6be264d9bb17c46497989/frontend/src/session/SessionProvider.tsx#L91-L91
Tests,frontend/src/session/session.test.tsx,<callback@52>.Probe,56,56,1,3,1,1,Low,TypeScript/JavaScript,https://github.com/alejandroayalad/trinity/blob/014f3064689ff8f8fda6be264d9bb17c46497989/frontend/src/session/session.test.tsx#L56-L56
Production,frontend/src/shell/Sidebar.tsx,Sidebar.link.<callback@32>,32,32,1,3,1,1,Low,TypeScript/JavaScript,https://github.com/alejandroayalad/trinity/blob/014f3064689ff8f8fda6be264d9bb17c46497989/frontend/src/shell/Sidebar.tsx#L32-L32
Tests,frontend/tests/e2e/data.spec.ts,<callback@42>.<callback@46>,46,46,1,3,1,1,Low,TypeScript/JavaScript,https://github.com/alejandroayalad/trinity/blob/014f3064689ff8f8fda6be264d9bb17c46497989/frontend/tests/e2e/data.spec.ts#L46-L46
Tests,frontend/tests/e2e/explorer-state.spec.ts,<callback@13>.<callback@19>,19,19,1,3,1,1,Low,TypeScript/JavaScript,https://github.com/alejandroayalad/trinity/blob/014f3064689ff8f8fda6be264d9bb17c46497989/frontend/tests/e2e/explorer-state.spec.ts#L19-L19
Tests,frontend/tests/e2e/fidelity-fixtures.ts,routeApi.<callback@197>.<callback@216>,216,216,1,3,0,1,Low,TypeScript/JavaScript,https://github.com/alejandroayalad/trinity/blob/014f3064689ff8f8fda6be264d9bb17c46497989/frontend/tests/e2e/fidelity-fixtures.ts#L216-L216
Tests,frontend/tests/e2e/fidelity-fixtures.ts,routeApi.<callback@197>.<callback@217>,217,217,1,3,1,1,Low,TypeScript/JavaScript,https://github.com/alejandroayalad/trinity/blob/014f3064689ff8f8fda6be264d9bb17c46497989/frontend/tests/e2e/fidelity-fixtures.ts#L217-L217
Tests,frontend/tests/e2e/session.spec.ts,<callback@44>.<callback@59>,59,59,1,3,1,1,Low,TypeScript/JavaScript,https://github.com/alejandroayalad/trinity/blob/014f3064689ff8f8fda6be264d9bb17c46497989/frontend/tests/e2e/session.spec.ts#L59-L59
Tools and migrations,scripts/generate_report.py,palisades.<lambda@164>,164,164,1,3,0,1,Low,Python,https://github.com/alejandroayalad/trinity/blob/014f3064689ff8f8fda6be264d9bb17c46497989/scripts/generate_report.py#L164-L164
Tests,backend/tests/test_preview_runtime.py,PreviewRuntimeTests.test_storage_retry_counts_one_debit_and_corruption_never_starts,212,236,25,2,1,1,Low,Python,https://github.com/alejandroayalad/trinity/blob/014f3064689ff8f8fda6be264d9bb17c46497989/backend/tests/test_preview_runtime.py#L212-L236
Tests,backend/tests/test_refresh_postgres.py,RefreshPostgresTests.test_writer_review_handoff_is_accepted_by_actual_preview_service,95,119,25,2,0,1,Low,Python,https://github.com/alejandroayalad/trinity/blob/014f3064689ff8f8fda6be264d9bb17c46497989/backend/tests/test_refresh_postgres.py#L95-L119
Tests,backend/tests/test_sql_policy.py,SqlPolicyTests.test_nested_unsupported_forms_and_erased_syntax_are_rejected,38,62,25,2,1,1,Low,Python,https://github.com/alejandroayalad/trinity/blob/014f3064689ff8f8fda6be264d9bb17c46497989/backend/tests/test_sql_policy.py#L38-L62
Tests,backend/tests/test_normalize.py,NormalizationTests.test_trailing_zeros_survive_parsing_even_with_low_decimal_precision,184,207,24,2,1,1,Low,Python,https://github.com/alejandroayalad/trinity/blob/014f3064689ff8f8fda6be264d9bb17c46497989/backend/tests/test_normalize.py#L184-L207
Production,backend/src/trinity/connector/client.py,EIAClient.__init__,272,294,23,2,1,1,Low,Python,https://github.com/alejandroayalad/trinity/blob/014f3064689ff8f8fda6be264d9bb17c46497989/backend/src/trinity/connector/client.py#L272-L294
Production,frontend/src/components/feedback/Toast.tsx,ToastProvider,11,33,23,2,0,1,Low,TypeScript/JavaScript,https://github.com/alejandroayalad/trinity/blob/014f3064689ff8f8fda6be264d9bb17c46497989/frontend/src/components/feedback/Toast.tsx#L11-L33
Tools and migrations,scripts/generate_report.py,reconcile,109,131,23,2,1,1,Low,Python,https://github.com/alejandroayalad/trinity/blob/014f3064689ff8f8fda6be264d9bb17c46497989/scripts/generate_report.py#L109-L131
Tests,backend/tests/test_refresh_candidates.py,CandidateTests.test_candidate_permissions_validation_and_no_invented_checks,371,392,22,2,1,1,Low,Python,https://github.com/alejandroayalad/trinity/blob/014f3064689ff8f8fda6be264d9bb17c46497989/backend/tests/test_refresh_candidates.py#L371-L392
Tests,frontend/src/components/components.test.tsx,DialogHarness,11,32,22,2,0,1,Low,TypeScript/JavaScript,https://github.com/alejandroayalad/trinity/blob/014f3064689ff8f8fda6be264d9bb17c46497989/frontend/src/components/components.test.tsx#L11-L32
Production,frontend/src/components/controls/Tabs.tsx,Tabs.<callback@33>,33,54,22,2,1,1,Low,TypeScript/JavaScript,https://github.com/alejandroayalad/trinity/blob/014f3064689ff8f8fda6be264d9bb17c46497989/frontend/src/components/controls/Tabs.tsx#L33-L54
Production,frontend/src/pages/dashboard/Sparkline.tsx,Sparkline,13,34,22,2,1,1,Low,TypeScript/JavaScript,https://github.com/alejandroayalad/trinity/blob/014f3064689ff8f8fda6be264d9bb17c46497989/frontend/src/pages/dashboard/Sparkline.tsx#L13-L34
Tests,frontend/src/pages/explorer-state.test.tsx,<callback@43>,43,64,22,2,1,1,Low,TypeScript/JavaScript,https://github.com/alejandroayalad/trinity/blob/014f3064689ff8f8fda6be264d9bb17c46497989/frontend/src/pages/explorer-state.test.tsx#L43-L64
Tests,backend/tests/test_eia_pagination.py,PaginationTests.test_repeated_overlapping_and_duplicate_rows_fail,198,218,21,2,1,1,Low,Python,https://github.com/alejandroayalad/trinity/blob/014f3064689ff8f8fda6be264d9bb17c46497989/backend/tests/test_eia_pagination.py#L198-L218
Tests,backend/tests/test_preview_provenance.py,ProvenanceTests.test_pin_requires_successful_same_run_and_exact_approval,179,199,21,2,1,1,Low,Python,https://github.com/alejandroayalad/trinity/blob/014f3064689ff8f8fda6be264d9bb17c46497989/backend/tests/test_preview_provenance.py#L179-L199
Tests,backend/tests/test_s3.py,StorageTests.test_stream_interruption_retries_a_fresh_body_and_closes_each_body,296,316,21,2,0,1,Low,Python,https://github.com/alejandroayalad/trinity/blob/014f3064689ff8f8fda6be264d9bb17c46497989/backend/tests/test_s3.py#L296-L316
Tests,backend/tests/test_eia_retries.py,RetryTests.test_http_200_body_errors_and_bad_json_are_never_retried,101,120,20,2,1,1,Low,Python,https://github.com/alejandroayalad/trinity/blob/014f3064689ff8f8fda6be264d9bb17c46497989/backend/tests/test_eia_retries.py#L101-L120
Tests,backend/tests/test_preview_runtime.py,PreviewRuntimeTests.test_publication_change_during_read_keeps_original_then_cursor_restarts,173,192,20,2,0,1,Low,Python,https://github.com/alejandroayalad/trinity/blob/014f3064689ff8f8fda6be264d9bb17c46497989/backend/tests/test_preview_runtime.py#L173-L192
Tests,backend/tests/test_refresh_candidates.py,crashing_worker,34,53,20,2,1,1,Low,Python,https://github.com/alejandroayalad/trinity/blob/014f3064689ff8f8fda6be264d9bb17c46497989/backend/tests/test_refresh_candidates.py#L34-L53
Production,frontend/src/session/SessionProvider.tsx,SessionProvider.<callback@44>,44,63,20,2,1,1,Low,TypeScript/JavaScript,https://github.com/alejandroayalad/trinity/blob/014f3064689ff8f8fda6be264d9bb17c46497989/frontend/src/session/SessionProvider.tsx#L44-L63
Tests,frontend/tests/e2e/data.spec.ts,<callback@99>,99,118,20,2,0,1,Low,TypeScript/JavaScript,https://github.com/alejandroayalad/trinity/blob/014f3064689ff8f8fda6be264d9bb17c46497989/frontend/tests/e2e/data.spec.ts#L99-L118
Production,backend/src/trinity/settings/schedule.py,occurrence,102,120,19,2,1,1,Low,Python,https://github.com/alejandroayalad/trinity/blob/014f3064689ff8f8fda6be264d9bb17c46497989/backend/src/trinity/settings/schedule.py#L102-L120
Tests,backend/tests/test_dashboard_postgres.py,DashboardPostgresTests.test_expired_revoked_inactive_and_unknown_role_fail_without_debit,86,104,19,2,1,1,Low,Python,https://github.com/alejandroayalad/trinity/blob/014f3064689ff8f8fda6be264d9bb17c46497989/backend/tests/test_dashboard_postgres.py#L86-L104
Tests,backend/tests/test_dashboard_service.py,NationalServiceTests.setUp,60,78,19,2,1,1,Low,Python,https://github.com/alejandroayalad/trinity/blob/014f3064689ff8f8fda6be264d9bb17c46497989/backend/tests/test_dashboard_service.py#L60-L78
Tests,backend/tests/test_eia_client.py,EIAClientTests.test_permanent_http_failures_do_not_retry_or_follow_redirects,138,156,19,2,1,1,Low,Python,https://github.com/alejandroayalad/trinity/blob/014f3064689ff8f8fda6be264d9bb17c46497989/backend/tests/test_eia_client.py#L138-L156
Tests,backend/tests/test_eia_retries.py,RetryTests.test_each_retryable_status_stops_after_three_attempts,32,50,19,2,1,1,Low,Python,https://github.com/alejandroayalad/trinity/blob/014f3064689ff8f8fda6be264d9bb17c46497989/backend/tests/test_eia_retries.py#L32-L50
Tests,backend/tests/test_preview_engine.py,PreviewEngineTests.test_all_schemas_exact_scalars_and_pagination,38,56,19,2,1,1,Low,Python,https://github.com/alejandroayalad/trinity/blob/014f3064689ff8f8fda6be264d9bb17c46497989/backend/tests/test_preview_engine.py#L38-L56
Tests,backend/tests/test_preview_runtime.py,PreviewRuntimeTests.test_supervisor_sigkill_recovery_and_stale_owner_fencing,308,326,19,2,1,1,Low,Python,https://github.com/alejandroayalad/trinity/blob/014f3064689ff8f8fda6be264d9bb17c46497989/backend/tests/test_preview_runtime.py#L308-L326
Tests,backend/tests/test_publication_evidence.py,PublicationEvidenceTests.test_actual_storage_wrapper_classifies_retry_without_raw_error_text,12,30,19,2,1,1,Low,Python,https://github.com/alejandroayalad/trinity/blob/014f3064689ff8f8fda6be264d9bb17c46497989/backend/tests/test_publication_evidence.py#L12-L30
Tests,backend/tests/test_publication_postgres.py,PublicationPostgresTests.test_command_rollback_and_current_session_checks,265,283,19,2,1,1,Low,Python,https://github.com/alejandroayalad/trinity/blob/014f3064689ff8f8fda6be264d9bb17c46497989/backend/tests/test_publication_postgres.py#L265-L283
Tests,backend/tests/test_s3.py,StorageTests.test_deadline_during_streaming_and_invalid_budgets_block_success,379,397,19,2,1,1,Low,Python,https://github.com/alejandroayalad/trinity/blob/014f3064689ff8f8fda6be264d9bb17c46497989/backend/tests/test_s3.py#L379-L397
Tests,backend/tests/test_scheduler_postgres.py,manual_contender,64,82,19,2,1,1,Low,Python,https://github.com/alejandroayalad/trinity/blob/014f3064689ff8f8fda6be264d9bb17c46497989/backend/tests/test_scheduler_postgres.py#L64-L82
Tests,backend/tests/test_validate.py,ValidationTests.test_v02_rechecks_source_frequency_units_and_saved_values,364,382,19,2,1,1,Low,Python,https://github.com/alejandroayalad/trinity/blob/014f3064689ff8f8fda6be264d9bb17c46497989/backend/tests/test_validate.py#L364-L382
Tests,frontend/src/session/session.test.tsx,<callback@111>,111,129,19,2,1,1,Low,TypeScript/JavaScript,https://github.com/alejandroayalad/trinity/blob/014f3064689ff8f8fda6be264d9bb17c46497989/frontend/src/session/session.test.tsx#L111-L129
Tests,backend/tests/test_auth_postgres.py,PostgresAuthTests.test_captured_error_logs_and_responses_exclude_secret_canaries,341,358,18,2,1,1,Low,Python,https://github.com/alejandroayalad/trinity/blob/014f3064689ff8f8fda6be264d9bb17c46497989/backend/tests/test_auth_postgres.py#L341-L358
Tests,backend/tests/test_eia_pagination.py,PaginationTests.test_invalid_limits_make_no_request,271,288,18,2,1,1,Low,Python,https://github.com/alejandroayalad/trinity/blob/014f3064689ff8f8fda6be264d9bb17c46497989/backend/tests/test_eia_pagination.py#L271-L288
Tests,backend/tests/test_eia_retries.py,RetryTests.test_selected_temporary_transport_errors_are_bounded,122,139,18,2,1,1,Low,Python,https://github.com/alejandroayalad/trinity/blob/014f3064689ff8f8fda6be264d9bb17c46497989/backend/tests/test_eia_retries.py#L122-L139
Tests,backend/tests/test_evidence_cache.py,EvidenceCacheTests.test_expiry_is_fixed_from_success_and_never_extended_by_hits,92,109,18,2,1,1,Low,Python,https://github.com/alejandroayalad/trinity/blob/014f3064689ff8f8fda6be264d9bb17c46497989/backend/tests/test_evidence_cache.py#L92-L109
Tests,backend/tests/test_preview_service.py,PreviewServiceTests.setUp,44,61,18,2,1,1,Low,Python,https://github.com/alejandroayalad/trinity/blob/014f3064689ff8f8fda6be264d9bb17c46497989/backend/tests/test_preview_service.py#L44-L61
Tests,backend/tests/test_refresh_recovery_service.py,RecoveryServiceTests.test_each_service_mutation_boundary_and_commit_error_roll_back,211,228,18,2,1,1,Low,Python,https://github.com/alejandroayalad/trinity/blob/014f3064689ff8f8fda6be264d9bb17c46497989/backend/tests/test_refresh_recovery_service.py#L211-L228
Tests,frontend/tests/e2e/session.spec.ts,<callback@44>,44,61,18,2,0,1,Low,TypeScript/JavaScript,https://github.com/alejandroayalad/trinity/blob/014f3064689ff8f8fda6be264d9bb17c46497989/frontend/tests/e2e/session.spec.ts#L44-L61
Production,backend/src/trinity/config.py,load_eia_settings,42,58,17,2,1,1,Low,Python,https://github.com/alejandroayalad/trinity/blob/014f3064689ff8f8fda6be264d9bb17c46497989/backend/src/trinity/config.py#L42-L58
Tests,backend/tests/preview_fixture.py,candidate,26,42,17,2,0,1,Low,Python,https://github.com/alejandroayalad/trinity/blob/014f3064689ff8f8fda6be264d9bb17c46497989/backend/tests/preview_fixture.py#L26-L42
Tests,backend/tests/test_eia_client.py,EIAClientTests.test_invalid_arguments_make_no_request,120,136,17,2,1,1,Low,Python,https://github.com/alejandroayalad/trinity/blob/014f3064689ff8f8fda6be264d9bb17c46497989/backend/tests/test_eia_client.py#L120-L136
Tests,backend/tests/test_normalize.py,ConnectorParsingRegressionTests.test_parses_existing_sanitized_page_without_changing_it,315,331,17,2,1,1,Low,Python,https://github.com/alejandroayalad/trinity/blob/014f3064689ff8f8fda6be264d9bb17c46497989/backend/tests/test_normalize.py#L315-L331
Tests,backend/tests/test_preview_runtime.py,PreviewRuntimeTests.test_replay_revocation_and_invalid_cursor_are_checked_before_download,194,210,17,2,1,1,Low,Python,https://github.com/alejandroayalad/trinity/blob/014f3064689ff8f8fda6be264d9bb17c46497989/backend/tests/test_preview_runtime.py#L194-L210
Tests,backend/tests/test_retrieval.py,RetrievalTests.test_each_route_success_has_counts_times_and_terminal_probe,31,47,17,2,1,1,Low,Python,https://github.com/alejandroayalad/trinity/blob/014f3064689ff8f8fda6be264d9bb17c46497989/backend/tests/test_retrieval.py#L31-L47
Tests,backend/tests/test_retrieval.py,RetrievalTests.test_cancellation_records_interrupted_and_skipped_routes,207,223,17,2,0,1,Low,Python,https://github.com/alejandroayalad/trinity/blob/014f3064689ff8f8fda6be264d9bb17c46497989/backend/tests/test_retrieval.py#L207-L223
Tests,backend/tests/test_s3.py,StorageTests.test_permanent_error_does_not_retry_or_leak_and_retains_partial_progress,269,285,17,2,0,1,Low,Python,https://github.com/alejandroayalad/trinity/blob/014f3064689ff8f8fda6be264d9bb17c46497989/backend/tests/test_s3.py#L269-L285
Tests,backend/tests/test_s3.py,StorageTests.test_later_consumer_rejects_remote_mutation_and_mixed_receipt,483,499,17,2,1,1,Low,Python,https://github.com/alejandroayalad/trinity/blob/014f3064689ff8f8fda6be264d9bb17c46497989/backend/tests/test_s3.py#L483-L499
Tests,backend/tests/test_schedule_unit.py,NextCheckTests.test_specification_clock_examples,60,76,17,2,1,1,Low,Python,https://github.com/alejandroayalad/trinity/blob/014f3064689ff8f8fda6be264d9bb17c46497989/backend/tests/test_schedule_unit.py#L60-L76
Tools and migrations,frontend/src/test/fetchStub.ts,withAbort,59,75,17,2,1,1,Low,TypeScript/JavaScript,https://github.com/alejandroayalad/trinity/blob/014f3064689ff8f8fda6be264d9bb17c46497989/frontend/src/test/fetchStub.ts#L59-L75
Tests,backend/tests/test_auth_unit.py,TransportTests.test_analyst_guard_uses_production_dependencies_only_in_test_app,146,161,16,2,1,1,Low,Python,https://github.com/alejandroayalad/trinity/blob/014f3064689ff8f8fda6be264d9bb17c46497989/backend/tests/test_auth_unit.py#L146-L161
Tests,backend/tests/test_dashboard_service.py,Database.transaction,41,56,16,2,1,1,Low,Python,https://github.com/alejandroayalad/trinity/blob/014f3064689ff8f8fda6be264d9bb17c46497989/backend/tests/test_dashboard_service.py#L41-L56
Tests,backend/tests/test_dashboard_service.py,NationalServiceTests.test_http_errors_preserve_safe_headers_and_retry_after,322,337,16,2,1,1,Low,Python,https://github.com/alejandroayalad/trinity/blob/014f3064689ff8f8fda6be264d9bb17c46497989/backend/tests/test_dashboard_service.py#L322-L337
Tests,backend/tests/test_eia_pagination.py,PaginationTests.test_facility_total_mismatch_is_retained_as_evidence,149,164,16,2,1,1,Low,Python,https://github.com/alejandroayalad/trinity/blob/014f3064689ff8f8fda6be264d9bb17c46497989/backend/tests/test_eia_pagination.py#L149-L164
Tests,backend/tests/test_evidence_compression.py,CompressionTests.test_declared_expansion_and_reader_budget_bound_output,131,146,16,2,0,1,Low,Python,https://github.com/alejandroayalad/trinity/blob/014f3064689ff8f8fda6be264d9bb17c46497989/backend/tests/test_evidence_compression.py#L131-L146
Tests,backend/tests/test_publication_dispatch.py,PublicationDispatchTests.test_three_transport_attempts_then_stop_proof_failure.scenario,70,85,16,2,1,1,Low,Python,https://github.com/alejandroayalad/trinity/blob/014f3064689ff8f8fda6be264d9bb17c46497989/backend/tests/test_publication_dispatch.py#L70-L85
Tests,backend/tests/test_publication_postgres.py,PublicationPostgresTests.test_integrity_failure_discard_and_new_refresh,52,67,16,2,0,1,Low,Python,https://github.com/alejandroayalad/trinity/blob/014f3064689ff8f8fda6be264d9bb17c46497989/backend/tests/test_publication_postgres.py#L52-L67
Tests,backend/tests/test_refresh_postgres.py,RefreshPostgresTests.test_upgrade_from_preview_preserves_its_evidence_and_has_one_head,200,215,16,2,0,1,Low,Python,https://github.com/alejandroayalad/trinity/blob/014f3064689ff8f8fda6be264d9bb17c46497989/backend/tests/test_refresh_postgres.py#L200-L215
Tests,backend/tests/test_refresh_worker.py,WorkerTests.test_actual_crash_after_discovery_keeps_original_window,241,256,16,2,1,1,Low,Python,https://github.com/alejandroayalad/trinity/blob/014f3064689ff8f8fda6be264d9bb17c46497989/backend/tests/test_refresh_worker.py#L241-L256
Tests,backend/tests/test_scheduler_postgres.py,SchedulerPostgresTests.test_due_occurrence_admits_one_run_like_manual_start,113,128,16,2,0,1,Low,Python,https://github.com/alejandroayalad/trinity/blob/014f3064689ff8f8fda6be264d9bb17c46497989/backend/tests/test_scheduler_postgres.py#L113-L128
Production,backend/src/trinity/workers/refresh.py,register_receipt,85,99,15,2,1,1,Low,Python,https://github.com/alejandroayalad/trinity/blob/014f3064689ff8f8fda6be264d9bb17c46497989/backend/src/trinity/workers/refresh.py#L85-L99
Tests,backend/tests/test_eia_pagination.py,PaginationTests.test_changing_total_even_on_empty_probe_fails_every_route,182,196,15,2,1,1,Low,Python,https://github.com/alejandroayalad/trinity/blob/014f3064689ff8f8fda6be264d9bb17c46497989/backend/tests/test_eia_pagination.py#L182-L196
Tests,backend/tests/test_evidence_cache.py,EvidenceCacheTests.test_corrupt_evidence_and_expired_fill_failure_never_use_old_result,150,164,15,2,1,1,Low,Python,https://github.com/alejandroayalad/trinity/blob/014f3064689ff8f8fda6be264d9bb17c46497989/backend/tests/test_evidence_cache.py#L150-L164
Tests,backend/tests/test_findings_report.py,FindingsReportTests.test_palisades_gap_and_nearly_full_day_break_runs,99,113,15,2,0,1,Low,Python,https://github.com/alejandroayalad/trinity/blob/014f3064689ff8f8fda6be264d9bb17c46497989/backend/tests/test_findings_report.py#L99-L113
Tests,backend/tests/test_normalize.py,NormalizationTests.test_optional_blanks_and_absence_return_null_and_observation_codes,131,145,15,2,1,1,Low,Python,https://github.com/alejandroayalad/trinity/blob/014f3064689ff8f8fda6be264d9bb17c46497989/backend/tests/test_normalize.py#L131-L145
Tests,backend/tests/test_preview_provenance.py,ProvenanceTests.test_complete_hashes_do_not_excuse_partial_or_mixed_evaluations,151,165,15,2,1,1,Low,Python,https://github.com/alejandroayalad/trinity/blob/014f3064689ff8f8fda6be264d9bb17c46497989/backend/tests/test_preview_provenance.py#L151-L165
Tests,backend/tests/test_preview_unit.py,PreviewCursorTests.test_valid_mac_does_not_authorize_invalid_payload,225,239,15,2,1,1,Low,Python,https://github.com/alejandroayalad/trinity/blob/014f3064689ff8f8fda6be264d9bb17c46497989/backend/tests/test_preview_unit.py#L225-L239
Tests,backend/tests/test_s3.py,StorageTests.test_local_persistence_failure_blocks_completion,413,427,15,2,1,1,Low,Python,https://github.com/alejandroayalad/trinity/blob/014f3064689ff8f8fda6be264d9bb17c46497989/backend/tests/test_s3.py#L413-L427
Tests,backend/tests/test_s3.py,StorageTests.test_changed_local_upload_evidence_cannot_return_a_success_receipt,455,469,15,2,1,1,Low,Python,https://github.com/alejandroayalad/trinity/blob/014f3064689ff8f8fda6be264d9bb17c46497989/backend/tests/test_s3.py#L455-L469
Tests,backend/tests/test_schedule_unit.py,ScheduleStatusTests.test_inconsistent_status_is_rejected,213,227,15,2,1,1,Low,Python,https://github.com/alejandroayalad/trinity/blob/014f3064689ff8f8fda6be264d9bb17c46497989/backend/tests/test_schedule_unit.py#L213-L227
Tests,backend/tests/test_scheduler_postgres.py,SchedulerPostgresTests.test_new_time_after_admitted_run_is_a_new_identity,173,187,15,2,0,1,Low,Python,https://github.com/alejandroayalad/trinity/blob/014f3064689ff8f8fda6be264d9bb17c46497989/backend/tests/test_scheduler_postgres.py#L173-L187
Tests,backend/tests/test_scheduler_postgres.py,SchedulerPostgresTests.test_save_waits_for_admission_and_cannot_change_its_revision.slow_clock,269,283,15,2,1,1,Low,Python,https://github.com/alejandroayalad/trinity/blob/014f3064689ff8f8fda6be264d9bb17c46497989/backend/tests/test_scheduler_postgres.py#L269-L283
Tests,backend/tests/test_settings_postgres.py,SettingsPostgresTests.test_save_during_lifecycle_creates_no_work,142,156,15,2,1,1,Low,Python,https://github.com/alejandroayalad/trinity/blob/014f3064689ff8f8fda6be264d9bb17c46497989/backend/tests/test_settings_postgres.py#L142-L156
Tests,backend/tests/test_validate.py,ValidationTests.test_s30_diagnostic_order_is_stable_but_changed_summary_changes_digest,480,494,15,2,1,1,Low,Python,https://github.com/alejandroayalad/trinity/blob/014f3064689ff8f8fda6be264d9bb17c46497989/backend/tests/test_validate.py#L480-L494
Production,frontend/src/pages/dashboard/NationalChart.tsx,NationalChart.<callback@49>.tick,59,73,15,2,1,1,Low,TypeScript/JavaScript,https://github.com/alejandroayalad/trinity/blob/014f3064689ff8f8fda6be264d9bb17c46497989/frontend/src/pages/dashboard/NationalChart.tsx#L59-L73
Tools and migrations,frontend/src/test/setup.ts,<callback@19>,19,33,15,2,1,1,Low,TypeScript/JavaScript,https://github.com/alejandroayalad/trinity/blob/014f3064689ff8f8fda6be264d9bb17c46497989/frontend/src/test/setup.ts#L19-L33
Production,backend/src/trinity/config.py,load_s3_settings,109,122,14,2,1,1,Low,Python,https://github.com/alejandroayalad/trinity/blob/014f3064689ff8f8fda6be264d9bb17c46497989/backend/src/trinity/config.py#L109-L122
Tests,backend/tests/test_catalog_postgres.py,PostgresCatalogTests.test_role_session_expiry_revocation_and_deactivation_changes,53,66,14,2,1,1,Low,Python,https://github.com/alejandroayalad/trinity/blob/014f3064689ff8f8fda6be264d9bb17c46497989/backend/tests/test_catalog_postgres.py#L53-L66
Tests,backend/tests/test_catalog_postgres.py,PostgresCatalogTests.test_missing_inconsistent_and_unreadable_state_fail_closed,108,121,14,2,1,1,Low,Python,https://github.com/alejandroayalad/trinity/blob/014f3064689ff8f8fda6be264d9bb17c46497989/backend/tests/test_catalog_postgres.py#L108-L121
Tests,backend/tests/test_choice_service.py,ChoiceServiceTests.setUp,22,35,14,2,1,1,Low,Python,https://github.com/alejandroayalad/trinity/blob/014f3064689ff8f8fda6be264d9bb17c46497989/backend/tests/test_choice_service.py#L22-L35
Tests,backend/tests/test_choices.py,ChoiceTests.test_primitive_inputs_reject_duplicates_unknowns_and_wrong_route_parameters,105,118,14,2,1,1,Low,Python,https://github.com/alejandroayalad/trinity/blob/014f3064689ff8f8fda6be264d9bb17c46497989/backend/tests/test_choices.py#L105-L118
Tests,backend/tests/test_choices.py,ChoiceTests.test_bad_runtime_page_fails_instead_of_silently_repairing,146,159,14,2,1,1,Low,Python,https://github.com/alejandroayalad/trinity/blob/014f3064689ff8f8fda6be264d9bb17c46497989/backend/tests/test_choices.py#L146-L159
Tests,backend/tests/test_dashboard_runtime.py,DashboardRuntimeTests.test_duplicate_outside_and_lookahead_runtime_rows_are_rejected,275,288,14,2,1,1,Low,Python,https://github.com/alejandroayalad/trinity/blob/014f3064689ff8f8fda6be264d9bb17c46497989/backend/tests/test_dashboard_runtime.py#L275-L288
Tests,backend/tests/test_dashboard_unit.py,DashboardCalculationTests.test_gaps_and_end_summary_preserve_nulls_and_source_strings,136,149,14,2,0,1,Low,Python,https://github.com/alejandroayalad/trinity/blob/014f3064689ff8f8fda6be264d9bb17c46497989/backend/tests/test_dashboard_unit.py#L136-L149
Tests,backend/tests/test_eia_retries.py,RetryTests.test_other_transport_errors_do_not_retry,141,154,14,2,1,1,Low,Python,https://github.com/alejandroayalad/trinity/blob/014f3064689ff8f8fda6be264d9bb17c46497989/backend/tests/test_eia_retries.py#L141-L154
Tests,backend/tests/test_refresh_dispatch.py,DispatchTests.test_real_unavailable_redis_exhaustion_retains_failure_and_slot.scenario,119,132,14,2,1,1,Low,Python,https://github.com/alejandroayalad/trinity/blob/014f3064689ff8f8fda6be264d9bb17c46497989/backend/tests/test_refresh_dispatch.py#L119-L132
Tests,backend/tests/test_s3.py,StorageTests.test_object_limit_and_unsafe_paths_fail_before_remote_upload,353,366,14,2,1,1,Low,Python,https://github.com/alejandroayalad/trinity/blob/014f3064689ff8f8fda6be264d9bb17c46497989/backend/tests/test_s3.py#L353-L366
Tests,backend/tests/test_settings_service.py,BlockerTests.test_priority_ids_and_messages,181,194,14,2,1,1,Low,Python,https://github.com/alejandroayalad/trinity/blob/014f3064689ff8f8fda6be264d9bb17c46497989/backend/tests/test_settings_service.py#L181-L194
Tests,backend/tests/test_settings_service.py,HttpTests.test_status_route_shape_and_denials,292,305,14,2,1,1,Low,Python,https://github.com/alejandroayalad/trinity/blob/014f3064689ff8f8fda6be264d9bb17c46497989/backend/tests/test_settings_service.py#L292-L305
Production,frontend/src/shell/AppShell.tsx,AppShell,29,42,14,2,0,1,Low,TypeScript/JavaScript,https://github.com/alejandroayalad/trinity/blob/014f3064689ff8f8fda6be264d9bb17c46497989/frontend/src/shell/AppShell.tsx#L29-L42
Tools and migrations,frontend/src/test/fetchStub.ts,withAbort.<callback@61>,61,74,14,2,1,1,Low,TypeScript/JavaScript,https://github.com/alejandroayalad/trinity/blob/014f3064689ff8f8fda6be264d9bb17c46497989/frontend/src/test/fetchStub.ts#L61-L74
Tests,frontend/tests/e2e/session.spec.ts,<callback@63>,63,76,14,2,0,1,Low,TypeScript/JavaScript,https://github.com/alejandroayalad/trinity/blob/014f3064689ff8f8fda6be264d9bb17c46497989/frontend/tests/e2e/session.spec.ts#L63-L76
Production,backend/src/trinity/connector/client.py,EIAClient._send_request,657,669,13,2,1,1,Low,Python,https://github.com/alejandroayalad/trinity/blob/014f3064689ff8f8fda6be264d9bb17c46497989/backend/src/trinity/connector/client.py#L657-L669
Production,backend/src/trinity/queries/repository.py,transition,41,53,13,2,1,1,Low,Python,https://github.com/alejandroayalad/trinity/blob/014f3064689ff8f8fda6be264d9bb17c46497989/backend/src/trinity/queries/repository.py#L41-L53
Production,backend/src/trinity/workers/scheduler.py,configure_logging,147,159,13,2,1,1,Low,Python,https://github.com/alejandroayalad/trinity/blob/014f3064689ff8f8fda6be264d9bb17c46497989/backend/src/trinity/workers/scheduler.py#L147-L159
Tests,backend/tests/live_eia.py,LiveEIATests.test_one_nonempty_page_from_each_route,16,28,13,2,1,1,Low,Python,https://github.com/alejandroayalad/trinity/blob/014f3064689ff8f8fda6be264d9bb17c46497989/backend/tests/live_eia.py#L16-L28
Tests,backend/tests/postgres_fixture.py,PostgresFixture.setUp,51,63,13,2,1,1,Low,Python,https://github.com/alejandroayalad/trinity/blob/014f3064689ff8f8fda6be264d9bb17c46497989/backend/tests/postgres_fixture.py#L51-L63
Tests,backend/tests/test_auth_postgres.py,PostgresAuthTests.test_upgrade_rerun_and_constraints,57,69,13,2,1,1,Low,Python,https://github.com/alejandroayalad/trinity/blob/014f3064689ff8f8fda6be264d9bb17c46497989/backend/tests/test_auth_postgres.py#L57-L69
Tests,backend/tests/test_catalog_postgres.py,PostgresCatalogTests.test_publication_change_during_request_keeps_one_snapshot,153,165,13,2,1,1,Low,Python,https://github.com/alejandroayalad/trinity/blob/014f3064689ff8f8fda6be264d9bb17c46497989/backend/tests/test_catalog_postgres.py#L153-L165
Tests,backend/tests/test_choice_runtime.py,ChoiceRuntimeTests.test_shared_sql_rate_counter_and_invalid_inputs,114,126,13,2,1,1,Low,Python,https://github.com/alejandroayalad/trinity/blob/014f3064689ff8f8fda6be264d9bb17c46497989/backend/tests/test_choice_runtime.py#L114-L126
Tests,backend/tests/test_preview_service.py,Database.transaction,28,40,13,2,1,1,Low,Python,https://github.com/alejandroayalad/trinity/blob/014f3064689ff8f8fda6be264d9bb17c46497989/backend/tests/test_preview_service.py#L28-L40
Tests,backend/tests/test_preview_unit.py,PreviewResponseTests.test_response_rejects_wire_schema_and_state_corruption,392,404,13,2,1,1,Low,Python,https://github.com/alejandroayalad/trinity/blob/014f3064689ff8f8fda6be264d9bb17c46497989/backend/tests/test_preview_unit.py#L392-L404
Tests,backend/tests/test_refresh_admission.py,compete,12,24,13,2,1,1,Low,Python,https://github.com/alejandroayalad/trinity/blob/014f3064689ff8f8fda6be264d9bb17c46497989/backend/tests/test_refresh_admission.py#L12-L24
Tests,backend/tests/test_scheduler_postgres.py,scheduler_contender,49,61,13,2,1,1,Low,Python,https://github.com/alejandroayalad/trinity/blob/014f3064689ff8f8fda6be264d9bb17c46497989/backend/tests/test_scheduler_postgres.py#L49-L61
Production,backend/src/trinity/connector/parquet.py,_parent,80,91,12,2,1,1,Low,Python,https://github.com/alejandroayalad/trinity/blob/014f3064689ff8f8fda6be264d9bb17c46497989/backend/src/trinity/connector/parquet.py#L80-L91
Production,backend/src/trinity/connector/parquet.py,_read,94,105,12,2,1,1,Low,Python,https://github.com/alejandroayalad/trinity/blob/014f3064689ff8f8fda6be264d9bb17c46497989/backend/src/trinity/connector/parquet.py#L94-L105
Production,backend/src/trinity/connector/validate.py,_Journal.__enter__,636,647,12,2,1,1,Low,Python,https://github.com/alejandroayalad/trinity/blob/014f3064689ff8f8fda6be264d9bb17c46497989/backend/src/trinity/connector/validate.py#L636-L647
Production,backend/src/trinity/contracts/manifest.py,read_json,77,88,12,2,1,1,Low,Python,https://github.com/alejandroayalad/trinity/blob/014f3064689ff8f8fda6be264d9bb17c46497989/backend/src/trinity/contracts/manifest.py#L77-L88
Production,backend/src/trinity/queries/runtime/engine.py,restricted_context,49,60,12,2,1,1,Low,Python,https://github.com/alejandroayalad/trinity/blob/014f3064689ff8f8fda6be264d9bb17c46497989/backend/src/trinity/queries/runtime/engine.py#L49-L60
Tests,backend/tests/test_choice_runtime.py,ChoiceRuntimeTests.test_empty_publication_and_invalid_http_inputs_do_not_stage,137,148,12,2,1,1,Low,Python,https://github.com/alejandroayalad/trinity/blob/014f3064689ff8f8fda6be264d9bb17c46497989/backend/tests/test_choice_runtime.py#L137-L148
Tests,backend/tests/test_dashboard_service.py,NationalServiceTests.test_semantic_failures_keep_exactly_one_committed_debit,133,144,12,2,1,1,Low,Python,https://github.com/alejandroayalad/trinity/blob/014f3064689ff8f8fda6be264d9bb17c46497989/backend/tests/test_dashboard_service.py#L133-L144
Tests,backend/tests/test_dashboard_service.py,NationalServiceTests.test_page_size_is_selected_date_count_for_presets_leap_year_and_metric,230,241,12,2,1,1,Low,Python,https://github.com/alejandroayalad/trinity/blob/014f3064689ff8f8fda6be264d9bb17c46497989/backend/tests/test_dashboard_service.py#L230-L241
Tests,backend/tests/test_eia_client.py,EIAClientTests.test_timeout_and_transport_errors_are_safe,158,169,12,2,1,1,Low,Python,https://github.com/alejandroayalad/trinity/blob/014f3064689ff8f8fda6be264d9bb17c46497989/backend/tests/test_eia_client.py#L158-L169
Tests,backend/tests/test_evidence_cache.py,EvidenceCacheTests.test_cancelled_or_expired_hit_and_unknown_dataset_are_rejected,166,177,12,2,1,1,Low,Python,https://github.com/alejandroayalad/trinity/blob/014f3064689ff8f8fda6be264d9bb17c46497989/backend/tests/test_evidence_cache.py#L166-L177
Tests,backend/tests/test_preview_engine.py,PreviewEngineTests.test_response_rejects_bad_batch_order_filters_and_empty_continuation,98,109,12,2,1,1,Low,Python,https://github.com/alejandroayalad/trinity/blob/014f3064689ff8f8fda6be264d9bb17c46497989/backend/tests/test_preview_engine.py#L98-L109
Tests,backend/tests/test_preview_postgres.py,PreviewPostgresTests.test_migration_pair_constraint_and_real_pin_approval_binding,70,81,12,2,1,1,Low,Python,https://github.com/alejandroayalad/trinity/blob/014f3064689ff8f8fda6be264d9bb17c46497989/backend/tests/test_preview_postgres.py#L70-L81
Tests,backend/tests/test_preview_service.py,PreviewServiceTests.test_later_semantic_and_cursor_failures_retain_one_committed_debit,81,92,12,2,1,1,Low,Python,https://github.com/alejandroayalad/trinity/blob/014f3064689ff8f8fda6be264d9bb17c46497989/backend/tests/test_preview_service.py#L81-L92
Tests,backend/tests/test_refresh_recovery.py,EligibilityTests.test_preclaim_rejects_execution_trace_or_missing_outbox,268,279,12,2,1,1,Low,Python,https://github.com/alejandroayalad/trinity/blob/014f3064689ff8f8fda6be264d9bb17c46497989/backend/tests/test_refresh_recovery.py#L268-L279
Tests,backend/tests/test_refresh_recovery_service.py,RecoveryServiceTests.test_conflicting_key_never_loads_another_target,179,190,12,2,1,1,Low,Python,https://github.com/alejandroayalad/trinity/blob/014f3064689ff8f8fda6be264d9bb17c46497989/backend/tests/test_refresh_recovery_service.py#L179-L190
Tests,backend/tests/test_s3.py,StorageTests.test_local_bundle_and_receipt_readback_detect_silent_write_damage,442,453,12,2,1,1,Low,Python,https://github.com/alejandroayalad/trinity/blob/014f3064689ff8f8fda6be264d9bb17c46497989/backend/tests/test_s3.py#L442-L453
Tests,backend/tests/test_sql_engine.py,EngineTests.test_round_ties_scale_range_overflow_and_empty_aggregates,78,89,12,2,1,1,Low,Python,https://github.com/alejandroayalad/trinity/blob/014f3064689ff8f8fda6be264d9bb17c46497989/backend/tests/test_sql_engine.py#L78-L89
Tests,backend/tests/test_sql_postgres.py,QueryPostgresTests.test_http_viewer_invalid_body_and_policy_denials_are_safe,109,120,12,2,1,1,Low,Python,https://github.com/alejandroayalad/trinity/blob/014f3064689ff8f8fda6be264d9bb17c46497989/backend/tests/test_sql_postgres.py#L109-L120
Production,backend/src/trinity/catalog/registry.py,describe_dataset,33,43,11,2,0,1,Low,Python,https://github.com/alejandroayalad/trinity/blob/014f3064689ff8f8fda6be264d9bb17c46497989/backend/src/trinity/catalog/registry.py#L33-L43
Production,backend/src/trinity/queries/router.py,preview_dataset,42,52,11,2,1,1,Low,Python,https://github.com/alejandroayalad/trinity/blob/014f3064689ff8f8fda6be264d9bb17c46497989/backend/src/trinity/queries/router.py#L42-L52
Production,backend/src/trinity/queries/router.py,choice_call,55,65,11,2,1,1,Low,Python,https://github.com/alejandroayalad/trinity/blob/014f3064689ff8f8fda6be264d9bb17c46497989/backend/src/trinity/queries/router.py#L55-L65
Production,backend/src/trinity/queries/runtime/sql_policy.py,_Policy.normalize.grouped_expression,320,330,11,2,1,1,Low,Python,https://github.com/alejandroayalad/trinity/blob/014f3064689ff8f8fda6be264d9bb17c46497989/backend/src/trinity/queries/runtime/sql_policy.py#L320-L330
Production,backend/src/trinity/workers/refresh.py,failure_results,72,82,11,2,1,1,Low,Python,https://github.com/alejandroayalad/trinity/blob/014f3064689ff8f8fda6be264d9bb17c46497989/backend/src/trinity/workers/refresh.py#L72-L82
Tests,backend/tests/publication_process_fixture.py,command_process,16,26,11,2,1,1,Low,Python,https://github.com/alejandroayalad/trinity/blob/014f3064689ff8f8fda6be264d9bb17c46497989/backend/tests/publication_process_fixture.py#L16-L26
Tests,backend/tests/test_choice_service.py,ChoiceServiceTests.test_bookmark_binds_search_parent_limit_and_route,99,109,11,2,1,1,Low,Python,https://github.com/alejandroayalad/trinity/blob/014f3064689ff8f8fda6be264d9bb17c46497989/backend/tests/test_choice_service.py#L99-L109
Tests,backend/tests/test_choices.py,ChoiceTests.test_runtime_dispatch_binding_and_reject_cross_kind,134,144,11,2,1,1,Low,Python,https://github.com/alejandroayalad/trinity/blob/014f3064689ff8f8fda6be264d9bb17c46497989/backend/tests/test_choices.py#L134-L144
Tests,backend/tests/test_dashboard_postgres.py,DashboardPostgresTests.test_all_four_services_share_30_attempts_across_processes,143,153,11,2,0,1,Low,Python,https://github.com/alejandroayalad/trinity/blob/014f3064689ff8f8fda6be264d9bb17c46497989/backend/tests/test_dashboard_postgres.py#L143-L153
Tests,backend/tests/test_dashboard_service.py,NationalServiceTests.test_shape_failures_do_not_debit,121,131,11,2,1,1,Low,Python,https://github.com/alejandroayalad/trinity/blob/014f3064689ff8f8fda6be264d9bb17c46497989/backend/tests/test_dashboard_service.py#L121-L131
Tests,backend/tests/test_dashboard_service.py,NationalServiceTests.test_http_disabled_execution_uses_existing_switch_and_no_runtime,304,314,11,2,1,1,Low,Python,https://github.com/alejandroayalad/trinity/blob/014f3064689ff8f8fda6be264d9bb17c46497989/backend/tests/test_dashboard_service.py#L304-L314
Tests,backend/tests/test_dashboard_unit.py,DashboardInputTests.test_d01_date_table,37,47,11,2,1,1,Low,Python,https://github.com/alejandroayalad/trinity/blob/014f3064689ff8f8fda6be264d9bb17c46497989/backend/tests/test_dashboard_unit.py#L37-L47
Tests,backend/tests/test_dashboard_unit.py,DashboardInputTests.test_combinations_pass_shape_but_fail_after_debit_boundary,68,78,11,2,1,1,Low,Python,https://github.com/alejandroayalad/trinity/blob/014f3064689ff8f8fda6be264d9bb17c46497989/backend/tests/test_dashboard_unit.py#L68-L78
Tests,backend/tests/test_parquet.py,FreezeFilesTests.test_source_routes_must_match_the_supplied_window_and_dataset_set,337,347,11,2,1,1,Low,Python,https://github.com/alejandroayalad/trinity/blob/014f3064689ff8f8fda6be264d9bb17c46497989/backend/tests/test_parquet.py#L337-L347
Tests,backend/tests/test_preview_check.py,PreviewCheckTests.test_fixture_rejects_missing_wrong_filter_and_duplicate_keys,93,103,11,2,1,1,Low,Python,https://github.com/alejandroayalad/trinity/blob/014f3064689ff8f8fda6be264d9bb17c46497989/backend/tests/test_preview_check.py#L93-L103
Tests,backend/tests/test_preview_provenance.py,ProvenanceTests.test_wrong_pinned_identity_and_expired_budget_fail,167,177,11,2,1,1,Low,Python,https://github.com/alejandroayalad/trinity/blob/014f3064689ff8f8fda6be264d9bb17c46497989/backend/tests/test_preview_provenance.py#L167-L177
Tests,backend/tests/test_preview_unit.py,PreviewResponseTests.test_serializer_never_rounds_or_accepts_float_nonfinite_overflow,326,336,11,2,1,1,Low,Python,https://github.com/alejandroayalad/trinity/blob/014f3064689ff8f8fda6be264d9bb17c46497989/backend/tests/test_preview_unit.py#L326-L336
Tests,backend/tests/test_refresh_candidates.py,CandidateTests.test_registration_attempt_exhaustion_cannot_reset_budget,269,279,11,2,1,1,Low,Python,https://github.com/alejandroayalad/trinity/blob/014f3064689ff8f8fda6be264d9bb17c46497989/backend/tests/test_refresh_candidates.py#L269-L279
Tests,backend/tests/test_refresh_recovery_runtime.py,RecoveryRuntimeTests.test_delete_cannot_release_a_new_manual_owner,90,100,11,2,1,1,Low,Python,https://github.com/alejandroayalad/trinity/blob/014f3064689ff8f8fda6be264d9bb17c46497989/backend/tests/test_refresh_recovery_runtime.py#L90-L100
Tests,backend/tests/test_refresh_recovery_runtime.py,RecoveryChildTests.test_exhausted_dispatch_is_recoverable_without_a_worker,312,322,11,2,1,1,Low,Python,https://github.com/alejandroayalad/trinity/blob/014f3064689ff8f8fda6be264d9bb17c46497989/backend/tests/test_refresh_recovery_runtime.py#L312-L322
Tests,backend/tests/test_schedule_unit.py,row,32,42,11,2,1,1,Low,Python,https://github.com/alejandroayalad/trinity/blob/014f3064689ff8f8fda6be264d9bb17c46497989/backend/tests/test_schedule_unit.py#L32-L42
Production,frontend/src/components/brand/BrandLockup.tsx,BrandLockup,10,20,11,2,1,1,Low,TypeScript/JavaScript,https://github.com/alejandroayalad/trinity/blob/014f3064689ff8f8fda6be264d9bb17c46497989/frontend/src/components/brand/BrandLockup.tsx#L10-L20
Tests,frontend/src/lib/dates.test.ts,<callback@17>.<callback@22>,22,32,11,2,1,1,Low,TypeScript/JavaScript,https://github.com/alejandroayalad/trinity/blob/014f3064689ff8f8fda6be264d9bb17c46497989/frontend/src/lib/dates.test.ts#L22-L32
Production,frontend/src/session/session.ts,saveSession,63,73,11,2,1,1,Low,TypeScript/JavaScript,https://github.com/alejandroayalad/trinity/blob/014f3064689ff8f8fda6be264d9bb17c46497989/frontend/src/session/session.ts#L63-L73
Production,backend/src/trinity/connector/pipeline.py,prepare_candidate.save,489,498,10,2,1,1,Low,Python,https://github.com/alejandroayalad/trinity/blob/014f3064689ff8f8fda6be264d9bb17c46497989/backend/src/trinity/connector/pipeline.py#L489-L498
Production,backend/src/trinity/dashboard/calculation.py,build_dashboard,168,177,10,2,1,1,Low,Python,https://github.com/alejandroayalad/trinity/blob/014f3064689ff8f8fda6be264d9bb17c46497989/backend/src/trinity/dashboard/calculation.py#L168-L177
Production,backend/src/trinity/dashboard/router.py,_service,13,22,10,2,1,1,Low,Python,https://github.com/alejandroayalad/trinity/blob/014f3064689ff8f8fda6be264d9bb17c46497989/backend/src/trinity/dashboard/router.py#L13-L22
Tests,backend/tests/test_choice_service.py,ChoiceServiceTests.test_semantics_and_cursor_failures_keep_one_debit,61,70,10,2,1,1,Low,Python,https://github.com/alejandroayalad/trinity/blob/014f3064689ff8f8fda6be264d9bb17c46497989/backend/tests/test_choice_service.py#L61-L70
Tests,backend/tests/test_eia_client.py,EIAClientTests.test_empty_page_and_misleading_facility_total_are_valid,109,118,10,2,1,1,Low,Python,https://github.com/alejandroayalad/trinity/blob/014f3064689ff8f8fda6be264d9bb17c46497989/backend/tests/test_eia_client.py#L109-L118
Tests,backend/tests/test_normalize.py,NormalizationTests.test_noncanonical_or_impossible_dates_fail,106,115,10,2,1,1,Low,Python,https://github.com/alejandroayalad/trinity/blob/014f3064689ff8f8fda6be264d9bb17c46497989/backend/tests/test_normalize.py#L106-L115
Tests,backend/tests/test_preview_check.py,PreviewCheckTests.test_wrong_values_publication_diagnostics_and_repeated_page_fail,82,91,10,2,1,1,Low,Python,https://github.com/alejandroayalad/trinity/blob/014f3064689ff8f8fda6be264d9bb17c46497989/backend/tests/test_preview_check.py#L82-L91
Tests,backend/tests/test_preview_unit.py,PreviewInputTests.test_semantic_validation_is_a_distinct_post_shape_boundary,150,159,10,2,1,1,Low,Python,https://github.com/alejandroayalad/trinity/blob/014f3064689ff8f8fda6be264d9bb17c46497989/backend/tests/test_preview_unit.py#L150-L159
Tests,backend/tests/test_preview_unit.py,PreviewResponseTests.test_native_values_roundtrip_with_canonical_columns,315,324,10,2,1,1,Low,Python,https://github.com/alejandroayalad/trinity/blob/014f3064689ff8f8fda6be264d9bb17c46497989/backend/tests/test_preview_unit.py#L315-L324
Tests,backend/tests/test_preview_unit.py,PreviewResponseTests.test_diagnostic_registry_privacy_and_no_implicit_empty,381,390,10,2,1,1,Low,Python,https://github.com/alejandroayalad/trinity/blob/014f3064689ff8f8fda6be264d9bb17c46497989/backend/tests/test_preview_unit.py#L381-L390
Tests,backend/tests/test_publication_process.py,PublicationProcessTests.test_cancelled_async_wrapper_does_not_release_live_thread_lock.scenario,104,113,10,2,1,1,Low,Python,https://github.com/alejandroayalad/trinity/blob/014f3064689ff8f8fda6be264d9bb17c46497989/backend/tests/test_publication_process.py#L104-L113
Tests,backend/tests/test_refresh_candidates.py,CandidateTests.crash,96,105,10,2,1,1,Low,Python,https://github.com/alejandroayalad/trinity/blob/014f3064689ff8f8fda6be264d9bb17c46497989/backend/tests/test_refresh_candidates.py#L96-L105
Tests,backend/tests/test_refresh_postgres.py,RefreshPostgresTests.test_outbox_rejects_partial_or_out_of_state_lease,162,171,10,2,1,1,Low,Python,https://github.com/alejandroayalad/trinity/blob/014f3064689ff8f8fda6be264d9bb17c46497989/backend/tests/test_refresh_postgres.py#L162-L171
Tests,backend/tests/test_refresh_postgres.py,RefreshPostgresTests.test_committed_identity_and_selected_step_cannot_be_rebound,173,182,10,2,1,1,Low,Python,https://github.com/alejandroayalad/trinity/blob/014f3064689ff8f8fda6be264d9bb17c46497989/backend/tests/test_refresh_postgres.py#L173-L182
Tests,backend/tests/test_refresh_recovery.py,EligibilityTests.test_discarded_wrong_run_and_published_candidates_are_protected,244,253,10,2,1,1,Low,Python,https://github.com/alejandroayalad/trinity/blob/014f3064689ff8f8fda6be264d9bb17c46497989/backend/tests/test_refresh_recovery.py#L244-L253
Tests,backend/tests/test_refresh_recovery_runtime.py,RecoveryRuntimeTests.scheduled_admission,102,111,10,2,1,1,Low,Python,https://github.com/alejandroayalad/trinity/blob/014f3064689ff8f8fda6be264d9bb17c46497989/backend/tests/test_refresh_recovery_runtime.py#L102-L111
Tests,frontend/src/api/client.test.ts,<callback@24>.<callback@174>,174,183,10,2,1,1,Low,TypeScript/JavaScript,https://github.com/alejandroayalad/trinity/blob/014f3064689ff8f8fda6be264d9bb17c46497989/frontend/src/api/client.test.ts#L174-L183
Production,frontend/src/components/feedback/States.tsx,NothingToShow,38,47,10,2,0,1,Low,TypeScript/JavaScript,https://github.com/alejandroayalad/trinity/blob/014f3064689ff8f8fda6be264d9bb17c46497989/frontend/src/components/feedback/States.tsx#L38-L47
Tools and migrations,scripts/measure_dashboard_browser.mjs,<callback@39>,39,48,10,2,1,1,Low,TypeScript/JavaScript,https://github.com/alejandroayalad/trinity/blob/014f3064689ff8f8fda6be264d9bb17c46497989/scripts/measure_dashboard_browser.mjs#L39-L48
Tools and migrations,scripts/profile_query_evidence.py,measure_evidence.measured,79,88,10,2,1,1,Low,Python,https://github.com/alejandroayalad/trinity/blob/014f3064689ff8f8fda6be264d9bb17c46497989/scripts/profile_query_evidence.py#L79-L88
Production,backend/src/trinity/connector/retrieval.py,RetrievalMetadata.to_dict,64,72,9,2,1,1,Low,Python,https://github.com/alejandroayalad/trinity/blob/014f3064689ff8f8fda6be264d9bb17c46497989/backend/src/trinity/connector/retrieval.py#L64-L72
Production,backend/src/trinity/publication/diagnostics.py,read_preview_diagnostics,23,31,9,2,1,1,Low,Python,https://github.com/alejandroayalad/trinity/blob/014f3064689ff8f8fda6be264d9bb17c46497989/backend/src/trinity/publication/diagnostics.py#L23-L31
Production,backend/src/trinity/publication/diagnostics.py,read_verified_diagnostics.fetch,54,62,9,2,1,1,Low,Python,https://github.com/alejandroayalad/trinity/blob/014f3064689ff8f8fda6be264d9bb17c46497989/backend/src/trinity/publication/diagnostics.py#L54-L62
Production,backend/src/trinity/queries/choices.py,resolve_choices,62,70,9,2,1,1,Low,Python,https://github.com/alejandroayalad/trinity/blob/014f3064689ff8f8fda6be264d9bb17c46497989/backend/src/trinity/queries/choices.py#L62-L70
Production,backend/src/trinity/queries/router.py,run_query,14,22,9,2,1,1,Low,Python,https://github.com/alejandroayalad/trinity/blob/014f3064689ff8f8fda6be264d9bb17c46497989/backend/src/trinity/queries/router.py#L14-L22
Production,backend/src/trinity/refresh/cursors.py,load_refresh_keys,17,25,9,2,1,1,Low,Python,https://github.com/alejandroayalad/trinity/blob/014f3064689ff8f8fda6be264d9bb17c46497989/backend/src/trinity/refresh/cursors.py#L17-L25
Production,backend/src/trinity/refresh/repository.py,record_warning_resolution,149,157,9,2,1,1,Low,Python,https://github.com/alejandroayalad/trinity/blob/014f3064689ff8f8fda6be264d9bb17c46497989/backend/src/trinity/refresh/repository.py#L149-L157
Production,backend/src/trinity/refresh/repository.py,run_steps,170,178,9,2,1,1,Low,Python,https://github.com/alejandroayalad/trinity/blob/014f3064689ff8f8fda6be264d9bb17c46497989/backend/src/trinity/refresh/repository.py#L170-L178
Production,backend/src/trinity/workers/refresh.py,RefreshWorker.__init__,104,112,9,2,0,1,Low,Python,https://github.com/alejandroayalad/trinity/blob/014f3064689ff8f8fda6be264d9bb17c46497989/backend/src/trinity/workers/refresh.py#L104-L112
Tests,backend/tests/test_auth_unit.py,CorruptIdentityTests.test_unknown_stored_role_is_denied_by_real_resolver,196,204,9,2,1,1,Low,Python,https://github.com/alejandroayalad/trinity/blob/014f3064689ff8f8fda6be264d9bb17c46497989/backend/tests/test_auth_unit.py#L196-L204
Tests,backend/tests/test_catalog_unit.py,OperatorCatalogTests.test_checker_rejects_hidden_fields_wrong_roles_and_inconsistent_readiness,309,317,9,2,1,1,Low,Python,https://github.com/alejandroayalad/trinity/blob/014f3064689ff8f8fda6be264d9bb17c46497989/backend/tests/test_catalog_unit.py#L309-L317
Tests,backend/tests/test_config.py,EIASettingsTests.test_reads_environment_and_masks_output,14,22,9,2,1,1,Low,Python,https://github.com/alejandroayalad/trinity/blob/014f3064689ff8f8fda6be264d9bb17c46497989/backend/tests/test_config.py#L14-L22
Tests,backend/tests/test_dashboard_service.py,NationalServiceTests.test_all_roles_have_identical_national_results,99,107,9,2,1,1,Low,Python,https://github.com/alejandroayalad/trinity/blob/014f3064689ff8f8fda6be264d9bb17c46497989/backend/tests/test_dashboard_service.py#L99-L107
Tests,backend/tests/test_dashboard_service.py,NationalServiceTests.test_absent_publication_returns_409_without_execution,162,170,9,2,1,1,Low,Python,https://github.com/alejandroayalad/trinity/blob/014f3064689ff8f8fda6be264d9bb17c46497989/backend/tests/test_dashboard_service.py#L162-L170
Tests,backend/tests/test_eia_client.py,EIAClientTests.test_route_specific_identifiers_are_required,208,216,9,2,1,1,Low,Python,https://github.com/alejandroayalad/trinity/blob/014f3064689ff8f8fda6be264d9bb17c46497989/backend/tests/test_eia_client.py#L208-L216
Tests,backend/tests/test_evidence_compression.py,CompressionTests.test_bootstrap_parquet_and_unprofitable_small_files_stay_unencoded,61,69,9,2,1,1,Low,Python,https://github.com/alejandroayalad/trinity/blob/014f3064689ff8f8fda6be264d9bb17c46497989/backend/tests/test_evidence_compression.py#L61-L69
Tests,backend/tests/test_evidence_compression.py,CompressionTests.test_ambiguous_compressed_upload_reuses_exact_bytes_without_overwrite,99,107,9,2,0,1,Low,Python,https://github.com/alejandroayalad/trinity/blob/014f3064689ff8f8fda6be264d9bb17c46497989/backend/tests/test_evidence_compression.py#L99-L107
Tests,backend/tests/test_evidence_compression.py,CompressionTests.test_expired_or_cancelled_storage_does_not_start_compression,201,209,9,2,1,1,Low,Python,https://github.com/alejandroayalad/trinity/blob/014f3064689ff8f8fda6be264d9bb17c46497989/backend/tests/test_evidence_compression.py#L201-L209
Tests,backend/tests/test_findings_report.py,FindingsReportTests.test_capacity_change_keeps_added_and_removed_observations_missing,83,91,9,2,0,1,Low,Python,https://github.com/alejandroayalad/trinity/blob/014f3064689ff8f8fda6be264d9bb17c46497989/backend/tests/test_findings_report.py#L83-L91
Tests,backend/tests/test_findings_report.py,FindingsReportTests.test_csv_rejects_duplicates_missing_and_nonfinite_numbers,169,177,9,2,1,1,Low,Python,https://github.com/alejandroayalad/trinity/blob/014f3064689ff8f8fda6be264d9bb17c46497989/backend/tests/test_findings_report.py#L169-L177
Tests,backend/tests/test_findings_report.py,FindingsReportTests.test_daily_keys_preserve_string_ids,179,187,9,2,0,1,Low,Python,https://github.com/alejandroayalad/trinity/blob/014f3064689ff8f8fda6be264d9bb17c46497989/backend/tests/test_findings_report.py#L179-L187
Tests,backend/tests/test_parquet.py,FreezeFilesTests.test_empty_dataset_and_out_of_window_bounds_do_not_freeze,349,357,9,2,1,1,Low,Python,https://github.com/alejandroayalad/trinity/blob/014f3064689ff8f8fda6be264d9bb17c46497989/backend/tests/test_parquet.py#L349-L357
Tests,backend/tests/test_parquet.py,ManifestIdentityTests.test_reader_rejects_duplicate_keys_noncanonical_bytes_and_missing_fields,508,516,9,2,1,1,Low,Python,https://github.com/alejandroayalad/trinity/blob/014f3064689ff8f8fda6be264d9bb17c46497989/backend/tests/test_parquet.py#L508-L516
Tests,backend/tests/test_prepare.py,PreparationCommandTests.run_command,162,170,9,2,1,1,Low,Python,https://github.com/alejandroayalad/trinity/blob/014f3064689ff8f8fda6be264d9bb17c46497989/backend/tests/test_prepare.py#L162-L170
Tests,backend/tests/test_preview_check.py,PreviewCheckTests.test_missing_publication_empty_page_or_continuation_is_not_ready,72,80,9,2,1,1,Low,Python,https://github.com/alejandroayalad/trinity/blob/014f3064689ff8f8fda6be264d9bb17c46497989/backend/tests/test_preview_check.py#L72-L80
Tests,backend/tests/test_preview_unit.py,PreviewCursorTests.test_roundtrip_all_datasets_and_full_key,204,212,9,2,1,1,Low,Python,https://github.com/alejandroayalad/trinity/blob/014f3064689ff8f8fda6be264d9bb17c46497989/backend/tests/test_preview_unit.py#L204-L212
Tests,backend/tests/test_preview_unit.py,PreviewResponseTests.test_order_filters_and_after_are_validated_including_lookahead,371,379,9,2,1,1,Low,Python,https://github.com/alejandroayalad/trinity/blob/014f3064689ff8f8fda6be264d9bb17c46497989/backend/tests/test_preview_unit.py#L371-L379
Tests,backend/tests/test_publication_evidence.py,PublicationEvidenceTests.test_missing_altered_and_mixed_evidence_fail_closed,32,40,9,2,1,1,Low,Python,https://github.com/alejandroayalad/trinity/blob/014f3064689ff8f8fda6be264d9bb17c46497989/backend/tests/test_publication_evidence.py#L32-L40
Tests,backend/tests/test_refresh_candidates.py,CandidateTests.test_ownership_lost_during_remote_read_cannot_commit.factory.replace_owner,314,322,9,2,1,1,Low,Python,https://github.com/alejandroayalad/trinity/blob/014f3064689ff8f8fda6be264d9bb17c46497989/backend/tests/test_refresh_candidates.py#L314-L322
Tests,backend/tests/test_refresh_recovery.py,EligibilityTests.test_active_or_terminal_nonfailure_states_reject_before_evidence_reads,218,226,9,2,1,1,Low,Python,https://github.com/alejandroayalad/trinity/blob/014f3064689ff8f8fda6be264d9bb17c46497989/backend/tests/test_refresh_recovery.py#L218-L226
Tests,backend/tests/test_refresh_worker.py,WorkerTests.test_direct_writes_cannot_extend_deadline_or_change_frozen_window,205,213,9,2,1,1,Low,Python,https://github.com/alejandroayalad/trinity/blob/014f3064689ff8f8fda6be264d9bb17c46497989/backend/tests/test_refresh_worker.py#L205-L213
Tests,backend/tests/test_scheduler_postgres.py,SchedulerPostgresTests.test_restart_inside_window_admits_and_after_window_misses,142,150,9,2,1,1,Low,Python,https://github.com/alejandroayalad/trinity/blob/014f3064689ff8f8fda6be264d9bb17c46497989/backend/tests/test_scheduler_postgres.py#L142-L150
Tests,backend/tests/test_sql_review_scaffold.py,SqlReviewScaffoldTests.test_unapproved_function_spellings_normalize_to_coalesce,54,62,9,2,1,1,Low,Python,https://github.com/alejandroayalad/trinity/blob/014f3064689ff8f8fda6be264d9bb17c46497989/backend/tests/test_sql_review_scaffold.py#L54-L62
Tests,backend/tests/test_validate.py,ValidationTests.test_s09_generator_total_disagreement_blocks.alter,162,170,9,2,1,1,Low,Python,https://github.com/alejandroayalad/trinity/blob/014f3064689ff8f8fda6be264d9bb17c46497989/backend/tests/test_validate.py#L162-L170
Production,frontend/src/lib/dates.ts,formatUtcTime,100,108,9,2,1,1,Low,TypeScript/JavaScript,https://github.com/alejandroayalad/trinity/blob/014f3064689ff8f8fda6be264d9bb17c46497989/frontend/src/lib/dates.ts#L100-L108
Tests,frontend/src/lib/decimal.test.ts,<callback@26>.<callback@57>,57,65,9,2,0,1,Low,TypeScript/JavaScript,https://github.com/alejandroayalad/trinity/blob/014f3064689ff8f8fda6be264d9bb17c46497989/frontend/src/lib/decimal.test.ts#L57-L65
Tests,frontend/src/pages/pages.test.tsx,<callback@261>,261,269,9,2,1,1,Low,TypeScript/JavaScript,https://github.com/alejandroayalad/trinity/blob/014f3064689ff8f8fda6be264d9bb17c46497989/frontend/src/pages/pages.test.tsx#L261-L269
Production,backend/src/trinity/adapters/s3.py,StorageOperation._wait,290,297,8,2,1,1,Low,Python,https://github.com/alejandroayalad/trinity/blob/014f3064689ff8f8fda6be264d9bb17c46497989/backend/src/trinity/adapters/s3.py#L290-L297
Production,backend/src/trinity/auth/service.py,AuthService.authenticated,58,65,8,2,1,1,Low,Python,https://github.com/alejandroayalad/trinity/blob/014f3064689ff8f8fda6be264d9bb17c46497989/backend/src/trinity/auth/service.py#L58-L65
Production,backend/src/trinity/connector/prepare.py,supervise.record,273,280,8,2,1,1,Low,Python,https://github.com/alejandroayalad/trinity/blob/014f3064689ff8f8fda6be264d9bb17c46497989/backend/src/trinity/connector/prepare.py#L273-L280
Production,backend/src/trinity/connector/validate.py,_evaluate,616,623,8,2,1,1,Low,Python,https://github.com/alejandroayalad/trinity/blob/014f3064689ff8f8fda6be264d9bb17c46497989/backend/src/trinity/connector/validate.py#L616-L623
Production,backend/src/trinity/refresh/repository.py,run_history,160,167,8,2,1,1,Low,Python,https://github.com/alejandroayalad/trinity/blob/014f3064689ff8f8fda6be264d9bb17c46497989/backend/src/trinity/refresh/repository.py#L160-L167
Production,backend/src/trinity/refresh/tracking.py,warning_view,38,45,8,2,1,1,Low,Python,https://github.com/alejandroayalad/trinity/blob/014f3064689ff8f8fda6be264d9bb17c46497989/backend/src/trinity/refresh/tracking.py#L38-L45
Tests,backend/tests/test_auth_postgres.py,PostgresAuthTests.test_seed_empty_concurrently_is_atomic,81,88,8,2,1,1,Low,Python,https://github.com/alejandroayalad/trinity/blob/014f3064689ff8f8fda6be264d9bb17c46497989/backend/tests/test_auth_postgres.py#L81-L88
Tests,backend/tests/test_auth_unit.py,TransportTests.test_invalid_identity_and_duplicate_headers,97,104,8,2,1,1,Low,Python,https://github.com/alejandroayalad/trinity/blob/014f3064689ff8f8fda6be264d9bb17c46497989/backend/tests/test_auth_unit.py#L97-L104
Tests,backend/tests/test_catalog_unit.py,CatalogTests.test_rejected_parameters_bodies_and_streamed_limit,212,219,8,2,1,1,Low,Python,https://github.com/alejandroayalad/trinity/blob/014f3064689ff8f8fda6be264d9bb17c46497989/backend/tests/test_catalog_unit.py#L212-L219
Tests,backend/tests/test_dashboard_runtime.py,DashboardRuntimeTests.test_oom_and_output_limit_return_no_partial_result,266,273,8,2,1,1,Low,Python,https://github.com/alejandroayalad/trinity/blob/014f3064689ff8f8fda6be264d9bb17c46497989/backend/tests/test_dashboard_runtime.py#L266-L273
Tests,backend/tests/test_dashboard_unit.py,DashboardCalculationTests.test_every_d02_row,102,109,8,2,1,1,Low,Python,https://github.com/alejandroayalad/trinity/blob/014f3064689ff8f8fda6be264d9bb17c46497989/backend/tests/test_dashboard_unit.py#L102-L109
Tests,backend/tests/test_dashboard_unit.py,DashboardSchemaTests.test_days_length_order_range_and_summary,207,214,8,2,1,1,Low,Python,https://github.com/alejandroayalad/trinity/blob/014f3064689ff8f8fda6be264d9bb17c46497989/backend/tests/test_dashboard_unit.py#L207-L214
Tests,backend/tests/test_findings_report.py,FindingsReportTests.test_api_probe_scope_cannot_be_substituted,160,167,8,2,1,1,Low,Python,https://github.com/alejandroayalad/trinity/blob/014f3064689ff8f8fda6be264d9bb17c46497989/backend/tests/test_findings_report.py#L160-L167
Tests,backend/tests/test_parquet.py,ManifestIdentityTests.test_canonical_json_rejects_floats_and_lossy_decimals,499,506,8,2,1,1,Low,Python,https://github.com/alejandroayalad/trinity/blob/014f3064689ff8f8fda6be264d9bb17c46497989/backend/tests/test_parquet.py#L499-L506
Tests,backend/tests/test_preview_runtime.py,PreviewRuntimeTests.test_publication_change_during_read_keeps_original_then_cursor_restarts.switch,176,183,8,2,1,1,Low,Python,https://github.com/alejandroayalad/trinity/blob/014f3064689ff8f8fda6be264d9bb17c46497989/backend/tests/test_preview_runtime.py#L176-L183
Tests,backend/tests/test_preview_unit.py,SafeAssertions.problem,88,95,8,2,1,1,Low,Python,https://github.com/alejandroayalad/trinity/blob/014f3064689ff8f8fda6be264d9bb17c46497989/backend/tests/test_preview_unit.py#L88-L95
Tests,backend/tests/test_preview_unit.py,PreviewCursorTests.test_noncanonical_duplicate_deep_and_unicode_json_rejected,241,248,8,2,1,1,Low,Python,https://github.com/alejandroayalad/trinity/blob/014f3064689ff8f8fda6be264d9bb17c46497989/backend/tests/test_preview_unit.py#L241-L248
Tests,backend/tests/test_preview_unit.py,PreviewCursorTests.test_maximum_unicode_payload_fits_and_empty_runtime_authority,284,291,8,2,1,1,Low,Python,https://github.com/alejandroayalad/trinity/blob/014f3064689ff8f8fda6be264d9bb17c46497989/backend/tests/test_preview_unit.py#L284-L291
Tests,backend/tests/test_preview_unit.py,PreviewCursorTests.test_entity_filter_and_page_size_must_be_repeated,304,311,8,2,1,1,Low,Python,https://github.com/alejandroayalad/trinity/blob/014f3064689ff8f8fda6be264d9bb17c46497989/backend/tests/test_preview_unit.py#L304-L311
Tests,backend/tests/test_publication_evidence.py,PublicationEvidenceTests.test_queue_payload_rejects_path_authority_and_boolean_generations,42,49,8,2,1,1,Low,Python,https://github.com/alejandroayalad/trinity/blob/014f3064689ff8f8fda6be264d9bb17c46497989/backend/tests/test_publication_evidence.py#L42-L49
Tests,backend/tests/test_refresh_recovery.py,ParsingTests.test_receipt_accepts_new_and_existing_action_values,75,82,8,2,1,1,Low,Python,https://github.com/alejandroayalad/trinity/blob/014f3064689ff8f8fda6be264d9bb17c46497989/backend/tests/test_refresh_recovery.py#L75-L82
Tests,backend/tests/test_refresh_recovery.py,EligibilityTests.test_started_failure_needs_owner_fence_and_rejected_candidate,209,216,8,2,1,1,Low,Python,https://github.com/alejandroayalad/trinity/blob/014f3064689ff8f8fda6be264d9bb17c46497989/backend/tests/test_refresh_recovery.py#L209-L216
Tests,backend/tests/test_refresh_recovery.py,EligibilityTests.test_warning_identity_and_resolution_must_match,228,235,8,2,1,1,Low,Python,https://github.com/alejandroayalad/trinity/blob/014f3064689ff8f8fda6be264d9bb17c46497989/backend/tests/test_refresh_recovery.py#L228-L235
Tests,backend/tests/test_refresh_recovery.py,EligibilityTests.test_publication_rejects_incomplete_stop_and_retained_owner,288,295,8,2,1,1,Low,Python,https://github.com/alejandroayalad/trinity/blob/014f3064689ff8f8fda6be264d9bb17c46497989/backend/tests/test_refresh_recovery.py#L288-L295
Tests,backend/tests/test_retrieval.py,RetrievalTests.test_missing_key_produces_three_failed_results,198,205,8,2,1,1,Low,Python,https://github.com/alejandroayalad/trinity/blob/014f3064689ff8f8fda6be264d9bb17c46497989/backend/tests/test_retrieval.py#L198-L205
Tests,backend/tests/test_settings_service.py,ParseTests.test_body_errors,76,83,8,2,1,1,Low,Python,https://github.com/alejandroayalad/trinity/blob/014f3064689ff8f8fda6be264d9bb17c46497989/backend/tests/test_settings_service.py#L76-L83
Tests,backend/tests/test_sql_engine.py,EngineTests.test_exact_numbers_nulls_duplicates_and_units,37,44,8,2,0,1,Low,Python,https://github.com/alejandroayalad/trinity/blob/014f3064689ff8f8fda6be264d9bb17c46497989/backend/tests/test_sql_engine.py#L37-L44
Tests,backend/tests/test_validate.py,ValidationTests.test_s11_identical_duplicate_keys_fail_at_every_grain,209,216,8,2,1,1,Low,Python,https://github.com/alejandroayalad/trinity/blob/014f3064689ff8f8fda6be264d9bb17c46497989/backend/tests/test_validate.py#L209-L216
Production,frontend/src/components/controls/ShortId.tsx,ShortId.copy,18,25,8,2,1,1,Low,TypeScript/JavaScript,https://github.com/alejandroayalad/trinity/blob/014f3064689ff8f8fda6be264d9bb17c46497989/frontend/src/components/controls/ShortId.tsx#L18-L25
Production,frontend/src/components/feedback/StatusBadge.tsx,StatusBadge,12,19,8,2,1,1,Low,TypeScript/JavaScript,https://github.com/alejandroayalad/trinity/blob/014f3064689ff8f8fda6be264d9bb17c46497989/frontend/src/components/feedback/StatusBadge.tsx#L12-L19
Production,frontend/src/lib/dates.ts,isDateText,42,49,8,2,1,1,Low,TypeScript/JavaScript,https://github.com/alejandroayalad/trinity/blob/014f3064689ff8f8fda6be264d9bb17c46497989/frontend/src/lib/dates.ts#L42-L49
Production,frontend/src/session/session.ts,clearSession,75,82,8,2,1,1,Low,TypeScript/JavaScript,https://github.com/alejandroayalad/trinity/blob/014f3064689ff8f8fda6be264d9bb17c46497989/frontend/src/session/session.ts#L75-L82
Production,backend/src/trinity/auth/passwords.py,_worker,39,45,7,2,1,1,Low,Python,https://github.com/alejandroayalad/trinity/blob/014f3064689ff8f8fda6be264d9bb17c46497989/backend/src/trinity/auth/passwords.py#L39-L45
Production,backend/src/trinity/auth/rotate.py,_prompt,98,104,7,2,1,1,Low,Python,https://github.com/alejandroayalad/trinity/blob/014f3064689ff8f8fda6be264d9bb17c46497989/backend/src/trinity/auth/rotate.py#L98-L104
Production,backend/src/trinity/connector/client.py,EIAClientError.__init__,66,72,7,2,1,1,Low,Python,https://github.com/alejandroayalad/trinity/blob/014f3064689ff8f8fda6be264d9bb17c46497989/backend/src/trinity/connector/client.py#L66-L72
Production,backend/src/trinity/connector/normalize.py,_unit,116,122,7,2,1,1,Low,Python,https://github.com/alejandroayalad/trinity/blob/014f3064689ff8f8fda6be264d9bb17c46497989/backend/src/trinity/connector/normalize.py#L116-L122
Production,backend/src/trinity/connector/validate.py,CheckResult.to_dict,90,96,7,2,0,1,Low,Python,https://github.com/alejandroayalad/trinity/blob/014f3064689ff8f8fda6be264d9bb17c46497989/backend/src/trinity/connector/validate.py#L90-L96
Production,backend/src/trinity/refresh/execution.py,ExecutionService.reference,115,121,7,2,0,1,Low,Python,https://github.com/alejandroayalad/trinity/blob/014f3064689ff8f8fda6be264d9bb17c46497989/backend/src/trinity/refresh/execution.py#L115-L121
Tests,backend/tests/query_fault_proxy.py,ReplyLossProxy.close,87,93,7,2,1,1,Low,Python,https://github.com/alejandroayalad/trinity/blob/014f3064689ff8f8fda6be264d9bb17c46497989/backend/tests/query_fault_proxy.py#L87-L93
Tests,backend/tests/test_auth_rotate.py,RotateOfflineTests.test_names_are_validated_before_any_database_access,27,33,7,2,1,1,Low,Python,https://github.com/alejandroayalad/trinity/blob/014f3064689ff8f8fda6be264d9bb17c46497989/backend/tests/test_auth_rotate.py#L27-L33
Tests,backend/tests/test_dashboard_service.py,NationalServiceTests.test_broken_pointer_or_evidence_returns_503_before_capacity,172,178,7,2,1,1,Low,Python,https://github.com/alejandroayalad/trinity/blob/014f3064689ff8f8fda6be264d9bb17c46497989/backend/tests/test_dashboard_service.py#L172-L178
Tests,backend/tests/test_parquet.py,ManifestIdentityTests.test_schema_identity_covers_order_type_and_nullability_not_metadata,491,497,7,2,1,1,Low,Python,https://github.com/alejandroayalad/trinity/blob/014f3064689ff8f8fda6be264d9bb17c46497989/backend/tests/test_parquet.py#L491-L497
Tests,backend/tests/test_prepare.py,PreparationCommandTests.test_zero_exit_without_receipt_and_premature_receipt_are_incomplete,297,303,7,2,1,1,Low,Python,https://github.com/alejandroayalad/trinity/blob/014f3064689ff8f8fda6be264d9bb17c46497989/backend/tests/test_prepare.py#L297-L303
Tests,backend/tests/test_preview_provenance.py,ProvenanceTests.read,77,83,7,2,0,1,Low,Python,https://github.com/alejandroayalad/trinity/blob/014f3064689ff8f8fda6be264d9bb17c46497989/backend/tests/test_preview_provenance.py#L77-L83
Tests,backend/tests/test_preview_unit.py,PreviewInputTests.test_unknown_duplicate_body_and_collapsed_mapping_rejected,122,128,7,2,1,1,Low,Python,https://github.com/alejandroayalad/trinity/blob/014f3064689ff8f8fda6be264d9bb17c46497989/backend/tests/test_preview_unit.py#L122-L128
Tests,backend/tests/test_preview_unit.py,PreviewResponseTests.test_maximum_page_returns_1000_not_lookahead,363,369,7,2,0,1,Low,Python,https://github.com/alejandroayalad/trinity/blob/014f3064689ff8f8fda6be264d9bb17c46497989/backend/tests/test_preview_unit.py#L363-L369
Tests,backend/tests/test_refresh_recovery.py,EligibilityTests.preclaim,142,148,7,2,1,1,Low,Python,https://github.com/alejandroayalad/trinity/blob/014f3064689ff8f8fda6be264d9bb17c46497989/backend/tests/test_refresh_recovery.py#L142-L148
Tests,backend/tests/test_refresh_recovery_runtime.py,RecoveryRuntimeTests.test_delete_replay_preserves_new_scheduled_owner,120,126,7,2,1,1,Low,Python,https://github.com/alejandroayalad/trinity/blob/014f3064689ff8f8fda6be264d9bb17c46497989/backend/tests/test_refresh_recovery_runtime.py#L120-L126
Tests,backend/tests/test_refresh_recovery_runtime.py,RecoveryChildTests.recover,290,296,7,2,1,1,Low,Python,https://github.com/alejandroayalad/trinity/blob/014f3064689ff8f8fda6be264d9bb17c46497989/backend/tests/test_refresh_recovery_runtime.py#L290-L296
Tests,backend/tests/test_refresh_recovery_service.py,RecoveryServiceTests.test_role_and_session_changes_between_authorization_checks_are_denied,203,209,7,2,1,1,Low,Python,https://github.com/alejandroayalad/trinity/blob/014f3064689ff8f8fda6be264d9bb17c46497989/backend/tests/test_refresh_recovery_service.py#L203-L209
Tests,backend/tests/test_refresh_worker.py,blocked_child,28,34,7,2,1,1,Low,Python,https://github.com/alejandroayalad/trinity/blob/014f3064689ff8f8fda6be264d9bb17c46497989/backend/tests/test_refresh_worker.py#L28-L34
Tests,backend/tests/test_s3.py,StorageTests.test_concurrent_writers_have_only_one_reservation_winner.reserve,193,199,7,2,1,1,Low,Python,https://github.com/alejandroayalad/trinity/blob/014f3064689ff8f8fda6be264d9bb17c46497989/backend/tests/test_s3.py#L193-L199
Tests,backend/tests/test_s3.py,StorageTests.test_stream_interruption_retries_a_fresh_body_and_closes_each_body.interrupted,305,311,7,2,1,1,Low,Python,https://github.com/alejandroayalad/trinity/blob/014f3064689ff8f8fda6be264d9bb17c46497989/backend/tests/test_s3.py#L305-L311
Tests,backend/tests/test_s3.py,StorageTests.test_changed_local_upload_evidence_cannot_return_a_success_receipt.damage_evidence,459,465,7,2,1,1,Low,Python,https://github.com/alejandroayalad/trinity/blob/014f3064689ff8f8fda6be264d9bb17c46497989/backend/tests/test_s3.py#L459-L465
Tests,backend/tests/test_settings_postgres.py,SettingsPostgresTests.test_viewer_and_analyst_are_denied_before_settings_reads,88,94,7,2,1,1,Low,Python,https://github.com/alejandroayalad/trinity/blob/014f3064689ff8f8fda6be264d9bb17c46497989/backend/tests/test_settings_postgres.py#L88-L94
Tests,backend/tests/test_settings_postgres.py,SettingsPostgresTests.test_corrupt_stored_timezone_is_unavailable,176,182,7,2,1,1,Low,Python,https://github.com/alejandroayalad/trinity/blob/014f3064689ff8f8fda6be264d9bb17c46497989/backend/tests/test_settings_postgres.py#L176-L182
Tests,backend/tests/test_settings_service.py,StatusTests.test_disabled_and_unset_have_no_next_check,211,217,7,2,1,1,Low,Python,https://github.com/alejandroayalad/trinity/blob/014f3064689ff8f8fda6be264d9bb17c46497989/backend/tests/test_settings_service.py#L211-L217
Tests,backend/tests/test_sql_containers.py,FrameTests.test_huge_frame_and_partial_eof_fail,34,40,7,2,1,1,Low,Python,https://github.com/alejandroayalad/trinity/blob/014f3064689ff8f8fda6be264d9bb17c46497989/backend/tests/test_sql_containers.py#L34-L40
Tests,backend/tests/test_sql_policy.py,SqlPolicyTests.test_exact_labels_units_and_order_normalization,25,31,7,2,0,1,Low,Python,https://github.com/alejandroayalad/trinity/blob/014f3064689ff8f8fda6be264d9bb17c46497989/backend/tests/test_sql_policy.py#L25-L31
Tests,backend/tests/test_sql_postgres.py,QueryPostgresTests.test_invalid_sql_precedes_no_publication_and_debits_remain,53,59,7,2,1,1,Low,Python,https://github.com/alejandroayalad/trinity/blob/014f3064689ff8f8fda6be264d9bb17c46497989/backend/tests/test_sql_postgres.py#L53-L59
Tests,backend/tests/test_sql_review_scaffold.py,SqlReviewScaffoldTests.test_parse_keeps_a_trailing_write_and_an_empty_statement,28,34,7,2,0,1,Low,Python,https://github.com/alejandroayalad/trinity/blob/014f3064689ff8f8fda6be264d9bb17c46497989/backend/tests/test_sql_review_scaffold.py#L28-L34
Tests,backend/tests/test_sql_single_statement.py,SingleStatementTests.test_a01_returns_the_complete_select,18,24,7,2,0,1,Low,Python,https://github.com/alejandroayalad/trinity/blob/014f3064689ff8f8fda6be264d9bb17c46497989/backend/tests/test_sql_single_statement.py#L18-L24
Tests,backend/tests/test_sql_single_statement.py,SingleStatementTests.test_terminal_semicolon_accepts_only_whitespace_and_comments_after_it,75,81,7,2,1,1,Low,Python,https://github.com/alejandroayalad/trinity/blob/014f3064689ff8f8fda6be264d9bb17c46497989/backend/tests/test_sql_single_statement.py#L75-L81
Tests,backend/tests/test_sql_staging.py,Client.get_object,43,49,7,2,1,1,Low,Python,https://github.com/alejandroayalad/trinity/blob/014f3064689ff8f8fda6be264d9bb17c46497989/backend/tests/test_sql_staging.py#L43-L49
Tests,backend/tests/test_sql_staging.py,StagingTests.test_digest_or_second_file_failure_removes_partial_stage,74,80,7,2,1,1,Low,Python,https://github.com/alejandroayalad/trinity/blob/014f3064689ff8f8fda6be264d9bb17c46497989/backend/tests/test_sql_staging.py#L74-L80
Tests,backend/tests/test_validate.py,ValidationTests.test_s10_facility_total_mismatch_is_info_only.alter,190,196,7,2,1,1,Low,Python,https://github.com/alejandroayalad/trinity/blob/014f3064689ff8f8fda6be264d9bb17c46497989/backend/tests/test_validate.py#L190-L196
Production,frontend/src/components/feedback/States.tsx,ErrorState,26,32,7,2,0,1,Low,TypeScript/JavaScript,https://github.com/alejandroayalad/trinity/blob/014f3064689ff8f8fda6be264d9bb17c46497989/frontend/src/components/feedback/States.tsx#L26-L32
Production,frontend/src/lib/decimal.ts,positionBetween,213,219,7,2,1,1,Low,TypeScript/JavaScript,https://github.com/alejandroayalad/trinity/blob/014f3064689ff8f8fda6be264d9bb17c46497989/frontend/src/lib/decimal.ts#L213-L219
Tests,frontend/tests/e2e/session-reliability.spec.ts,<callback@10>.<callback@13>,13,19,7,2,1,1,Low,TypeScript/JavaScript,https://github.com/alejandroayalad/trinity/blob/014f3064689ff8f8fda6be264d9bb17c46497989/frontend/tests/e2e/session-reliability.spec.ts#L13-L19
Production,backend/src/trinity/adapters/postgres.py,Deadline.remaining,20,25,6,2,1,1,Low,Python,https://github.com/alejandroayalad/trinity/blob/014f3064689ff8f8fda6be264d9bb17c46497989/backend/src/trinity/adapters/postgres.py#L20-L25
Production,backend/src/trinity/adapters/s3.py,StorageError.__init__,38,43,6,2,0,1,Low,Python,https://github.com/alejandroayalad/trinity/blob/014f3064689ff8f8fda6be264d9bb17c46497989/backend/src/trinity/adapters/s3.py#L38-L43
Production,backend/src/trinity/adapters/s3.py,StorageOperation._key,283,288,6,2,1,1,Low,Python,https://github.com/alejandroayalad/trinity/blob/014f3064689ff8f8fda6be264d9bb17c46497989/backend/src/trinity/adapters/s3.py#L283-L288
Production,backend/src/trinity/auth/schemas.py,LoginRequest.password_length,33,38,6,2,1,1,Low,Python,https://github.com/alejandroayalad/trinity/blob/014f3064689ff8f8fda6be264d9bb17c46497989/backend/src/trinity/auth/schemas.py#L33-L38
Production,backend/src/trinity/auth/service.py,AuthService.__init__,26,31,6,2,1,1,Low,Python,https://github.com/alejandroayalad/trinity/blob/014f3064689ff8f8fda6be264d9bb17c46497989/backend/src/trinity/auth/service.py#L26-L31
Production,backend/src/trinity/catalog/schemas.py,LastRefresh.validate_completion,62,67,6,2,1,1,Low,Python,https://github.com/alejandroayalad/trinity/blob/014f3064689ff8f8fda6be264d9bb17c46497989/backend/src/trinity/catalog/schemas.py#L62-L67
Production,backend/src/trinity/config.py,EIASettings.require_nonblank_key,34,39,6,2,1,1,Low,Python,https://github.com/alejandroayalad/trinity/blob/014f3064689ff8f8fda6be264d9bb17c46497989/backend/src/trinity/config.py#L34-L39
Production,backend/src/trinity/config.py,load_api_settings,142,147,6,2,1,1,Low,Python,https://github.com/alejandroayalad/trinity/blob/014f3064689ff8f8fda6be264d9bb17c46497989/backend/src/trinity/config.py#L142-L147
Production,backend/src/trinity/connector/prepare.py,_date,59,64,6,2,1,1,Low,Python,https://github.com/alejandroayalad/trinity/blob/014f3064689ff8f8fda6be264d9bb17c46497989/backend/src/trinity/connector/prepare.py#L59-L64
Production,backend/src/trinity/connector/validate.py,_utc_time,275,280,6,2,1,1,Low,Python,https://github.com/alejandroayalad/trinity/blob/014f3064689ff8f8fda6be264d9bb17c46497989/backend/src/trinity/connector/validate.py#L275-L280
Production,backend/src/trinity/dashboard/calculation.py,parse_metric_input,69,74,6,2,1,1,Low,Python,https://github.com/alejandroayalad/trinity/blob/014f3064689ff8f8fda6be264d9bb17c46497989/backend/src/trinity/dashboard/calculation.py#L69-L74
Production,backend/src/trinity/dashboard/schemas.py,_NationalResponse.valid_publication,102,107,6,2,1,1,Low,Python,https://github.com/alejandroayalad/trinity/blob/014f3064689ff8f8fda6be264d9bb17c46497989/backend/src/trinity/dashboard/schemas.py#L102-L107
Production,backend/src/trinity/errors.py,SafeTransport.__call__.replay,128,133,6,2,1,1,Low,Python,https://github.com/alejandroayalad/trinity/blob/014f3064689ff8f8fda6be264d9bb17c46497989/backend/src/trinity/errors.py#L128-L133
Production,backend/src/trinity/queries/runtime/__main__.py,run_request,12,17,6,2,0,1,Low,Python,https://github.com/alejandroayalad/trinity/blob/014f3064689ff8f8fda6be264d9bb17c46497989/backend/src/trinity/queries/runtime/__main__.py#L12-L17
Production,backend/src/trinity/refresh/repository.py,lock_control,10,15,6,2,1,1,Low,Python,https://github.com/alejandroayalad/trinity/blob/014f3064689ff8f8fda6be264d9bb17c46497989/backend/src/trinity/refresh/repository.py#L10-L15
Tests,backend/tests/preview_runtime_fixture.py,ObjectClient.get_object,32,37,6,2,1,1,Low,Python,https://github.com/alejandroayalad/trinity/blob/014f3064689ff8f8fda6be264d9bb17c46497989/backend/tests/preview_runtime_fixture.py#L32-L37
Tests,backend/tests/test_auth_postgres.py,PostgresAuthTests.test_generic_denials_and_no_session_for_bad_credentials,109,114,6,2,1,1,Low,Python,https://github.com/alejandroayalad/trinity/blob/014f3064689ff8f8fda6be264d9bb17c46497989/backend/tests/test_auth_postgres.py#L109-L114
Tests,backend/tests/test_auth_unit.py,ApiConfigTests.test_missing_and_secret_bearing_invalid_configuration,165,170,6,2,1,1,Low,Python,https://github.com/alejandroayalad/trinity/blob/014f3064689ff8f8fda6be264d9bb17c46497989/backend/tests/test_auth_unit.py#L165-L170
Tests,backend/tests/test_dashboard_postgres.py,DashboardPostgresTests.test_publication_evidence_and_freshness_remain_in_one_real_snapshot.pause,121,126,6,2,1,1,Low,Python,https://github.com/alejandroayalad/trinity/blob/014f3064689ff8f8fda6be264d9bb17c46497989/backend/tests/test_dashboard_postgres.py#L121-L126
Tests,backend/tests/test_dashboard_service.py,NationalServiceTests.test_wrong_pin_or_range_is_rejected_even_when_preview_valid,283,288,6,2,1,1,Low,Python,https://github.com/alejandroayalad/trinity/blob/014f3064689ff8f8fda6be264d9bb17c46497989/backend/tests/test_dashboard_service.py#L283-L288
Tests,backend/tests/test_dashboard_unit.py,national_page,28,33,6,2,1,1,Low,Python,https://github.com/alejandroayalad/trinity/blob/014f3064689ff8f8fda6be264d9bb17c46497989/backend/tests/test_dashboard_unit.py#L28-L33
Tests,backend/tests/test_eia_pagination.py,response,39,44,6,2,1,1,Low,Python,https://github.com/alejandroayalad/trinity/blob/014f3064689ff8f8fda6be264d9bb17c46497989/backend/tests/test_eia_pagination.py#L39-L44
Tests,backend/tests/test_evidence_compression.py,CompressionTests.test_chunked_streams_and_full_read_retry_reset_decoder_and_output.get,184,189,6,2,1,1,Low,Python,https://github.com/alejandroayalad/trinity/blob/014f3064689ff8f8fda6be264d9bb17c46497989/backend/tests/test_evidence_compression.py#L184-L189
Tests,backend/tests/test_parquet.py,FreezeFilesTests.test_failed_evidence_sync_cannot_return_success.fail_file_sync,384,389,6,2,1,1,Low,Python,https://github.com/alejandroayalad/trinity/blob/014f3064689ff8f8fda6be264d9bb17c46497989/backend/tests/test_parquet.py#L384-L389
Tests,backend/tests/test_preview_runtime.py,PreviewRuntimeTests.test_oom_and_oversized_output_produce_no_partial_success,267,272,6,2,1,1,Low,Python,https://github.com/alejandroayalad/trinity/blob/014f3064689ff8f8fda6be264d9bb17c46497989/backend/tests/test_preview_runtime.py#L267-L272
Tests,backend/tests/test_publication_process.py,PublicationProcessTests.test_concurrent_operators_have_one_effect,69,74,6,2,0,1,Low,Python,https://github.com/alejandroayalad/trinity/blob/014f3064689ff8f8fda6be264d9bb17c46497989/backend/tests/test_publication_process.py#L69-L74
Tests,backend/tests/test_refresh_discovery.py,DiscoveryTests.test_empty_malformed_and_future_dates_never_supply_a_window,23,28,6,2,1,1,Low,Python,https://github.com/alejandroayalad/trinity/blob/014f3064689ff8f8fda6be264d9bb17c46497989/backend/tests/test_refresh_discovery.py#L23-L28
Tests,backend/tests/test_refresh_dispatch.py,crash_dispatch.scenario,22,27,6,2,1,1,Low,Python,https://github.com/alejandroayalad/trinity/blob/014f3064689ff8f8fda6be264d9bb17c46497989/backend/tests/test_refresh_dispatch.py#L22-L27
Tests,backend/tests/test_refresh_recovery.py,ParsingTests.test_only_single_strong_run_tag_is_valid,53,58,6,2,1,1,Low,Python,https://github.com/alejandroayalad/trinity/blob/014f3064689ff8f8fda6be264d9bb17c46497989/backend/tests/test_refresh_recovery.py#L53-L58
Tests,backend/tests/test_refresh_recovery.py,EligibilityTests.test_missing_false_or_wrong_owner_stop_evidence_is_rejected,191,196,6,2,1,1,Low,Python,https://github.com/alejandroayalad/trinity/blob/014f3064689ff8f8fda6be264d9bb17c46497989/backend/tests/test_refresh_recovery.py#L191-L196
Tests,backend/tests/test_refresh_recovery.py,EligibilityTests.test_missing_context_keeps_actions_disabled,237,242,6,2,1,1,Low,Python,https://github.com/alejandroayalad/trinity/blob/014f3064689ff8f8fda6be264d9bb17c46497989/backend/tests/test_refresh_recovery.py#L237-L242
Tests,backend/tests/test_refresh_recovery_runtime.py,race.call,42,47,6,2,1,1,Low,Python,https://github.com/alejandroayalad/trinity/blob/014f3064689ff8f8fda6be264d9bb17c46497989/backend/tests/test_refresh_recovery_runtime.py#L42-L47
Tests,backend/tests/test_refresh_recovery_runtime.py,RecoveryRuntimeTests.test_logout_race_never_authorizes_later_replay,146,151,6,2,0,1,Low,Python,https://github.com/alejandroayalad/trinity/blob/014f3064689ff8f8fda6be264d9bb17c46497989/backend/tests/test_refresh_recovery_runtime.py#L146-L151
Tests,backend/tests/test_refresh_recovery_runtime.py,RecoveryRuntimeTests.test_role_change_race_never_authorizes_later_replay,153,158,6,2,0,1,Low,Python,https://github.com/alejandroayalad/trinity/blob/014f3064689ff8f8fda6be264d9bb17c46497989/backend/tests/test_refresh_recovery_runtime.py#L153-L158
Tests,backend/tests/test_refresh_recovery_service.py,RecoveryServiceTests.test_invalid_input_is_rejected_before_protected_state_reads,230,235,6,2,1,1,Low,Python,https://github.com/alejandroayalad/trinity/blob/014f3064689ff8f8fda6be264d9bb17c46497989/backend/tests/test_refresh_recovery_service.py#L230-L235
Tests,backend/tests/test_refresh_worker.py,partial_validation_child.save,286,291,6,2,1,1,Low,Python,https://github.com/alejandroayalad/trinity/blob/014f3064689ff8f8fda6be264d9bb17c46497989/backend/tests/test_refresh_worker.py#L286-L291
Tests,backend/tests/test_schedule_unit.py,KeyTests.test_invalid_key_input,134,139,6,2,1,1,Low,Python,https://github.com/alejandroayalad/trinity/blob/014f3064689ff8f8fda6be264d9bb17c46497989/backend/tests/test_schedule_unit.py#L134-L139
Tests,backend/tests/test_scheduler_postgres.py,SchedulerPostgresTests.test_change_between_check_and_lock_is_rechecked.save_during_check,247,252,6,2,1,1,Low,Python,https://github.com/alejandroayalad/trinity/blob/014f3064689ff8f8fda6be264d9bb17c46497989/backend/tests/test_scheduler_postgres.py#L247-L252
Tests,backend/tests/test_settings_postgres.py,SettingsPostgresTests.operator_check,213,218,6,2,0,1,Low,Python,https://github.com/alejandroayalad/trinity/blob/014f3064689ff8f8fda6be264d9bb17c46497989/backend/tests/test_settings_postgres.py#L213-L218
Tests,backend/tests/test_settings_service.py,ParseTests.test_malformed_preconditions,69,74,6,2,1,1,Low,Python,https://github.com/alejandroayalad/trinity/blob/014f3064689ff8f8fda6be264d9bb17c46497989/backend/tests/test_settings_service.py#L69-L74
Tests,backend/tests/test_settings_service.py,UpdateOrderTests.run_update.write,112,117,6,2,0,1,Low,Python,https://github.com/alejandroayalad/trinity/blob/014f3064689ff8f8fda6be264d9bb17c46497989/backend/tests/test_settings_service.py#L112-L117
Tests,backend/tests/test_settings_service.py,UpdateOrderTests.test_bad_precondition_or_body_reads_no_settings,134,139,6,2,1,1,Low,Python,https://github.com/alejandroayalad/trinity/blob/014f3064689ff8f8fda6be264d9bb17c46497989/backend/tests/test_settings_service.py#L134-L139
Tests,backend/tests/test_sql_engine.py,EngineTests.setUp,19,24,6,2,1,1,Low,Python,https://github.com/alejandroayalad/trinity/blob/014f3064689ff8f8fda6be264d9bb17c46497989/backend/tests/test_sql_engine.py#L19-L24
Tests,backend/tests/test_sql_engine.py,EngineTests.test_message_tampering_fails_before_engine_creation,61,66,6,2,1,1,Low,Python,https://github.com/alejandroayalad/trinity/blob/014f3064689ff8f8fda6be264d9bb17c46497989/backend/tests/test_sql_engine.py#L61-L66
Tests,backend/tests/test_sql_policy.py,SqlPolicyTests.test_input_and_ast_limits,68,73,6,2,1,1,Low,Python,https://github.com/alejandroayalad/trinity/blob/014f3064689ff8f8fda6be264d9bb17c46497989/backend/tests/test_sql_policy.py#L68-L73
Tests,backend/tests/test_sql_single_statement.py,SingleStatementTests.test_second_semicolon_or_statement_after_comments_is_rejected,83,88,6,2,1,1,Low,Python,https://github.com/alejandroayalad/trinity/blob/014f3064689ff8f8fda6be264d9bb17c46497989/backend/tests/test_sql_single_statement.py#L83-L88
Tests,backend/tests/test_sql_single_statement.py,SingleStatementTests.test_quoted_semicolons_do_not_count_as_terminators,95,100,6,2,1,1,Low,Python,https://github.com/alejandroayalad/trinity/blob/014f3064689ff8f8fda6be264d9bb17c46497989/backend/tests/test_sql_single_statement.py#L95-L100
Tests,backend/tests/test_validate.py,ValidationTests.test_summary_or_detail_tampering_and_missing_completion_fail_handoff,570,575,6,2,1,1,Low,Python,https://github.com/alejandroayalad/trinity/blob/014f3064689ff8f8fda6be264d9bb17c46497989/backend/tests/test_validate.py#L570-L575
Tests,backend/tests/test_validate.py,ValidationTests.test_file_change_during_validation_fails_without_new_manifest.change_file,649,654,6,2,1,1,Low,Python,https://github.com/alejandroayalad/trinity/blob/014f3064689ff8f8fda6be264d9bb17c46497989/backend/tests/test_validate.py#L649-L654
Tools and migrations,deploy/check_web.py,WebRoutingChecks.cleanup,88,93,6,2,1,1,Low,Python,https://github.com/alejandroayalad/trinity/blob/014f3064689ff8f8fda6be264d9bb17c46497989/deploy/check_web.py#L88-L93
Tests,frontend/src/lib/decimal.test.ts,<callback@26>.<callback@76>,76,81,6,2,1,1,Low,TypeScript/JavaScript,https://github.com/alejandroayalad/trinity/blob/014f3064689ff8f8fda6be264d9bb17c46497989/frontend/src/lib/decimal.test.ts#L76-L81
Production,frontend/src/lib/decimal.ts,divide,115,120,6,2,1,1,Low,TypeScript/JavaScript,https://github.com/alejandroayalad/trinity/blob/014f3064689ff8f8fda6be264d9bb17c46497989/frontend/src/lib/decimal.ts#L115-L120
Tests,frontend/src/session/session.test.tsx,mount,16,21,6,2,1,1,Low,TypeScript/JavaScript,https://github.com/alejandroayalad/trinity/blob/014f3064689ff8f8fda6be264d9bb17c46497989/frontend/src/session/session.test.tsx#L16-L21
Tools and migrations,frontend/src/test/setup.ts,<callback@35>,35,40,6,2,1,1,Low,TypeScript/JavaScript,https://github.com/alejandroayalad/trinity/blob/014f3064689ff8f8fda6be264d9bb17c46497989/frontend/src/test/setup.ts#L35-L40
Tests,frontend/tests/e2e/presentation.spec.ts,<callback@13>.<callback@16>,16,21,6,2,1,1,Low,TypeScript/JavaScript,https://github.com/alejandroayalad/trinity/blob/014f3064689ff8f8fda6be264d9bb17c46497989/frontend/tests/e2e/presentation.spec.ts#L16-L21
Tests,frontend/tests/e2e/session-reliability.spec.ts,<callback@56>.<callback@57>,57,62,6,2,1,1,Low,TypeScript/JavaScript,https://github.com/alejandroayalad/trinity/blob/014f3064689ff8f8fda6be264d9bb17c46497989/frontend/tests/e2e/session-reliability.spec.ts#L57-L62
Tools and migrations,scripts/measure_dashboard_browser.mjs,<callback@39>.<callback@42>,42,47,6,2,1,1,Low,TypeScript/JavaScript,https://github.com/alejandroayalad/trinity/blob/014f3064689ff8f8fda6be264d9bb17c46497989/scripts/measure_dashboard_browser.mjs#L42-L47
Production,backend/src/trinity/adapters/docker.py,Docker.verify,101,105,5,2,1,1,Low,Python,https://github.com/alejandroayalad/trinity/blob/014f3064689ff8f8fda6be264d9bb17c46497989/backend/src/trinity/adapters/docker.py#L101-L105
Production,backend/src/trinity/auth/permissions.py,capabilities,21,25,5,2,1,1,Low,Python,https://github.com/alejandroayalad/trinity/blob/014f3064689ff8f8fda6be264d9bb17c46497989/backend/src/trinity/auth/permissions.py#L21-L25
Production,backend/src/trinity/connector/client.py,EIACollection.total_matches,135,139,5,2,1,1,Low,Python,https://github.com/alejandroayalad/trinity/blob/014f3064689ff8f8fda6be264d9bb17c46497989/backend/src/trinity/connector/client.py#L135-L139
Production,backend/src/trinity/connector/pipeline.py,retrieve_all.emit,51,55,5,2,1,1,Low,Python,https://github.com/alejandroayalad/trinity/blob/014f3064689ff8f8fda6be264d9bb17c46497989/backend/src/trinity/connector/pipeline.py#L51-L55
Production,backend/src/trinity/connector/prepare.py,_send_stage,93,97,5,2,1,1,Low,Python,https://github.com/alejandroayalad/trinity/blob/014f3064689ff8f8fda6be264d9bb17c46497989/backend/src/trinity/connector/prepare.py#L93-L97
Production,backend/src/trinity/connector/prepare.py,_send_detail,100,104,5,2,1,1,Low,Python,https://github.com/alejandroayalad/trinity/blob/014f3064689ff8f8fda6be264d9bb17c46497989/backend/src/trinity/connector/prepare.py#L100-L104
Production,backend/src/trinity/dashboard/schemas.py,DateRange.ordered,43,47,5,2,1,1,Low,Python,https://github.com/alejandroayalad/trinity/blob/014f3064689ff8f8fda6be264d9bb17c46497989/backend/src/trinity/dashboard/schemas.py#L43-L47
Production,backend/src/trinity/queries/config.py,preview_execution_factory,47,51,5,2,1,1,Low,Python,https://github.com/alejandroayalad/trinity/blob/014f3064689ff8f8fda6be264d9bb17c46497989/backend/src/trinity/queries/config.py#L47-L51
Production,backend/src/trinity/queries/preview_schemas.py,PreviewResponse.consistent_publication,121,125,5,2,1,1,Low,Python,https://github.com/alejandroayalad/trinity/blob/014f3064689ff8f8fda6be264d9bb17c46497989/backend/src/trinity/queries/preview_schemas.py#L121-L125
Production,backend/src/trinity/queries/runtime/sql_policy.py,_compatible,91,95,5,2,1,1,Low,Python,https://github.com/alejandroayalad/trinity/blob/014f3064689ff8f8fda6be264d9bb17c46497989/backend/src/trinity/queries/runtime/sql_policy.py#L91-L95
Production,backend/src/trinity/queries/runtime/sql_policy.py,_Generator.round_sql,100,104,5,2,1,1,Low,Python,https://github.com/alejandroayalad/trinity/blob/014f3064689ff8f8fda6be264d9bb17c46497989/backend/src/trinity/queries/runtime/sql_policy.py#L100-L104
Production,backend/src/trinity/queries/runtime/sql_policy.py,_Policy._source_token,152,156,5,2,1,1,Low,Python,https://github.com/alejandroayalad/trinity/blob/014f3064689ff8f8fda6be264d9bb17c46497989/backend/src/trinity/queries/runtime/sql_policy.py#L152-L156
Production,backend/src/trinity/queries/service.py,PreviewService.__init__,94,98,5,2,0,1,Low,Python,https://github.com/alejandroayalad/trinity/blob/014f3064689ff8f8fda6be264d9bb17c46497989/backend/src/trinity/queries/service.py#L94-L98
Production,backend/src/trinity/settings/schemas.py,SettingsRequest.known_timezone,40,44,5,2,1,1,Low,Python,https://github.com/alejandroayalad/trinity/blob/014f3064689ff8f8fda6be264d9bb17c46497989/backend/src/trinity/settings/schemas.py#L40-L44
Tests,backend/tests/preview_runtime_fixture.py,RuntimeSandbox.execution,107,111,5,2,1,1,Low,Python,https://github.com/alejandroayalad/trinity/blob/014f3064689ff8f8fda6be264d9bb17c46497989/backend/tests/preview_runtime_fixture.py#L107-L111
Tests,backend/tests/preview_runtime_fixture.py,RuntimeSandbox.close,116,120,5,2,1,1,Low,Python,https://github.com/alejandroayalad/trinity/blob/014f3064689ff8f8fda6be264d9bb17c46497989/backend/tests/preview_runtime_fixture.py#L116-L120
Tests,backend/tests/publication_process_fixture.py,crash_publication_dispatch.scenario,90,94,5,2,1,1,Low,Python,https://github.com/alejandroayalad/trinity/blob/014f3064689ff8f8fda6be264d9bb17c46497989/backend/tests/publication_process_fixture.py#L90-L94
Tests,backend/tests/refresh_worker_fixture.py,DiskObjects.__getitem__,16,20,5,2,1,1,Low,Python,https://github.com/alejandroayalad/trinity/blob/014f3064689ff8f8fda6be264d9bb17c46497989/backend/tests/refresh_worker_fixture.py#L16-L20
Tests,backend/tests/test_catalog_postgres.py,PostgresCatalogTests._during_catalog.pause,135,139,5,2,1,1,Low,Python,https://github.com/alejandroayalad/trinity/blob/014f3064689ff8f8fda6be264d9bb17c46497989/backend/tests/test_catalog_postgres.py#L135-L139
Tests,backend/tests/test_choices.py,ChoiceTests.test_maximum_unicode_bookmarks_fit_public_limit,161,165,5,2,1,1,Low,Python,https://github.com/alejandroayalad/trinity/blob/014f3064689ff8f8fda6be264d9bb17c46497989/backend/tests/test_choices.py#L161-L165
Tests,backend/tests/test_dashboard_service.py,NationalServiceTests.test_duplicate_rows_and_unexpected_lookahead_refuse_partial_results.more,273,277,5,2,0,1,Low,Python,https://github.com/alejandroayalad/trinity/blob/014f3064689ff8f8fda6be264d9bb17c46497989/backend/tests/test_dashboard_service.py#L273-L277
Tests,backend/tests/test_eia_retries.py,RetryTests.test_slow_attempt_times_out_then_retries_same_page.handler,214,218,5,2,1,1,Low,Python,https://github.com/alejandroayalad/trinity/blob/014f3064689ff8f8fda6be264d9bb17c46497989/backend/tests/test_eia_retries.py#L214-L218
Tests,backend/tests/test_eia_retries.py,RetryTests.test_page_budget_interrupts_slow_retry_after_504.handler,238,242,5,2,1,1,Low,Python,https://github.com/alejandroayalad/trinity/blob/014f3064689ff8f8fda6be264d9bb17c46497989/backend/tests/test_eia_retries.py#L238-L242
Tests,backend/tests/test_evidence_cache.py,GateReader.read_into,41,45,5,2,1,1,Low,Python,https://github.com/alejandroayalad/trinity/blob/014f3064689ff8f8fda6be264d9bb17c46497989/backend/tests/test_evidence_cache.py#L41-L45
Tests,backend/tests/test_parquet.py,FreezeFilesTests.test_s19_concurrent_reservations_have_one_winner.attempt,227,231,5,2,1,1,Low,Python,https://github.com/alejandroayalad/trinity/blob/014f3064689ff8f8fda6be264d9bb17c46497989/backend/tests/test_parquet.py#L227-L231
Tests,backend/tests/test_preview_provenance.py,ProvenanceTests.test_large_live_sized_summary_is_read,85,89,5,2,0,1,Low,Python,https://github.com/alejandroayalad/trinity/blob/014f3064689ff8f8fda6be264d9bb17c46497989/backend/tests/test_preview_provenance.py#L85-L89
Tests,backend/tests/test_preview_runtime.py,PreviewRuntimeTests.test_storage_retry_counts_one_debit_and_corruption_never_starts.temporary,214,218,5,2,1,1,Low,Python,https://github.com/alejandroayalad/trinity/blob/014f3064689ff8f8fda6be264d9bb17c46497989/backend/tests/test_preview_runtime.py#L214-L218
Tests,backend/tests/test_preview_service.py,PreviewDisconnectTests.test_shared_disconnect_sets_cancellation_and_waits_for_owner.execute,216,220,5,2,1,1,Low,Python,https://github.com/alejandroayalad/trinity/blob/014f3064689ff8f8fda6be264d9bb17c46497989/backend/tests/test_preview_service.py#L216-L220
Tests,backend/tests/test_preview_unit.py,native_row,70,74,5,2,0,1,Low,Python,https://github.com/alejandroayalad/trinity/blob/014f3064689ff8f8fda6be264d9bb17c46497989/backend/tests/test_preview_unit.py#L70-L74
Tests,backend/tests/test_preview_unit.py,PreviewCursorTests.signed,192,196,5,2,1,1,Low,Python,https://github.com/alejandroayalad/trinity/blob/014f3064689ff8f8fda6be264d9bb17c46497989/backend/tests/test_preview_unit.py#L192-L196
Tests,backend/tests/test_refresh_candidates.py,crashing_worker.register,38,42,5,2,1,1,Low,Python,https://github.com/alejandroayalad/trinity/blob/014f3064689ff8f8fda6be264d9bb17c46497989/backend/tests/test_refresh_candidates.py#L38-L42
Tests,backend/tests/test_refresh_recovery.py,ParsingTests.test_delete_requires_zero_bytes,34,38,5,2,1,1,Low,Python,https://github.com/alejandroayalad/trinity/blob/014f3064689ff8f8fda6be264d9bb17c46497989/backend/tests/test_refresh_recovery.py#L34-L38
Tests,backend/tests/test_refresh_recovery_postgres.py,RecoveryFixture.snapshot,86,90,5,2,0,1,Low,Python,https://github.com/alejandroayalad/trinity/blob/014f3064689ff8f8fda6be264d9bb17c46497989/backend/tests/test_refresh_recovery_postgres.py#L86-L90
Tests,backend/tests/test_refresh_recovery_runtime.py,RecoveryRuntimeTests.test_queue_outage_then_real_redis_delivery_claims_rerun_once.scenario.consume,232,236,5,2,1,1,Low,Python,https://github.com/alejandroayalad/trinity/blob/014f3064689ff8f8fda6be264d9bb17c46497989/backend/tests/test_refresh_recovery_runtime.py#L232-L236
Tests,backend/tests/test_refresh_recovery_runtime.py,RecoveryPublicationTests.test_live_publication_commit_cannot_be_abandoned.pause,396,400,5,2,1,1,Low,Python,https://github.com/alejandroayalad/trinity/blob/014f3064689ff8f8fda6be264d9bb17c46497989/backend/tests/test_refresh_recovery_runtime.py#L396-L400
Tests,backend/tests/test_refresh_recovery_service.py,RecoveryServiceTests.authorize,89,93,5,2,1,1,Low,Python,https://github.com/alejandroayalad/trinity/blob/014f3064689ff8f8fda6be264d9bb17c46497989/backend/tests/test_refresh_recovery_service.py#L89-L93
Tests,backend/tests/test_refresh_recovery_service.py,RecoveryServiceTests.command,131,135,5,2,1,1,Low,Python,https://github.com/alejandroayalad/trinity/blob/014f3064689ff8f8fda6be264d9bb17c46497989/backend/tests/test_refresh_recovery_service.py#L131-L135
Tests,backend/tests/test_refresh_recovery_service.py,RecoveryProjectionTests.transaction,391,395,5,2,1,1,Low,Python,https://github.com/alejandroayalad/trinity/blob/014f3064689ff8f8fda6be264d9bb17c46497989/backend/tests/test_refresh_recovery_service.py#L391-L395
Tests,backend/tests/test_s3.py,StorageTests.test_concurrent_complete_stores_cannot_mix_two_preparations.store,212,216,5,2,1,1,Low,Python,https://github.com/alejandroayalad/trinity/blob/014f3064689ff8f8fda6be264d9bb17c46497989/backend/tests/test_s3.py#L212-L216
Tests,backend/tests/test_settings_postgres.py,SettingsPostgresTests.test_concurrent_saves_one_wins.save,106,110,5,2,1,1,Low,Python,https://github.com/alejandroayalad/trinity/blob/014f3064689ff8f8fda6be264d9bb17c46497989/backend/tests/test_settings_postgres.py#L106-L110
Tests,backend/tests/test_settings_service.py,UpdateOrderTests.run_update.authorize,102,106,5,2,1,1,Low,Python,https://github.com/alejandroayalad/trinity/blob/014f3064689ff8f8fda6be264d9bb17c46497989/backend/tests/test_settings_service.py#L102-L106
Tests,backend/tests/test_settings_service.py,lifecycle_context,173,177,5,2,1,1,Low,Python,https://github.com/alejandroayalad/trinity/blob/014f3064689ff8f8fda6be264d9bb17c46497989/backend/tests/test_settings_service.py#L173-L177
Tests,backend/tests/test_sql_single_statement.py,SingleStatementTests.test_non_select_roots_are_rejected,44,48,5,2,1,1,Low,Python,https://github.com/alejandroayalad/trinity/blob/014f3064689ff8f8fda6be264d9bb17c46497989/backend/tests/test_sql_single_statement.py#L44-L48
Production,frontend/src/components/controls/ShortId.tsx,ShortId.<callback@12>,12,16,5,2,1,1,Low,TypeScript/JavaScript,https://github.com/alejandroayalad/trinity/blob/014f3064689ff8f8fda6be264d9bb17c46497989/frontend/src/components/controls/ShortId.tsx#L12-L16
Production,frontend/src/components/feedback/Toast.tsx,ToastProvider.<callback@15>,15,19,5,2,1,1,Low,TypeScript/JavaScript,https://github.com/alejandroayalad/trinity/blob/014f3064689ff8f8fda6be264d9bb17c46497989/frontend/src/components/feedback/Toast.tsx#L15-L19
Tests,frontend/src/lib/decimal.test.ts,<callback@26>.<callback@83>,83,87,5,2,1,1,Low,TypeScript/JavaScript,https://github.com/alejandroayalad/trinity/blob/014f3064689ff8f8fda6be264d9bb17c46497989/frontend/src/lib/decimal.test.ts#L83-L87
Production,frontend/src/pages/catalog/TableView.tsx,TableView,19,23,5,2,1,1,Low,TypeScript/JavaScript,https://github.com/alejandroayalad/trinity/blob/014f3064689ff8f8fda6be264d9bb17c46497989/frontend/src/pages/catalog/TableView.tsx#L19-L23
Production,frontend/src/pages/dashboard/NationalChart.tsx,NationalChart.<callback@132>,132,136,5,2,0,1,Low,TypeScript/JavaScript,https://github.com/alejandroayalad/trinity/blob/014f3064689ff8f8fda6be264d9bb17c46497989/frontend/src/pages/dashboard/NationalChart.tsx#L132-L136
Production,frontend/src/pages/refresh/Refresh.tsx,CandidatePanel.<callback@183>,183,187,5,2,1,1,Low,TypeScript/JavaScript,https://github.com/alejandroayalad/trinity/blob/014f3064689ff8f8fda6be264d9bb17c46497989/frontend/src/pages/refresh/Refresh.tsx#L183-L187
Production,frontend/src/pages/shared.tsx,ReadRetry.<callback@29>,29,33,5,2,1,1,Low,TypeScript/JavaScript,https://github.com/alejandroayalad/trinity/blob/014f3064689ff8f8fda6be264d9bb17c46497989/frontend/src/pages/shared.tsx#L29-L33
Production,frontend/src/pages/signin/SignIn.tsx,SignIn.submit,27,31,5,2,1,1,Low,TypeScript/JavaScript,https://github.com/alejandroayalad/trinity/blob/014f3064689ff8f8fda6be264d9bb17c46497989/frontend/src/pages/signin/SignIn.tsx#L27-L31
Production,frontend/src/session/SessionProvider.tsx,useSession,143,147,5,2,1,1,Low,TypeScript/JavaScript,https://github.com/alejandroayalad/trinity/blob/014f3064689ff8f8fda6be264d9bb17c46497989/frontend/src/session/SessionProvider.tsx#L143-L147
Production,backend/src/trinity/auth/permissions.py,require,28,31,4,2,1,1,Low,Python,https://github.com/alejandroayalad/trinity/blob/014f3064689ff8f8fda6be264d9bb17c46497989/backend/src/trinity/auth/permissions.py#L28-L31
Production,backend/src/trinity/auth/permissions.py,permitted_dataset_keys,34,37,4,2,1,1,Low,Python,https://github.com/alejandroayalad/trinity/blob/014f3064689ff8f8fda6be264d9bb17c46497989/backend/src/trinity/auth/permissions.py#L34-L37
Production,backend/src/trinity/auth/permissions.py,require_dataset,40,43,4,2,1,1,Low,Python,https://github.com/alejandroayalad/trinity/blob/014f3064689ff8f8fda6be264d9bb17c46497989/backend/src/trinity/auth/permissions.py#L40-L43
Production,backend/src/trinity/auth/repository.py,find_user,11,14,4,2,1,1,Low,Python,https://github.com/alejandroayalad/trinity/blob/014f3064689ff8f8fda6be264d9bb17c46497989/backend/src/trinity/auth/repository.py#L11-L14
Production,backend/src/trinity/auth/router.py,login,10,13,4,2,1,1,Low,Python,https://github.com/alejandroayalad/trinity/blob/014f3064689ff8f8fda6be264d9bb17c46497989/backend/src/trinity/auth/router.py#L10-L13
Production,backend/src/trinity/connector/validate.py,_fixed,231,234,4,2,1,1,Low,Python,https://github.com/alejandroayalad/trinity/blob/014f3064689ff8f8fda6be264d9bb17c46497989/backend/src/trinity/connector/validate.py#L231-L234
Production,backend/src/trinity/connector/validate.py,_days,237,240,4,2,0,1,Low,Python,https://github.com/alejandroayalad/trinity/blob/014f3064689ff8f8fda6be264d9bb17c46497989/backend/src/trinity/connector/validate.py#L237-L240
Production,backend/src/trinity/publication/service.py,event_for,33,36,4,2,1,1,Low,Python,https://github.com/alejandroayalad/trinity/blob/014f3064689ff8f8fda6be264d9bb17c46497989/backend/src/trinity/publication/service.py#L33-L36
Production,backend/src/trinity/queries/choice_service.py,ChoiceService.__init__,27,30,4,2,0,1,Low,Python,https://github.com/alejandroayalad/trinity/blob/014f3064689ff8f8fda6be264d9bb17c46497989/backend/src/trinity/queries/choice_service.py#L27-L30
Production,backend/src/trinity/queries/preview_schemas.py,PreviewRange.ordered,41,44,4,2,1,1,Low,Python,https://github.com/alejandroayalad/trinity/blob/014f3064689ff8f8fda6be264d9bb17c46497989/backend/src/trinity/queries/preview_schemas.py#L41-L44
Production,backend/src/trinity/refresh/repository.py,find_run_by_key,88,91,4,2,1,1,Low,Python,https://github.com/alejandroayalad/trinity/blob/014f3064689ff8f8fda6be264d9bb17c46497989/backend/src/trinity/refresh/repository.py#L88-L91
Production,backend/src/trinity/refresh/router.py,service,19,22,4,2,1,1,Low,Python,https://github.com/alejandroayalad/trinity/blob/014f3064689ff8f8fda6be264d9bb17c46497989/backend/src/trinity/refresh/router.py#L19-L22
Production,backend/src/trinity/refresh/service.py,RefreshService.__init__,42,45,4,2,0,1,Low,Python,https://github.com/alejandroayalad/trinity/blob/014f3064689ff8f8fda6be264d9bb17c46497989/backend/src/trinity/refresh/service.py#L42-L45
Production,backend/src/trinity/settings/router.py,service,16,19,4,2,1,1,Low,Python,https://github.com/alejandroayalad/trinity/blob/014f3064689ff8f8fda6be264d9bb17c46497989/backend/src/trinity/settings/router.py#L16-L19
Production,backend/src/trinity/workers/recovery.py,RecoveryService.__init__,20,23,4,2,0,1,Low,Python,https://github.com/alejandroayalad/trinity/blob/014f3064689ff8f8fda6be264d9bb17c46497989/backend/src/trinity/workers/recovery.py#L20-L23
Production,backend/src/trinity/workers/refresh.py,RefreshWorker.execute.heartbeat,138,141,4,2,1,1,Low,Python,https://github.com/alejandroayalad/trinity/blob/014f3064689ff8f8fda6be264d9bb17c46497989/backend/src/trinity/workers/refresh.py#L138-L141
Tests,backend/tests/postgres_fixture.py,PostgresFixture.sql,46,49,4,2,1,1,Low,Python,https://github.com/alejandroayalad/trinity/blob/014f3064689ff8f8fda6be264d9bb17c46497989/backend/tests/postgres_fixture.py#L46-L49
Tests,backend/tests/preview_runtime_fixture.py,BridgeDocker.remove_stopped,86,89,4,2,1,1,Low,Python,https://github.com/alejandroayalad/trinity/blob/014f3064689ff8f8fda6be264d9bb17c46497989/backend/tests/preview_runtime_fixture.py#L86-L89
Tests,backend/tests/publication_process_fixture.py,crash_publisher.Connection.execute,56,59,4,2,1,1,Low,Python,https://github.com/alejandroayalad/trinity/blob/014f3064689ff8f8fda6be264d9bb17c46497989/backend/tests/publication_process_fixture.py#L56-L59
Tests,backend/tests/test_auth_postgres.py,PostgresAuthTests.test_throttle_shared_across_pools_rollover_and_cleanup.reserve,209,212,4,2,1,1,Low,Python,https://github.com/alejandroayalad/trinity/blob/014f3064689ff8f8fda6be264d9bb17c46497989/backend/tests/test_auth_postgres.py#L209-L212
Tests,backend/tests/test_auth_postgres.py,PostgresAuthTests.test_publication_retry_requires_matching_approval_and_recoverable_error.actions,307,310,4,2,0,1,Low,Python,https://github.com/alejandroayalad/trinity/blob/014f3064689ff8f8fda6be264d9bb17c46497989/backend/tests/test_auth_postgres.py#L307-L310
Tests,backend/tests/test_auth_unit.py,PolicyTests.test_exact_canonical_capabilities,23,26,4,2,0,1,Low,Python,https://github.com/alejandroayalad/trinity/blob/014f3064689ff8f8fda6be264d9bb17c46497989/backend/tests/test_auth_unit.py#L23-L26
Tests,backend/tests/test_dashboard_postgres.py,DashboardPostgresTests.count,58,61,4,2,1,1,Low,Python,https://github.com/alejandroayalad/trinity/blob/014f3064689ff8f8fda6be264d9bb17c46497989/backend/tests/test_dashboard_postgres.py#L58-L61
Tests,backend/tests/test_dashboard_runtime.py,DashboardRuntimeTests.execute,72,75,4,2,1,1,Low,Python,https://github.com/alejandroayalad/trinity/blob/014f3064689ff8f8fda6be264d9bb17c46497989/backend/tests/test_dashboard_runtime.py#L72-L75
Tests,backend/tests/test_dashboard_runtime.py,DashboardRuntimeTests.test_pinned_reader_survives_new_publication_and_newer_failed_refresh.hold,125,128,4,2,1,1,Low,Python,https://github.com/alejandroayalad/trinity/blob/014f3064689ff8f8fda6be264d9bb17c46497989/backend/tests/test_dashboard_runtime.py#L125-L128
Tests,backend/tests/test_evidence_compression.py,CompressionTests.test_chunked_streams_and_full_read_retry_reset_decoder_and_output.Interrupted.read,176,179,4,2,1,1,Low,Python,https://github.com/alejandroayalad/trinity/blob/014f3064689ff8f8fda6be264d9bb17c46497989/backend/tests/test_evidence_compression.py#L176-L179
Tests,backend/tests/test_findings_report.py,row,22,25,4,2,1,1,Low,Python,https://github.com/alejandroayalad/trinity/blob/014f3064689ff8f8fda6be264d9bb17c46497989/backend/tests/test_findings_report.py#L22-L25
Tests,backend/tests/test_prepare.py,PreparationCommandTests.test_final_result_persistence_failure_cannot_exit_zero.fail,363,366,4,2,1,1,Low,Python,https://github.com/alejandroayalad/trinity/blob/014f3064689ff8f8fda6be264d9bb17c46497989/backend/tests/test_prepare.py#L363-L366
Tests,backend/tests/test_preview_postgres.py,PreviewPostgresTests.test_snapshot_survives_independent_pointer_change.pause,160,163,4,2,1,1,Low,Python,https://github.com/alejandroayalad/trinity/blob/014f3064689ff8f8fda6be264d9bb17c46497989/backend/tests/test_preview_postgres.py#L160-L163
Tests,backend/tests/test_publication_postgres.py,PublicationPostgresTests.test_each_final_write_rollback_and_lost_commit_response.FailingConnection.execute,140,143,4,2,1,1,Low,Python,https://github.com/alejandroayalad/trinity/blob/014f3064689ff8f8fda6be264d9bb17c46497989/backend/tests/test_publication_postgres.py#L140-L143
Tests,backend/tests/test_query_guarantees.py,QueryGuaranteeTests.test_v1_reader_survives_v2_publication_and_other_request_cleanup.hold,96,99,4,2,1,1,Low,Python,https://github.com/alejandroayalad/trinity/blob/014f3064689ff8f8fda6be264d9bb17c46497989/backend/tests/test_query_guarantees.py#L96-L99
Tests,backend/tests/test_query_guarantees.py,QueryGuaranteeTests.test_database_commit_reply_loss_retains_capacity_until_recovery.arm_after_running,382,385,4,2,1,1,Low,Python,https://github.com/alejandroayalad/trinity/blob/014f3064689ff8f8fda6be264d9bb17c46497989/backend/tests/test_query_guarantees.py#L382-L385
Tests,backend/tests/test_refresh_recovery.py,ParsingTests.test_rerun_requires_object_without_fields,40,43,4,2,1,1,Low,Python,https://github.com/alejandroayalad/trinity/blob/014f3064689ff8f8fda6be264d9bb17c46497989/backend/tests/test_refresh_recovery.py#L40-L43
Tests,backend/tests/test_refresh_recovery.py,ParsingTests.test_invalid_json_is_distinct_from_wrong_shape,45,48,4,2,1,1,Low,Python,https://github.com/alejandroayalad/trinity/blob/014f3064689ff8f8fda6be264d9bb17c46497989/backend/tests/test_refresh_recovery.py#L45-L48
Tests,backend/tests/test_refresh_recovery_runtime.py,RecoveryPublicationTests.recover,363,366,4,2,1,1,Low,Python,https://github.com/alejandroayalad/trinity/blob/014f3064689ff8f8fda6be264d9bb17c46497989/backend/tests/test_refresh_recovery_runtime.py#L363-L366
Tests,backend/tests/test_refresh_recovery_service.py,CommandDatabase.execute,36,39,4,2,1,1,Low,Python,https://github.com/alejandroayalad/trinity/blob/014f3064689ff8f8fda6be264d9bb17c46497989/backend/tests/test_refresh_recovery_service.py#L36-L39
Tests,backend/tests/test_refresh_worker.py,WorkerTests.test_failed_event_commit_stops_child_before_validation.reject,229,232,4,2,1,1,Low,Python,https://github.com/alejandroayalad/trinity/blob/014f3064689ff8f8fda6be264d9bb17c46497989/backend/tests/test_refresh_worker.py#L229-L232
Tests,backend/tests/test_refresh_worker.py,WorkerTests.test_lock_file_failure_records_failure_without_starting_source_work.denied,262,265,4,2,1,1,Low,Python,https://github.com/alejandroayalad/trinity/blob/014f3064689ff8f8fda6be264d9bb17c46497989/backend/tests/test_refresh_worker.py#L262-L265
Tests,backend/tests/test_retrieval.py,RetrievalTests.test_each_route_failure_keeps_counts_and_exhausted_retries.handler,53,56,4,2,1,1,Low,Python,https://github.com/alejandroayalad/trinity/blob/014f3064689ff8f8fda6be264d9bb17c46497989/backend/tests/test_retrieval.py#L53-L56
Tests,backend/tests/test_s3.py,StorageTests.candidate,104,107,4,2,1,1,Low,Python,https://github.com/alejandroayalad/trinity/blob/014f3064689ff8f8fda6be264d9bb17c46497989/backend/tests/test_s3.py#L104-L107
Tests,backend/tests/test_s3.py,StorageTests.test_stream_interruption_retries_a_fresh_body_and_closes_each_body.InterruptedBody.read,301,304,4,2,1,1,Low,Python,https://github.com/alejandroayalad/trinity/blob/014f3064689ff8f8fda6be264d9bb17c46497989/backend/tests/test_s3.py#L301-L304
Tests,backend/tests/test_s3.py,StorageTests.test_local_persistence_failure_blocks_completion.fail,418,421,4,2,1,1,Low,Python,https://github.com/alejandroayalad/trinity/blob/014f3064689ff8f8fda6be264d9bb17c46497989/backend/tests/test_s3.py#L418-L421
Tests,backend/tests/test_s3.py,StorageTests.test_journal_sync_failure_keeps_partial_upload_incomplete.fail_during_upload,432,435,4,2,1,1,Low,Python,https://github.com/alejandroayalad/trinity/blob/014f3064689ff8f8fda6be264d9bb17c46497989/backend/tests/test_s3.py#L432-L435
Tests,backend/tests/test_settings_postgres.py,SettingsPostgresTests.counts,42,45,4,2,0,1,Low,Python,https://github.com/alejandroayalad/trinity/blob/014f3064689ff8f8fda6be264d9bb17c46497989/backend/tests/test_settings_postgres.py#L42-L45
Tests,backend/tests/test_settings_service.py,UpdateOrderTests.test_no_op_save_returns_current_row_without_write,148,151,4,2,0,1,Low,Python,https://github.com/alejandroayalad/trinity/blob/014f3064689ff8f8fda6be264d9bb17c46497989/backend/tests/test_settings_service.py#L148-L151
Tests,backend/tests/test_settings_service.py,Identity.authenticated,241,244,4,2,1,1,Low,Python,https://github.com/alejandroayalad/trinity/blob/014f3064689ff8f8fda6be264d9bb17c46497989/backend/tests/test_settings_service.py#L241-L244
Tests,backend/tests/test_sql_policy.py,SqlPolicyTests.test_star_and_order_alias_are_normalized,33,36,4,2,0,1,Low,Python,https://github.com/alejandroayalad/trinity/blob/014f3064689ff8f8fda6be264d9bb17c46497989/backend/tests/test_sql_policy.py#L33-L36
Tests,backend/tests/test_sql_single_statement.py,SingleStatementTests.test_b01_and_b02_reject_the_second_statement,26,29,4,2,1,1,Low,Python,https://github.com/alejandroayalad/trinity/blob/014f3064689ff8f8fda6be264d9bb17c46497989/backend/tests/test_sql_single_statement.py#L26-L29
Tests,backend/tests/test_sql_single_statement.py,SingleStatementTests.test_empty_and_comment_only_inputs_are_rejected,39,42,4,2,1,1,Low,Python,https://github.com/alejandroayalad/trinity/blob/014f3064689ff8f8fda6be264d9bb17c46497989/backend/tests/test_sql_single_statement.py#L39-L42
Tests,backend/tests/test_sql_single_statement.py,SingleStatementTests.test_leading_semicolon_is_not_a_terminal_semicolon,90,93,4,2,1,1,Low,Python,https://github.com/alejandroayalad/trinity/blob/014f3064689ff8f8fda6be264d9bb17c46497989/backend/tests/test_sql_single_statement.py#L90-L93
Tests,backend/tests/test_sql_single_statement.py,SingleStatementTests.test_single_select_is_not_full_policy_authorization,102,105,4,2,1,1,Low,Python,https://github.com/alejandroayalad/trinity/blob/014f3064689ff8f8fda6be264d9bb17c46497989/backend/tests/test_sql_single_statement.py#L102-L105
Tests,backend/tests/test_validate.py,ValidationTests.test_s36_failed_diagnostic_retains_prior_results_without_frozen_digest.fail_one,499,502,4,2,1,1,Low,Python,https://github.com/alejandroayalad/trinity/blob/014f3064689ff8f8fda6be264d9bb17c46497989/backend/tests/test_validate.py#L499-L502
Tests,backend/tests/test_validate.py,ValidationTests.test_s36_evidence_write_failure_stops_before_success.fail_write,557,560,4,2,1,1,Low,Python,https://github.com/alejandroayalad/trinity/blob/014f3064689ff8f8fda6be264d9bb17c46497989/backend/tests/test_validate.py#L557-L560
Production,frontend/scripts/check-build.mjs,files.<callback@19>,19,22,4,2,1,1,Low,TypeScript/JavaScript,https://github.com/alejandroayalad/trinity/blob/014f3064689ff8f8fda6be264d9bb17c46497989/frontend/scripts/check-build.mjs#L19-L22
Tests,frontend/src/lib/decimal.test.ts,shareText,21,24,4,2,1,1,Low,TypeScript/JavaScript,https://github.com/alejandroayalad/trinity/blob/014f3064689ff8f8fda6be264d9bb17c46497989/frontend/src/lib/decimal.test.ts#L21-L24
Production,frontend/src/lib/decimal.ts,round,103,106,4,2,1,1,Low,TypeScript/JavaScript,https://github.com/alejandroayalad/trinity/blob/014f3064689ff8f8fda6be264d9bb17c46497989/frontend/src/lib/decimal.ts#L103-L106
Production,frontend/src/lib/decimal.ts,offlineShare,134,137,4,2,1,1,Low,TypeScript/JavaScript,https://github.com/alejandroayalad/trinity/blob/014f3064689ff8f8fda6be264d9bb17c46497989/frontend/src/lib/decimal.ts#L134-L137
Tests,frontend/src/pages/explorer-state.test.tsx,<callback@168>,168,171,4,2,1,1,Low,TypeScript/JavaScript,https://github.com/alejandroayalad/trinity/blob/014f3064689ff8f8fda6be264d9bb17c46497989/frontend/src/pages/explorer-state.test.tsx#L168-L171
Tests,frontend/src/pages/pages.test.tsx,<callback@176>.[`${action.method} ${commandPath}`],188,191,4,2,1,1,Low,TypeScript/JavaScript,https://github.com/alejandroayalad/trinity/blob/014f3064689ff8f8fda6be264d9bb17c46497989/frontend/src/pages/pages.test.tsx#L188-L191
Production,frontend/src/pages/refresh/Refresh.tsx,stepState,84,87,4,2,1,1,Low,TypeScript/JavaScript,https://github.com/alejandroayalad/trinity/blob/014f3064689ff8f8fda6be264d9bb17c46497989/frontend/src/pages/refresh/Refresh.tsx#L84-L87
Production,frontend/src/pages/unavailable/Waiting.tsx,Waiting,4,7,4,2,1,1,Low,TypeScript/JavaScript,https://github.com/alejandroayalad/trinity/blob/014f3064689ff8f8fda6be264d9bb17c46497989/frontend/src/pages/unavailable/Waiting.tsx#L4-L7
Production,frontend/src/session/capabilities.tsx,Landing,29,32,4,2,1,1,Low,TypeScript/JavaScript,https://github.com/alejandroayalad/trinity/blob/014f3064689ff8f8fda6be264d9bb17c46497989/frontend/src/session/capabilities.tsx#L29-L32
Tests,frontend/src/session/session.test.tsx,<callback@154>.Probe,158,161,4,2,1,1,Low,TypeScript/JavaScript,https://github.com/alejandroayalad/trinity/blob/014f3064689ff8f8fda6be264d9bb17c46497989/frontend/src/session/session.test.tsx#L158-L161
Tests,frontend/src/session/session.test.tsx,<callback@171>.Probe,174,177,4,2,1,1,Low,TypeScript/JavaScript,https://github.com/alejandroayalad/trinity/blob/014f3064689ff8f8fda6be264d9bb17c46497989/frontend/src/session/session.test.tsx#L174-L177
Tests,frontend/src/session/session.test.tsx,<callback@198>.Probe,206,209,4,2,0,1,Low,TypeScript/JavaScript,https://github.com/alejandroayalad/trinity/blob/014f3064689ff8f8fda6be264d9bb17c46497989/frontend/src/session/session.test.tsx#L206-L209
Production,frontend/src/session/session.ts,isExpired,36,39,4,2,0,1,Low,TypeScript/JavaScript,https://github.com/alejandroayalad/trinity/blob/014f3064689ff8f8fda6be264d9bb17c46497989/frontend/src/session/session.ts#L36-L39
Tests,frontend/tests/e2e/session.spec.ts,<callback@8>.<callback@17>,17,20,4,2,0,1,Low,TypeScript/JavaScript,https://github.com/alejandroayalad/trinity/blob/014f3064689ff8f8fda6be264d9bb17c46497989/frontend/tests/e2e/session.spec.ts#L17-L20
Tests,frontend/tests/e2e/session.spec.ts,<callback@63>.<callback@69>,69,72,4,2,0,1,Low,TypeScript/JavaScript,https://github.com/alejandroayalad/trinity/blob/014f3064689ff8f8fda6be264d9bb17c46497989/frontend/tests/e2e/session.spec.ts#L69-L72
Production,backend/src/trinity/catalog/schemas.py,LastRefresh.normalize_times,57,59,3,2,1,1,Low,Python,https://github.com/alejandroayalad/trinity/blob/014f3064689ff8f8fda6be264d9bb17c46497989/backend/src/trinity/catalog/schemas.py#L57-L59
Production,backend/src/trinity/catalog/schemas.py,Freshness.normalize_time,78,80,3,2,1,1,Low,Python,https://github.com/alejandroayalad/trinity/blob/014f3064689ff8f8fda6be264d9bb17c46497989/backend/src/trinity/catalog/schemas.py#L78-L80
Production,backend/src/trinity/connector/client.py,EIACollection.data_page_count,130,132,3,2,0,1,Low,Python,https://github.com/alejandroayalad/trinity/blob/014f3064689ff8f8fda6be264d9bb17c46497989/backend/src/trinity/connector/client.py#L130-L132
Production,backend/src/trinity/connector/prepare.py,Limits.stage_seconds,47,49,3,2,1,1,Low,Python,https://github.com/alejandroayalad/trinity/blob/014f3064689ff8f8fda6be264d9bb17c46497989/backend/src/trinity/connector/prepare.py#L47-L49
Production,backend/src/trinity/connector/validate.py,_key,243,245,3,2,0,1,Low,Python,https://github.com/alejandroayalad/trinity/blob/014f3064689ff8f8fda6be264d9bb17c46497989/backend/src/trinity/connector/validate.py#L243-L245
Production,backend/src/trinity/dashboard/schemas.py,DateRange.exact_dates,38,40,3,2,1,1,Low,Python,https://github.com/alejandroayalad/trinity/blob/014f3064689ff8f8fda6be264d9bb17c46497989/backend/src/trinity/dashboard/schemas.py#L38-L40
Production,backend/src/trinity/dashboard/schemas.py,NationalDay.exact_date,62,64,3,2,1,1,Low,Python,https://github.com/alejandroayalad/trinity/blob/014f3064689ff8f8fda6be264d9bb17c46497989/backend/src/trinity/dashboard/schemas.py#L62-L64
Production,backend/src/trinity/dashboard/schemas.py,MetricResponse.exact_date,155,157,3,2,1,1,Low,Python,https://github.com/alejandroayalad/trinity/blob/014f3064689ff8f8fda6be264d9bb17c46497989/backend/src/trinity/dashboard/schemas.py#L155-L157
Production,backend/src/trinity/errors.py,install_handlers.http_error,57,59,3,2,1,1,Low,Python,https://github.com/alejandroayalad/trinity/blob/014f3064689ff8f8fda6be264d9bb17c46497989/backend/src/trinity/errors.py#L57-L59
Production,backend/src/trinity/queries/preview.py,key_order,177,179,3,2,0,1,Low,Python,https://github.com/alejandroayalad/trinity/blob/014f3064689ff8f8fda6be264d9bb17c46497989/backend/src/trinity/queries/preview.py#L177-L179
Production,backend/src/trinity/settings/schedule.py,_active,123,125,3,2,0,1,Low,Python,https://github.com/alejandroayalad/trinity/blob/014f3064689ff8f8fda6be264d9bb17c46497989/backend/src/trinity/settings/schedule.py#L123-L125
Production,backend/src/trinity/settings/schemas.py,ScheduleStatus.normalize_times,65,67,3,2,1,1,Low,Python,https://github.com/alejandroayalad/trinity/blob/014f3064689ff8f8fda6be264d9bb17c46497989/backend/src/trinity/settings/schemas.py#L65-L67
Tests,backend/tests/test_eia_pagination.py,PaginationTests.test_total_supplied_only_on_later_page_is_checked.handler,140,142,3,2,1,1,Low,Python,https://github.com/alejandroayalad/trinity/blob/014f3064689ff8f8fda6be264d9bb17c46497989/backend/tests/test_eia_pagination.py#L140-L142
Tests,backend/tests/test_eia_pagination.py,PaginationTests.test_error_after_a_good_page_does_not_return_partial_success.handler,227,229,3,2,1,1,Low,Python,https://github.com/alejandroayalad/trinity/blob/014f3064689ff8f8fda6be264d9bb17c46497989/backend/tests/test_eia_pagination.py#L227-L229
Tests,backend/tests/test_eia_retries.py,RetryTests.test_all_routes_recover_without_changing_request_parameters.handler,56,58,3,2,1,1,Low,Python,https://github.com/alejandroayalad/trinity/blob/014f3064689ff8f8fda6be264d9bb17c46497989/backend/tests/test_eia_retries.py#L56-L58
Tests,backend/tests/test_parquet.py,FileFixture.freeze,98,100,3,2,1,1,Low,Python,https://github.com/alejandroayalad/trinity/blob/014f3064689ff8f8fda6be264d9bb17c46497989/backend/tests/test_parquet.py#L98-L100
Tests,backend/tests/test_preview_check.py,PreviewCheckTests.test_default_never_requests_preview,68,70,3,2,0,1,Low,Python,https://github.com/alejandroayalad/trinity/blob/014f3064689ff8f8fda6be264d9bb17c46497989/backend/tests/test_preview_check.py#L68-L70
Tests,backend/tests/test_preview_postgres.py,PreviewPostgresTests.count,63,65,3,2,1,1,Low,Python,https://github.com/alejandroayalad/trinity/blob/014f3064689ff8f8fda6be264d9bb17c46497989/backend/tests/test_preview_postgres.py#L63-L65
Tests,backend/tests/test_query_guarantees.py,QueryGuaranteeTests.test_late_create_after_recovery_claim_cannot_start.hold,207,209,3,2,1,1,Low,Python,https://github.com/alejandroayalad/trinity/blob/014f3064689ff8f8fda6be264d9bb17c46497989/backend/tests/test_query_guarantees.py#L207-L209
Tests,backend/tests/test_query_guarantees.py,QueryGuaranteeTests.test_late_start_cannot_run_after_recovery_removes_container.hold,235,237,3,2,1,1,Low,Python,https://github.com/alejandroayalad/trinity/blob/014f3064689ff8f8fda6be264d9bb17c46497989/backend/tests/test_query_guarantees.py#L235-L237
Tests,backend/tests/test_query_guarantees.py,QueryGuaranteeTests.test_start_wins_race_but_recovery_removes_before_release.hold,255,257,3,2,1,1,Low,Python,https://github.com/alejandroayalad/trinity/blob/014f3064689ff8f8fda6be264d9bb17c46497989/backend/tests/test_query_guarantees.py#L255-L257
Tests,backend/tests/test_query_guarantees.py,QueryGuaranteeTests.test_start_between_stop_inspection_and_delete_retains_capacity.before_start,281,283,3,2,1,1,Low,Python,https://github.com/alejandroayalad/trinity/blob/014f3064689ff8f8fda6be264d9bb17c46497989/backend/tests/test_query_guarantees.py#L281-L283
Tests,backend/tests/test_query_guarantees.py,QueryGuaranteeTests.test_start_between_stop_inspection_and_delete_retains_capacity.after_start,284,286,3,2,1,1,Low,Python,https://github.com/alejandroayalad/trinity/blob/014f3064689ff8f8fda6be264d9bb17c46497989/backend/tests/test_query_guarantees.py#L284-L286
Tests,backend/tests/test_query_guarantees.py,QueryGuaranteeTests.test_kill_and_delete_reply_loss_keep_capacity_until_confirmed_recovery.expire_after_start,350,352,3,2,1,1,Low,Python,https://github.com/alejandroayalad/trinity/blob/014f3064689ff8f8fda6be264d9bb17c46497989/backend/tests/test_query_guarantees.py#L350-L352
Tests,backend/tests/test_refresh_candidates.py,CandidateTests.detail,107,109,3,2,1,1,Low,Python,https://github.com/alejandroayalad/trinity/blob/014f3064689ff8f8fda6be264d9bb17c46497989/backend/tests/test_refresh_candidates.py#L107-L109
Tests,backend/tests/test_refresh_recovery_service.py,ProjectionConnection.fetchall,374,376,3,2,1,1,Low,Python,https://github.com/alejandroayalad/trinity/blob/014f3064689ff8f8fda6be264d9bb17c46497989/backend/tests/test_refresh_recovery_service.py#L374-L376
Tests,backend/tests/test_retrieval.py,RetrievalTests.test_each_route_success_has_counts_times_and_terminal_probe.handler,33,35,3,2,1,1,Low,Python,https://github.com/alejandroayalad/trinity/blob/014f3064689ff8f8fda6be264d9bb17c46497989/backend/tests/test_retrieval.py#L33-L35
Tests,backend/tests/test_retrieval.py,RetrievalTests.test_orchestrator_continues_after_failure_with_one_client.handler,182,184,3,2,1,1,Low,Python,https://github.com/alejandroayalad/trinity/blob/014f3064689ff8f8fda6be264d9bb17c46497989/backend/tests/test_retrieval.py#L182-L184
Tests,backend/tests/test_s3.py,StorageTests.failures,112,114,3,2,0,1,Low,Python,https://github.com/alejandroayalad/trinity/blob/014f3064689ff8f8fda6be264d9bb17c46497989/backend/tests/test_s3.py#L112-L114
Tests,backend/tests/test_s3.py,StorageTests.test_change_during_upload_blocks_bundle_and_keeps_original_manifest.mutate,170,172,3,2,1,1,Low,Python,https://github.com/alejandroayalad/trinity/blob/014f3064689ff8f8fda6be264d9bb17c46497989/backend/tests/test_s3.py#L170-L172
Tests,backend/tests/test_s3.py,StorageTests.test_concurrent_complete_stores_cannot_mix_two_preparations.wait_at_reservation,208,210,3,2,1,1,Low,Python,https://github.com/alejandroayalad/trinity/blob/014f3064689ff8f8fda6be264d9bb17c46497989/backend/tests/test_s3.py#L208-L210
Tests,backend/tests/test_s3.py,StorageTests.test_temporary_write_recovers_then_reads_exact_bytes.fail_twice,261,263,3,2,1,1,Low,Python,https://github.com/alejandroayalad/trinity/blob/014f3064689ff8f8fda6be264d9bb17c46497989/backend/tests/test_s3.py#L261-L263
Tests,backend/tests/test_s3.py,StorageTests.test_permanent_error_does_not_retry_or_leak_and_retains_partial_progress.deny,271,273,3,2,1,1,Low,Python,https://github.com/alejandroayalad/trinity/blob/014f3064689ff8f8fda6be264d9bb17c46497989/backend/tests/test_s3.py#L271-L273
Tests,backend/tests/test_s3.py,StorageTests.test_ambiguous_final_write_with_unreadable_bytes_is_not_success.timeout,320,322,3,2,1,1,Low,Python,https://github.com/alejandroayalad/trinity/blob/014f3064689ff8f8fda6be264d9bb17c46497989/backend/tests/test_s3.py#L320-L322
Tests,backend/tests/test_s3.py,StorageTests.test_ambiguous_final_write_with_unreadable_bytes_is_not_success.deny_bundle,323,325,3,2,1,1,Low,Python,https://github.com/alejandroayalad/trinity/blob/014f3064689ff8f8fda6be264d9bb17c46497989/backend/tests/test_s3.py#L323-L325
Tests,backend/tests/test_s3.py,StorageTests.test_final_verification_rechecks_previously_verified_objects.corrupt_earlier,345,347,3,2,1,1,Low,Python,https://github.com/alejandroayalad/trinity/blob/014f3064689ff8f8fda6be264d9bb17c46497989/backend/tests/test_s3.py#L345-L347
Tests,backend/tests/test_scheduler_postgres.py,SchedulerPostgresTests.counts,97,99,3,2,0,1,Low,Python,https://github.com/alejandroayalad/trinity/blob/014f3064689ff8f8fda6be264d9bb17c46497989/backend/tests/test_scheduler_postgres.py#L97-L99
Tests,backend/tests/test_settings_service.py,HttpTests.put,268,270,3,2,0,1,Low,Python,https://github.com/alejandroayalad/trinity/blob/014f3064689ff8f8fda6be264d9bb17c46497989/backend/tests/test_settings_service.py#L268-L270
Tests,backend/tests/test_sql_containers.py,ContainerTests.test_probe_cannot_use_network_write_mount_or_read_siblings.call,101,103,3,2,1,1,Low,Python,https://github.com/alejandroayalad/trinity/blob/014f3064689ff8f8fda6be264d9bb17c46497989/backend/tests/test_sql_containers.py#L101-L103
Tests,backend/tests/test_sql_containers.py,ContainerTests.test_timeout_stops_and_removes_known_container.call,113,115,3,2,1,1,Low,Python,https://github.com/alejandroayalad/trinity/blob/014f3064689ff8f8fda6be264d9bb17c46497989/backend/tests/test_sql_containers.py#L113-L115
Tests,backend/tests/test_sql_containers.py,ContainerTests.test_memory_ceiling_is_enforced_by_the_kernel.call,133,135,3,2,1,1,Low,Python,https://github.com/alejandroayalad/trinity/blob/014f3064689ff8f8fda6be264d9bb17c46497989/backend/tests/test_sql_containers.py#L133-L135
Tests,backend/tests/test_sql_postgres.py,QueryPostgresTests.test_expired_running_container_recovery_fences_and_releases.call,209,211,3,2,1,1,Low,Python,https://github.com/alejandroayalad/trinity/blob/014f3064689ff8f8fda6be264d9bb17c46497989/backend/tests/test_sql_postgres.py#L209-L211
Tests,backend/tests/test_validate.py,ValidationTests.freeze,72,74,3,2,1,1,Low,Python,https://github.com/alejandroayalad/trinity/blob/014f3064689ff8f8fda6be264d9bb17c46497989/backend/tests/test_validate.py#L72-L74
Production,frontend/src/api/endpoints.ts,getFacilities,99,101,3,2,0,1,Low,TypeScript/JavaScript,https://github.com/alejandroayalad/trinity/blob/014f3064689ff8f8fda6be264d9bb17c46497989/frontend/src/api/endpoints.ts#L99-L101
Production,frontend/src/components/controls/Button.tsx,TextLink,34,36,3,2,0,1,Low,TypeScript/JavaScript,https://github.com/alejandroayalad/trinity/blob/014f3064689ff8f8fda6be264d9bb17c46497989/frontend/src/components/controls/Button.tsx#L34-L36
Production,frontend/src/components/controls/Button.tsx,TextButton,39,41,3,2,0,1,Low,TypeScript/JavaScript,https://github.com/alejandroayalad/trinity/blob/014f3064689ff8f8fda6be264d9bb17c46497989/frontend/src/components/controls/Button.tsx#L39-L41
Production,frontend/src/components/feedback/StatusBadge.tsx,Tag,21,23,3,2,1,1,Low,TypeScript/JavaScript,https://github.com/alejandroayalad/trinity/blob/014f3064689ff8f8fda6be264d9bb17c46497989/frontend/src/components/feedback/StatusBadge.tsx#L21-L23
Production,frontend/src/components/overlay/Dialog.tsx,ConfirmDialog.<callback@26>,26,28,3,2,1,1,Low,TypeScript/JavaScript,https://github.com/alejandroayalad/trinity/blob/014f3064689ff8f8fda6be264d9bb17c46497989/frontend/src/components/overlay/Dialog.tsx#L26-L28
Production,frontend/src/components/overlay/Dialog.tsx,ConfirmDialog.<callback@34>,34,36,3,2,1,1,Low,TypeScript/JavaScript,https://github.com/alejandroayalad/trinity/blob/014f3064689ff8f8fda6be264d9bb17c46497989/frontend/src/components/overlay/Dialog.tsx#L34-L36
Production,frontend/src/lib/decimal.ts,isOutOfRange,148,150,3,2,0,1,Low,TypeScript/JavaScript,https://github.com/alejandroayalad/trinity/blob/014f3064689ff8f8fda6be264d9bb17c46497989/frontend/src/lib/decimal.ts#L148-L150
Production,frontend/src/pages/dashboard/Dashboard.tsx,day,25,27,3,2,1,1,Low,TypeScript/JavaScript,https://github.com/alejandroayalad/trinity/blob/014f3064689ff8f8fda6be264d9bb17c46497989/frontend/src/pages/dashboard/Dashboard.tsx#L25-L27
Production,frontend/src/pages/dashboard/Dashboard.tsx,shortDay,28,30,3,2,1,1,Low,TypeScript/JavaScript,https://github.com/alejandroayalad/trinity/blob/014f3064689ff8f8fda6be264d9bb17c46497989/frontend/src/pages/dashboard/Dashboard.tsx#L28-L30
Production,frontend/src/pages/dashboard/NationalChart.tsx,tickLabel,14,16,3,2,1,1,Low,TypeScript/JavaScript,https://github.com/alejandroayalad/trinity/blob/014f3064689ff8f8fda6be264d9bb17c46497989/frontend/src/pages/dashboard/NationalChart.tsx#L14-L16
Production,frontend/src/pages/dashboard/NationalChart.tsx,NationalChart.<callback@31>.<callback@34>,34,36,3,2,1,1,Low,TypeScript/JavaScript,https://github.com/alejandroayalad/trinity/blob/014f3064689ff8f8fda6be264d9bb17c46497989/frontend/src/pages/dashboard/NationalChart.tsx#L34-L36
Production,frontend/src/session/SessionProvider.tsx,SessionProvider.<callback@44>.<callback@58>,58,60,3,2,1,1,Low,TypeScript/JavaScript,https://github.com/alejandroayalad/trinity/blob/014f3064689ff8f8fda6be264d9bb17c46497989/frontend/src/session/SessionProvider.tsx#L58-L60
Production,frontend/src/session/session.ts,getAccessToken,85,87,3,2,0,1,Low,TypeScript/JavaScript,https://github.com/alejandroayalad/trinity/blob/014f3064689ff8f8fda6be264d9bb17c46497989/frontend/src/session/session.ts#L85-L87
Production,frontend/src/shell/Sidebar.tsx,awaitingReviewCount,15,17,3,2,1,1,Low,TypeScript/JavaScript,https://github.com/alejandroayalad/trinity/blob/014f3064689ff8f8fda6be264d9bb17c46497989/frontend/src/shell/Sidebar.tsx#L15-L17
Tests,frontend/tests/e2e/fidelity-fixtures.ts,step,127,129,3,2,1,1,Low,TypeScript/JavaScript,https://github.com/alejandroayalad/trinity/blob/014f3064689ff8f8fda6be264d9bb17c46497989/frontend/tests/e2e/fidelity-fixtures.ts#L127-L129
Production,backend/src/trinity/queries/preview_schemas.py,PreviewRange.exact_dates,37,38,2,2,1,1,Low,Python,https://github.com/alejandroayalad/trinity/blob/014f3064689ff8f8fda6be264d9bb17c46497989/backend/src/trinity/queries/preview_schemas.py#L37-L38
Tests,backend/tests/preview_runtime_fixture.py,ObjectClient.add,29,30,2,2,0,1,Low,Python,https://github.com/alejandroayalad/trinity/blob/014f3064689ff8f8fda6be264d9bb17c46497989/backend/tests/preview_runtime_fixture.py#L29-L30
Tests,backend/tests/refresh_worker_fixture.py,DiskObjects.__len__,33,34,2,2,0,1,Low,Python,https://github.com/alejandroayalad/trinity/blob/014f3064689ff8f8fda6be264d9bb17c46497989/backend/tests/refresh_worker_fixture.py#L33-L34
Tests,backend/tests/test_preview_runtime.py,PreviewRuntimeTests.execute,59,60,2,2,0,1,Low,Python,https://github.com/alejandroayalad/trinity/blob/014f3064689ff8f8fda6be264d9bb17c46497989/backend/tests/test_preview_runtime.py#L59-L60
Tests,backend/tests/test_preview_unit.py,wire_rows,77,78,2,2,0,1,Low,Python,https://github.com/alejandroayalad/trinity/blob/014f3064689ff8f8fda6be264d9bb17c46497989/backend/tests/test_preview_unit.py#L77-L78
Tests,backend/tests/test_retrieval.py,RetrievalTests.test_concurrent_calls_keep_counters_separate.handler,168,169,2,2,1,1,Low,Python,https://github.com/alejandroayalad/trinity/blob/014f3064689ff8f8fda6be264d9bb17c46497989/backend/tests/test_retrieval.py#L168-L169
Tests,backend/tests/test_s3.py,StorageTests.test_local_bundle_and_receipt_readback_detect_silent_write_damage.damage,447,448,2,2,1,1,Low,Python,https://github.com/alejandroayalad/trinity/blob/014f3064689ff8f8fda6be264d9bb17c46497989/backend/tests/test_s3.py#L447-L448
Tests,backend/tests/test_sql_containers.py,ContainerTests.setUp.cleanup,67,68,2,2,1,1,Low,Python,https://github.com/alejandroayalad/trinity/blob/014f3064689ff8f8fda6be264d9bb17c46497989/backend/tests/test_sql_containers.py#L67-L68
Tests,backend/tests/test_sql_staging.py,StagingTests.run_stage,62,63,2,2,0,1,Low,Python,https://github.com/alejandroayalad/trinity/blob/014f3064689ff8f8fda6be264d9bb17c46497989/backend/tests/test_sql_staging.py#L62-L63
Tests,backend/tests/test_validate.py,ValidationTests.test_s36_silent_summary_corruption_is_not_success.corrupt,589,590,2,2,1,1,Low,Python,https://github.com/alejandroayalad/trinity/blob/014f3064689ff8f8fda6be264d9bb17c46497989/backend/tests/test_validate.py#L589-L590
Tools and migrations,scripts/measure_dashboard_browser.mjs,<callback@56>,56,57,2,2,0,1,Low,TypeScript/JavaScript,https://github.com/alejandroayalad/trinity/blob/014f3064689ff8f8fda6be264d9bb17c46497989/scripts/measure_dashboard_browser.mjs#L56-L57
Tools and migrations,scripts/measure_dashboard_browser.mjs,<callback@86>,86,87,2,2,0,1,Low,TypeScript/JavaScript,https://github.com/alejandroayalad/trinity/blob/014f3064689ff8f8fda6be264d9bb17c46497989/scripts/measure_dashboard_browser.mjs#L86-L87
Production,backend/src/trinity/connector/parquet.py,_freeze_reserved.<lambda@264>,264,264,1,2,0,1,Low,Python,https://github.com/alejandroayalad/trinity/blob/014f3064689ff8f8fda6be264d9bb17c46497989/backend/src/trinity/connector/parquet.py#L264-L264
Tests,backend/tests/test_choice_service.py,ChoiceServiceTests.test_defaults_match_explicit_dates_and_no_transaction_reaches_execution.<lambda@121>,121,121,1,2,0,1,Low,Python,https://github.com/alejandroayalad/trinity/blob/014f3064689ff8f8fda6be264d9bb17c46497989/backend/tests/test_choice_service.py#L121-L121
Tests,backend/tests/test_dashboard_runtime.py,DashboardRuntimeTests.test_slow_download_and_start_failure_keep_cleanup_ownership.<lambda@246>,246,246,1,2,0,1,Low,Python,https://github.com/alejandroayalad/trinity/blob/014f3064689ff8f8fda6be264d9bb17c46497989/backend/tests/test_dashboard_runtime.py#L246-L246
Tests,backend/tests/test_dashboard_runtime.py,DashboardRuntimeTests.test_uncertain_removal_retains_slot_until_stop_is_confirmed.<lambda@352>,352,352,1,2,0,1,Low,Python,https://github.com/alejandroayalad/trinity/blob/014f3064689ff8f8fda6be264d9bb17c46497989/backend/tests/test_dashboard_runtime.py#L352-L352
Tests,backend/tests/test_preview_engine.py,PreviewEngineTests.test_full_key_binary_order_preserves_same_day_entities.<lambda@76>,76,76,1,2,0,1,Low,Python,https://github.com/alejandroayalad/trinity/blob/014f3064689ff8f8fda6be264d9bb17c46497989/backend/tests/test_preview_engine.py#L76-L76
Tests,backend/tests/test_preview_lifecycle.py,PreviewLifecycleTests.setUp.<lambda@57>,57,57,1,2,0,1,Low,Python,https://github.com/alejandroayalad/trinity/blob/014f3064689ff8f8fda6be264d9bb17c46497989/backend/tests/test_preview_lifecycle.py#L57-L57
Tests,backend/tests/test_preview_runtime.py,PreviewRuntimeTests.test_operator_checker_over_real_http_and_containers.<lambda@78>,78,78,1,2,0,1,Low,Python,https://github.com/alejandroayalad/trinity/blob/014f3064689ff8f8fda6be264d9bb17c46497989/backend/tests/test_preview_runtime.py#L78-L78
Tests,backend/tests/test_preview_runtime.py,PreviewRuntimeTests.test_entire_keyset_walk_equals_full_fixture_and_defaults_are_equivalent.<lambda@166>,166,166,1,2,0,1,Low,Python,https://github.com/alejandroayalad/trinity/blob/014f3064689ff8f8fda6be264d9bb17c46497989/backend/tests/test_preview_runtime.py#L166-L166
Tests,backend/tests/test_preview_runtime.py,PreviewRuntimeTests.test_ambiguous_create_is_resolved_by_owned_name_before_release.<lambda@275>,275,275,1,2,0,1,Low,Python,https://github.com/alejandroayalad/trinity/blob/014f3064689ff8f8fda6be264d9bb17c46497989/backend/tests/test_preview_runtime.py#L275-L275
Tests,backend/tests/test_preview_runtime.py,PreviewRuntimeTests.test_unknown_removal_retains_capacity_until_real_recovery.<lambda@294>,294,294,1,2,0,1,Low,Python,https://github.com/alejandroayalad/trinity/blob/014f3064689ff8f8fda6be264d9bb17c46497989/backend/tests/test_preview_runtime.py#L294-L294
Tests,backend/tests/test_preview_service.py,PreviewServiceTests.test_metadata_transactions_close_before_configuration_or_execution.<lambda@136>,136,136,1,2,0,1,Low,Python,https://github.com/alejandroayalad/trinity/blob/014f3064689ff8f8fda6be264d9bb17c46497989/backend/tests/test_preview_service.py#L136-L136
Tests,backend/tests/test_publication_postgres.py,PublicationPostgresTests.test_approved_temporary_failure_retry_preserves_approval.<lambda@32>,32,32,1,2,0,1,Low,Python,https://github.com/alejandroayalad/trinity/blob/014f3064689ff8f8fda6be264d9bb17c46497989/backend/tests/test_publication_postgres.py#L32-L32
Tests,backend/tests/test_publication_postgres.py,PublicationPostgresTests.test_automatic_retry_rechecks_changed_bytes_and_retains_failure_history.<lambda@248>,248,248,1,2,0,1,Low,Python,https://github.com/alejandroayalad/trinity/blob/014f3064689ff8f8fda6be264d9bb17c46497989/backend/tests/test_publication_postgres.py#L248-L248
Tests,backend/tests/test_publication_postgres.py,PublicationPostgresTests.test_automatic_storage_retry_succeeds_with_fresh_complete_verification.<lambda@336>,336,336,1,2,0,1,Low,Python,https://github.com/alejandroayalad/trinity/blob/014f3064689ff8f8fda6be264d9bb17c46497989/backend/tests/test_publication_postgres.py#L336-L336
Tests,backend/tests/test_s3.py,StorageTests.test_temporary_missing_writes_have_three_attempts_and_one_three_waits.<lambda@252>,252,252,1,2,0,1,Low,Python,https://github.com/alejandroayalad/trinity/blob/014f3064689ff8f8fda6be264d9bb17c46497989/backend/tests/test_s3.py#L252-L252
Tests,backend/tests/test_s3.py,StorageTests.test_failed_readback_exhausts_reads_without_reupload.<lambda@289>,289,289,1,2,0,1,Low,Python,https://github.com/alejandroayalad/trinity/blob/014f3064689ff8f8fda6be264d9bb17c46497989/backend/tests/test_s3.py#L289-L289
Tests,backend/tests/test_s3.py,StorageTests.test_deadline_in_retry_wait_and_after_request_blocks_success.<lambda@370>,370,370,1,2,0,1,Low,Python,https://github.com/alejandroayalad/trinity/blob/014f3064689ff8f8fda6be264d9bb17c46497989/backend/tests/test_s3.py#L370-L370
Tests,backend/tests/test_sql_lifecycle.py,LifecycleTests.test_known_container_must_be_removed_before_release.<lambda@43>,43,43,1,2,0,1,Low,Python,https://github.com/alejandroayalad/trinity/blob/014f3064689ff8f8fda6be264d9bb17c46497989/backend/tests/test_sql_lifecycle.py#L43-L43
Tests,backend/tests/test_validate.py,records_for.<lambda@57>,57,57,1,2,0,1,Low,Python,https://github.com/alejandroayalad/trinity/blob/014f3064689ff8f8fda6be264d9bb17c46497989/backend/tests/test_validate.py#L57-L57
Production,frontend/src/components/data/ListTable.tsx,ListTable.align,17,17,1,2,1,1,Low,TypeScript/JavaScript,https://github.com/alejandroayalad/trinity/blob/014f3064689ff8f8fda6be264d9bb17c46497989/frontend/src/components/data/ListTable.tsx#L17-L17
Tests,frontend/src/lib/copy.test.ts,isSentence,9,9,1,2,0,1,Low,TypeScript/JavaScript,https://github.com/alejandroayalad/trinity/blob/014f3064689ff8f8fda6be264d9bb17c46497989/frontend/src/lib/copy.test.ts#L9-L9
Production,frontend/src/pages/catalog/Choices.tsx,FacilityChoices.getNextPageParam,42,42,1,2,0,1,Low,TypeScript/JavaScript,https://github.com/alejandroayalad/trinity/blob/014f3064689ff8f8fda6be264d9bb17c46497989/frontend/src/pages/catalog/Choices.tsx#L42-L42
Production,frontend/src/pages/catalog/Choices.tsx,FacilityChoices.<callback@47>,47,47,1,2,0,1,Low,TypeScript/JavaScript,https://github.com/alejandroayalad/trinity/blob/014f3064689ff8f8fda6be264d9bb17c46497989/frontend/src/pages/catalog/Choices.tsx#L47-L47
Production,frontend/src/pages/catalog/Choices.tsx,FacilityChoices.<callback@47>,47,47,1,2,0,1,Low,TypeScript/JavaScript,https://github.com/alejandroayalad/trinity/blob/014f3064689ff8f8fda6be264d9bb17c46497989/frontend/src/pages/catalog/Choices.tsx#L47-L47
Production,frontend/src/pages/catalog/Choices.tsx,GeneratorChoices.getNextPageParam,55,55,1,2,0,1,Low,TypeScript/JavaScript,https://github.com/alejandroayalad/trinity/blob/014f3064689ff8f8fda6be264d9bb17c46497989/frontend/src/pages/catalog/Choices.tsx#L55-L55
Production,frontend/src/pages/catalog/Choices.tsx,GeneratorChoices.<callback@60>,60,60,1,2,0,1,Low,TypeScript/JavaScript,https://github.com/alejandroayalad/trinity/blob/014f3064689ff8f8fda6be264d9bb17c46497989/frontend/src/pages/catalog/Choices.tsx#L60-L60
Production,frontend/src/pages/catalog/TableView.tsx,DatasetTable.getNextPageParam,41,41,1,2,0,1,Low,TypeScript/JavaScript,https://github.com/alejandroayalad/trinity/blob/014f3064689ff8f8fda6be264d9bb17c46497989/frontend/src/pages/catalog/TableView.tsx#L41-L41
Production,frontend/src/pages/catalog/TableView.tsx,DatasetTable.<callback@78>,78,78,1,2,0,1,Low,TypeScript/JavaScript,https://github.com/alejandroayalad/trinity/blob/014f3064689ff8f8fda6be264d9bb17c46497989/frontend/src/pages/catalog/TableView.tsx#L78-L78
Production,frontend/src/pages/dashboard/Dashboard.tsx,CountValue.<callback@39>.tick,42,42,1,2,1,1,Low,TypeScript/JavaScript,https://github.com/alejandroayalad/trinity/blob/014f3064689ff8f8fda6be264d9bb17c46497989/frontend/src/pages/dashboard/Dashboard.tsx#L42-L42
Production,frontend/src/pages/dashboard/Dashboard.tsx,Dashboard.<callback@63>,63,63,1,2,1,1,Low,TypeScript/JavaScript,https://github.com/alejandroayalad/trinity/blob/014f3064689ff8f8fda6be264d9bb17c46497989/frontend/src/pages/dashboard/Dashboard.tsx#L63-L63
Production,frontend/src/pages/dashboard/Dashboard.tsx,Dashboard.<callback@64>,64,64,1,2,1,1,Low,TypeScript/JavaScript,https://github.com/alejandroayalad/trinity/blob/014f3064689ff8f8fda6be264d9bb17c46497989/frontend/src/pages/dashboard/Dashboard.tsx#L64-L64
Production,frontend/src/pages/dashboard/Dashboard.tsx,Contributions.<callback@180>,180,180,1,2,0,1,Low,TypeScript/JavaScript,https://github.com/alejandroayalad/trinity/blob/014f3064689ff8f8fda6be264d9bb17c46497989/frontend/src/pages/dashboard/Dashboard.tsx#L180-L180
Production,frontend/src/pages/dashboard/Dashboard.tsx,Contributions.width,183,183,1,2,1,1,Low,TypeScript/JavaScript,https://github.com/alejandroayalad/trinity/blob/014f3064689ff8f8fda6be264d9bb17c46497989/frontend/src/pages/dashboard/Dashboard.tsx#L183-L183
Production,frontend/src/pages/dashboard/Dashboard.tsx,Contributions.<callback@189>,189,189,1,2,0,1,Low,TypeScript/JavaScript,https://github.com/alejandroayalad/trinity/blob/014f3064689ff8f8fda6be264d9bb17c46497989/frontend/src/pages/dashboard/Dashboard.tsx#L189-L189
Production,frontend/src/pages/dashboard/NationalChart.tsx,NationalChart.<callback@41>,41,41,1,2,1,1,Low,TypeScript/JavaScript,https://github.com/alejandroayalad/trinity/blob/014f3064689ff8f8fda6be264d9bb17c46497989/frontend/src/pages/dashboard/NationalChart.tsx#L41-L41
Production,frontend/src/pages/dashboard/NationalChart.tsx,NationalChart.x,86,86,1,2,1,1,Low,TypeScript/JavaScript,https://github.com/alejandroayalad/trinity/blob/014f3064689ff8f8fda6be264d9bb17c46497989/frontend/src/pages/dashboard/NationalChart.tsx#L86-L86
Production,frontend/src/pages/dashboard/NationalChart.tsx,NationalChart.y,90,90,1,2,0,1,Low,TypeScript/JavaScript,https://github.com/alejandroayalad/trinity/blob/014f3064689ff8f8fda6be264d9bb17c46497989/frontend/src/pages/dashboard/NationalChart.tsx#L90-L90
Production,frontend/src/pages/dashboard/NationalChart.tsx,NationalChart.<callback@132>.<callback@134>,134,134,1,2,0,1,Low,TypeScript/JavaScript,https://github.com/alejandroayalad/trinity/blob/014f3064689ff8f8fda6be264d9bb17c46497989/frontend/src/pages/dashboard/NationalChart.tsx#L134-L134
Production,frontend/src/pages/dashboard/NationalChart.tsx,NationalChart.<callback@138>.<callback@138>,138,138,1,2,1,1,Low,TypeScript/JavaScript,https://github.com/alejandroayalad/trinity/blob/014f3064689ff8f8fda6be264d9bb17c46497989/frontend/src/pages/dashboard/NationalChart.tsx#L138-L138
Production,frontend/src/pages/dashboard/NationalChart.tsx,NationalChart.<callback@138>.<callback@138>,138,138,1,2,1,1,Low,TypeScript/JavaScript,https://github.com/alejandroayalad/trinity/blob/014f3064689ff8f8fda6be264d9bb17c46497989/frontend/src/pages/dashboard/NationalChart.tsx#L138-L138
Production,frontend/src/pages/dashboard/Sparkline.tsx,Sparkline.<callback@14>,14,14,1,2,1,1,Low,TypeScript/JavaScript,https://github.com/alejandroayalad/trinity/blob/014f3064689ff8f8fda6be264d9bb17c46497989/frontend/src/pages/dashboard/Sparkline.tsx#L14-L14
Production,frontend/src/pages/dashboard/Sparkline.tsx,Sparkline.y,17,17,1,2,0,1,Low,TypeScript/JavaScript,https://github.com/alejandroayalad/trinity/blob/014f3064689ff8f8fda6be264d9bb17c46497989/frontend/src/pages/dashboard/Sparkline.tsx#L17-L17
Production,frontend/src/pages/dashboard/Sparkline.tsx,Sparkline.<callback@22>,22,22,1,2,0,1,Low,TypeScript/JavaScript,https://github.com/alejandroayalad/trinity/blob/014f3064689ff8f8fda6be264d9bb17c46497989/frontend/src/pages/dashboard/Sparkline.tsx#L22-L22
Production,frontend/src/pages/dashboard/chartGeometry.ts,chartDomain.<callback@6>,6,6,1,2,1,1,Low,TypeScript/JavaScript,https://github.com/alejandroayalad/trinity/blob/014f3064689ff8f8fda6be264d9bb17c46497989/frontend/src/pages/dashboard/chartGeometry.ts#L6-L6
Production,frontend/src/pages/dashboard/chartGeometry.ts,chartDomain.<callback@7>,7,7,1,2,1,1,Low,TypeScript/JavaScript,https://github.com/alejandroayalad/trinity/blob/014f3064689ff8f8fda6be264d9bb17c46497989/frontend/src/pages/dashboard/chartGeometry.ts#L7-L7
Production,frontend/src/pages/dashboard/chartGeometry.ts,chartDomain.ceil,12,12,1,2,1,1,Low,TypeScript/JavaScript,https://github.com/alejandroayalad/trinity/blob/014f3064689ff8f8fda6be264d9bb17c46497989/frontend/src/pages/dashboard/chartGeometry.ts#L12-L12
Tests,frontend/src/pages/explorer-state.test.tsx,<callback@205>.<callback@214>,214,214,1,2,0,1,Low,TypeScript/JavaScript,https://github.com/alejandroayalad/trinity/blob/014f3064689ff8f8fda6be264d9bb17c46497989/frontend/src/pages/explorer-state.test.tsx#L214-L214
Tests,frontend/src/pages/pages.test.tsx,<callback@176>.<callback@212>,212,212,1,2,0,1,Low,TypeScript/JavaScript,https://github.com/alejandroayalad/trinity/blob/014f3064689ff8f8fda6be264d9bb17c46497989/frontend/src/pages/pages.test.tsx#L212-L212
Tests,frontend/src/pages/pages.test.tsx,<callback@261>.<callback@268>,268,268,1,2,0,1,Low,TypeScript/JavaScript,https://github.com/alejandroayalad/trinity/blob/014f3064689ff8f8fda6be264d9bb17c46497989/frontend/src/pages/pages.test.tsx#L268-L268
Production,frontend/src/pages/refresh/Refresh.tsx,RefreshList.getNextPageParam,54,54,1,2,0,1,Low,TypeScript/JavaScript,https://github.com/alejandroayalad/trinity/blob/014f3064689ff8f8fda6be264d9bb17c46497989/frontend/src/pages/refresh/Refresh.tsx#L54-L54
Production,frontend/src/pages/refresh/Refresh.tsx,RefreshList.refetchInterval,54,54,1,2,1,1,Low,TypeScript/JavaScript,https://github.com/alejandroayalad/trinity/blob/014f3064689ff8f8fda6be264d9bb17c46497989/frontend/src/pages/refresh/Refresh.tsx#L54-L54
Production,frontend/src/pages/refresh/Refresh.tsx,RefreshList.<callback@76>,76,76,1,2,1,1,Low,TypeScript/JavaScript,https://github.com/alejandroayalad/trinity/blob/014f3064689ff8f8fda6be264d9bb17c46497989/frontend/src/pages/refresh/Refresh.tsx#L76-L76
Production,frontend/src/pages/refresh/Refresh.tsx,RefreshList.<callback@79>.<callback@79>,79,79,1,2,1,1,Low,TypeScript/JavaScript,https://github.com/alejandroayalad/trinity/blob/014f3064689ff8f8fda6be264d9bb17c46497989/frontend/src/pages/refresh/Refresh.tsx#L79-L79
Production,frontend/src/pages/refresh/Refresh.tsx,runSummary.<callback@116>,116,116,1,2,0,1,Low,TypeScript/JavaScript,https://github.com/alejandroayalad/trinity/blob/014f3064689ff8f8fda6be264d9bb17c46497989/frontend/src/pages/refresh/Refresh.tsx#L116-L116
Production,frontend/src/pages/refresh/Refresh.tsx,RunPage.refetchInterval,132,132,1,2,1,1,Low,TypeScript/JavaScript,https://github.com/alejandroayalad/trinity/blob/014f3064689ff8f8fda6be264d9bb17c46497989/frontend/src/pages/refresh/Refresh.tsx#L132-L132
Production,frontend/src/pages/refresh/Refresh.tsx,RunPage.<callback@136>,136,136,1,2,1,1,Low,TypeScript/JavaScript,https://github.com/alejandroayalad/trinity/blob/014f3064689ff8f8fda6be264d9bb17c46497989/frontend/src/pages/refresh/Refresh.tsx#L136-L136
Production,frontend/src/pages/refresh/Refresh.tsx,RunPage.<callback@145>,145,145,1,2,0,1,Low,TypeScript/JavaScript,https://github.com/alejandroayalad/trinity/blob/014f3064689ff8f8fda6be264d9bb17c46497989/frontend/src/pages/refresh/Refresh.tsx#L145-L145
Production,frontend/src/pages/refresh/Refresh.tsx,RunPage.<callback@145>,145,145,1,2,0,1,Low,TypeScript/JavaScript,https://github.com/alejandroayalad/trinity/blob/014f3064689ff8f8fda6be264d9bb17c46497989/frontend/src/pages/refresh/Refresh.tsx#L145-L145
Production,frontend/src/pages/refresh/Refresh.tsx,RunPage.<callback@145>,145,145,1,2,0,1,Low,TypeScript/JavaScript,https://github.com/alejandroayalad/trinity/blob/014f3064689ff8f8fda6be264d9bb17c46497989/frontend/src/pages/refresh/Refresh.tsx#L145-L145
Production,frontend/src/pages/refresh/Refresh.tsx,RunPage.<callback@145>,145,145,1,2,0,1,Low,TypeScript/JavaScript,https://github.com/alejandroayalad/trinity/blob/014f3064689ff8f8fda6be264d9bb17c46497989/frontend/src/pages/refresh/Refresh.tsx#L145-L145
Production,frontend/src/pages/refresh/Refresh.tsx,CandidatePanel.<callback@163>.<callback@163>,163,163,1,2,0,1,Low,TypeScript/JavaScript,https://github.com/alejandroayalad/trinity/blob/014f3064689ff8f8fda6be264d9bb17c46497989/frontend/src/pages/refresh/Refresh.tsx#L163-L163
Production,frontend/src/pages/shared.tsx,reviewWarnings.<callback@47>,47,47,1,2,0,1,Low,TypeScript/JavaScript,https://github.com/alejandroayalad/trinity/blob/014f3064689ff8f8fda6be264d9bb17c46497989/frontend/src/pages/shared.tsx#L47-L47
Production,frontend/src/pages/shared.tsx,DataTable.<callback@82>,82,82,1,2,0,1,Low,TypeScript/JavaScript,https://github.com/alejandroayalad/trinity/blob/014f3064689ff8f8fda6be264d9bb17c46497989/frontend/src/pages/shared.tsx#L82-L82
Production,frontend/src/pages/sql/SqlExplorer.tsx,SchemaTree.<callback@33>.<callback@35>,35,35,1,2,1,1,Low,TypeScript/JavaScript,https://github.com/alejandroayalad/trinity/blob/014f3064689ff8f8fda6be264d9bb17c46497989/frontend/src/pages/sql/SqlExplorer.tsx#L35-L35
Production,frontend/src/pages/sql/SqlExplorer.tsx,SqlExplorer.<callback@51>,51,51,1,2,1,1,Low,TypeScript/JavaScript,https://github.com/alejandroayalad/trinity/blob/014f3064689ff8f8fda6be264d9bb17c46497989/frontend/src/pages/sql/SqlExplorer.tsx#L51-L51
Production,frontend/src/pages/sql/SqlExplorer.tsx,SqlExplorer.<callback@76>,76,76,1,2,1,1,Low,TypeScript/JavaScript,https://github.com/alejandroayalad/trinity/blob/014f3064689ff8f8fda6be264d9bb17c46497989/frontend/src/pages/sql/SqlExplorer.tsx#L76-L76
Production,frontend/src/session/SessionProvider.tsx,SessionProvider.<callback@72>.<callback@94>,94,94,1,2,1,1,Low,TypeScript/JavaScript,https://github.com/alejandroayalad/trinity/blob/014f3064689ff8f8fda6be264d9bb17c46497989/frontend/src/session/SessionProvider.tsx#L94-L94
Production,frontend/src/session/SessionProvider.tsx,SessionProvider.signOut.<callback@136>,136,136,1,2,1,1,Low,TypeScript/JavaScript,https://github.com/alejandroayalad/trinity/blob/014f3064689ff8f8fda6be264d9bb17c46497989/frontend/src/session/SessionProvider.tsx#L136-L136
Tests,frontend/src/session/session.test.tsx,<callback@154>.<callback@165>,165,165,1,2,1,1,Low,TypeScript/JavaScript,https://github.com/alejandroayalad/trinity/blob/014f3064689ff8f8fda6be264d9bb17c46497989/frontend/src/session/session.test.tsx#L165-L165
Tests,frontend/src/session/session.test.tsx,<callback@185>.<callback@192>,192,192,1,2,1,1,Low,TypeScript/JavaScript,https://github.com/alejandroayalad/trinity/blob/014f3064689ff8f8fda6be264d9bb17c46497989/frontend/src/session/session.test.tsx#L192-L192
Production,frontend/src/shell/AppShell.tsx,Drawer.<callback@16>,16,16,1,2,1,1,Low,TypeScript/JavaScript,https://github.com/alejandroayalad/trinity/blob/014f3064689ff8f8fda6be264d9bb17c46497989/frontend/src/shell/AppShell.tsx#L16-L16
Tools and migrations,frontend/src/test/fetchStub.ts,withAbort.<callback@61>.<callback@72>,72,72,1,2,1,1,Low,TypeScript/JavaScript,https://github.com/alejandroayalad/trinity/blob/014f3064689ff8f8fda6be264d9bb17c46497989/frontend/src/test/fetchStub.ts#L72-L72
Tests,frontend/tests/e2e/data.spec.ts,<callback@5>.<callback@8>,8,8,1,2,1,1,Low,TypeScript/JavaScript,https://github.com/alejandroayalad/trinity/blob/014f3064689ff8f8fda6be264d9bb17c46497989/frontend/tests/e2e/data.spec.ts#L8-L8
Tests,frontend/tests/e2e/data.spec.ts,<callback@5>.<callback@15>,15,15,1,2,0,1,Low,TypeScript/JavaScript,https://github.com/alejandroayalad/trinity/blob/014f3064689ff8f8fda6be264d9bb17c46497989/frontend/tests/e2e/data.spec.ts#L15-L15
Tests,frontend/tests/e2e/data.spec.ts,<callback@42>.<callback@45>,45,45,1,2,1,1,Low,TypeScript/JavaScript,https://github.com/alejandroayalad/trinity/blob/014f3064689ff8f8fda6be264d9bb17c46497989/frontend/tests/e2e/data.spec.ts#L45-L45
Tests,frontend/tests/e2e/data.spec.ts,<callback@99>.<callback@113>,113,113,1,2,0,1,Low,TypeScript/JavaScript,https://github.com/alejandroayalad/trinity/blob/014f3064689ff8f8fda6be264d9bb17c46497989/frontend/tests/e2e/data.spec.ts#L113-L113
Tests,frontend/tests/e2e/explorer-state.spec.ts,<callback@13>.<callback@18>,18,18,1,2,1,1,Low,TypeScript/JavaScript,https://github.com/alejandroayalad/trinity/blob/014f3064689ff8f8fda6be264d9bb17c46497989/frontend/tests/e2e/explorer-state.spec.ts#L18-L18
Tests,frontend/tests/e2e/presentation.spec.ts,<callback@13>.<callback@37>,37,37,1,2,0,1,Low,TypeScript/JavaScript,https://github.com/alejandroayalad/trinity/blob/014f3064689ff8f8fda6be264d9bb17c46497989/frontend/tests/e2e/presentation.spec.ts#L37-L37
Tests,frontend/tests/e2e/presentation.spec.ts,<callback@13>.<callback@38>,38,38,1,2,0,1,Low,TypeScript/JavaScript,https://github.com/alejandroayalad/trinity/blob/014f3064689ff8f8fda6be264d9bb17c46497989/frontend/tests/e2e/presentation.spec.ts#L38-L38
Tests,frontend/tests/e2e/presentation.spec.ts,<callback@50>.<callback@52>,52,52,1,2,1,1,Low,TypeScript/JavaScript,https://github.com/alejandroayalad/trinity/blob/014f3064689ff8f8fda6be264d9bb17c46497989/frontend/tests/e2e/presentation.spec.ts#L52-L52
Tests,backend/tests/test_refresh_candidates.py,CandidateTests.assert_routed,111,135,25,1,0,1,Low,Python,https://github.com/alejandroayalad/trinity/blob/014f3064689ff8f8fda6be264d9bb17c46497989/backend/tests/test_refresh_candidates.py#L111-L135
Tests,backend/tests/test_publication_postgres.py,PublicationPostgresTests.test_approved_temporary_failure_retry_preserves_approval,27,50,24,1,0,1,Low,Python,https://github.com/alejandroayalad/trinity/blob/014f3064689ff8f8fda6be264d9bb17c46497989/backend/tests/test_publication_postgres.py#L27-L50
Tests,frontend/src/components/components.test.tsx,<callback@34>.<callback@35>,35,58,24,1,0,1,Low,TypeScript/JavaScript,https://github.com/alejandroayalad/trinity/blob/014f3064689ff8f8fda6be264d9bb17c46497989/frontend/src/components/components.test.tsx#L35-L58
Tests,frontend/src/pages/explorer-state.test.tsx,<callback@66>,66,89,24,1,0,1,Low,TypeScript/JavaScript,https://github.com/alejandroayalad/trinity/blob/014f3064689ff8f8fda6be264d9bb17c46497989/frontend/src/pages/explorer-state.test.tsx#L66-L89
Tests,frontend/src/pages/explorer-state.test.tsx,<callback@115>,115,138,24,1,0,1,Low,TypeScript/JavaScript,https://github.com/alejandroayalad/trinity/blob/014f3064689ff8f8fda6be264d9bb17c46497989/frontend/src/pages/explorer-state.test.tsx#L115-L138
Production,frontend/src/pages/refresh/Refresh.tsx,timeline,89,112,24,1,0,1,Low,TypeScript/JavaScript,https://github.com/alejandroayalad/trinity/blob/014f3064689ff8f8fda6be264d9bb17c46497989/frontend/src/pages/refresh/Refresh.tsx#L89-L112
Tests,backend/tests/test_eia_retries.py,RetryTests.test_slow_attempt_times_out_then_retries_same_page,209,231,23,1,0,1,Low,Python,https://github.com/alejandroayalad/trinity/blob/014f3064689ff8f8fda6be264d9bb17c46497989/backend/tests/test_eia_retries.py#L209-L231
Tests,backend/tests/test_eia_retries.py,RetryTests.test_page_budget_interrupts_slow_retry_after_504,233,255,23,1,0,1,Low,Python,https://github.com/alejandroayalad/trinity/blob/014f3064689ff8f8fda6be264d9bb17c46497989/backend/tests/test_eia_retries.py#L233-L255
Tests,backend/tests/test_refresh_candidates.py,CandidateTests.test_ownership_lost_during_remote_read_cannot_commit,308,330,23,1,0,1,Low,Python,https://github.com/alejandroayalad/trinity/blob/014f3064689ff8f8fda6be264d9bb17c46497989/backend/tests/test_refresh_candidates.py#L308-L330
Tests,backend/tests/test_refresh_postgres.py,RefreshPostgresTests.reserve,46,68,23,1,0,1,Low,Python,https://github.com/alejandroayalad/trinity/blob/014f3064689ff8f8fda6be264d9bb17c46497989/backend/tests/test_refresh_postgres.py#L46-L68
Tests,backend/tests/test_refresh_recovery_postgres.py,RecoveryPostgresTests.test_rerun_preserves_old_snapshot_and_admits_current_revision,97,119,23,1,0,1,Low,Python,https://github.com/alejandroayalad/trinity/blob/014f3064689ff8f8fda6be264d9bb17c46497989/backend/tests/test_refresh_recovery_postgres.py#L97-L119
Tests,frontend/src/pages/explorer-state.test.tsx,<callback@91>,91,113,23,1,0,1,Low,TypeScript/JavaScript,https://github.com/alejandroayalad/trinity/blob/014f3064689ff8f8fda6be264d9bb17c46497989/frontend/src/pages/explorer-state.test.tsx#L91-L113
Tools and migrations,backend/migrations/versions/0007_refresh_registration.py,upgrade,10,31,22,1,0,1,Low,Python,https://github.com/alejandroayalad/trinity/blob/014f3064689ff8f8fda6be264d9bb17c46497989/backend/migrations/versions/0007_refresh_registration.py#L10-L31
Tests,backend/tests/test_eia_retries.py,RetryTests.test_caller_cancellation_is_not_retried,294,315,22,1,0,1,Low,Python,https://github.com/alejandroayalad/trinity/blob/014f3064689ff8f8fda6be264d9bb17c46497989/backend/tests/test_eia_retries.py#L294-L315
Tests,backend/tests/test_preview_service.py,PreviewRouteTests.test_testclient_preserves_pairs_body_headers_and_response_shape,178,199,22,1,0,1,Low,Python,https://github.com/alejandroayalad/trinity/blob/014f3064689ff8f8fda6be264d9bb17c46497989/backend/tests/test_preview_service.py#L178-L199
Tests,backend/tests/test_publication_postgres.py,PublicationPostgresTests.test_operator_exit_codes_and_failure_transaction_rollback,285,306,22,1,0,1,Low,Python,https://github.com/alejandroayalad/trinity/blob/014f3064689ff8f8fda6be264d9bb17c46497989/backend/tests/test_publication_postgres.py#L285-L306
Tests,backend/tests/test_refresh_recovery_service.py,RecoveryServiceTests.setUp,59,80,22,1,0,1,Low,Python,https://github.com/alejandroayalad/trinity/blob/014f3064689ff8f8fda6be264d9bb17c46497989/backend/tests/test_refresh_recovery_service.py#L59-L80
Tests,backend/tests/test_sql_containers.py,ContainerTests.setUp,48,69,22,1,0,1,Low,Python,https://github.com/alejandroayalad/trinity/blob/014f3064689ff8f8fda6be264d9bb17c46497989/backend/tests/test_sql_containers.py#L48-L69
Tests,frontend/src/pages/qa01.test.tsx,<callback@63>,63,84,22,1,0,1,Low,TypeScript/JavaScript,https://github.com/alejandroayalad/trinity/blob/014f3064689ff8f8fda6be264d9bb17c46497989/frontend/src/pages/qa01.test.tsx#L63-L84
Tests,frontend/src/session/session.test.tsx,<callback@198>,198,219,22,1,0,1,Low,TypeScript/JavaScript,https://github.com/alejandroayalad/trinity/blob/014f3064689ff8f8fda6be264d9bb17c46497989/frontend/src/session/session.test.tsx#L198-L219
Tests,frontend/tests/e2e/session-reliability.spec.ts,<callback@32>,32,53,22,1,0,1,Low,TypeScript/JavaScript,https://github.com/alejandroayalad/trinity/blob/014f3064689ff8f8fda6be264d9bb17c46497989/frontend/tests/e2e/session-reliability.spec.ts#L32-L53
Tests,backend/tests/test_catalog_postgres.py,PostgresCatalogTests._during_catalog,131,151,21,1,0,1,Low,Python,https://github.com/alejandroayalad/trinity/blob/014f3064689ff8f8fda6be264d9bb17c46497989/backend/tests/test_catalog_postgres.py#L131-L151
Tests,backend/tests/test_publication_process.py,PublicationProcessTests.test_cancelled_async_wrapper_does_not_release_live_thread_lock,95,115,21,1,0,1,Low,Python,https://github.com/alejandroayalad/trinity/blob/014f3064689ff8f8fda6be264d9bb17c46497989/backend/tests/test_publication_process.py#L95-L115
Tests,backend/tests/test_retrieval.py,RetrievalTests.test_saved_response_checksum_and_redaction,69,89,21,1,0,1,Low,Python,https://github.com/alejandroayalad/trinity/blob/014f3064689ff8f8fda6be264d9bb17c46497989/backend/tests/test_retrieval.py#L69-L89
Tests,backend/tests/test_scheduler_unit.py,SchedulerRoleStartTests.test_role_starts_with_only_database_url_and_hides_it,76,96,21,1,0,1,Low,Python,https://github.com/alejandroayalad/trinity/blob/014f3064689ff8f8fda6be264d9bb17c46497989/backend/tests/test_scheduler_unit.py#L76-L96
Tests,frontend/src/api/types.test.ts,<callback@42>,42,62,21,1,0,1,Low,TypeScript/JavaScript,https://github.com/alejandroayalad/trinity/blob/014f3064689ff8f8fda6be264d9bb17c46497989/frontend/src/api/types.test.ts#L42-L62
Tests,frontend/src/lib/copy.test.ts,<callback@11>,11,31,21,1,0,1,Low,TypeScript/JavaScript,https://github.com/alejandroayalad/trinity/blob/014f3064689ff8f8fda6be264d9bb17c46497989/frontend/src/lib/copy.test.ts#L11-L31
Tests,frontend/src/pages/qa01.test.tsx,<callback@41>,41,61,21,1,0,1,Low,TypeScript/JavaScript,https://github.com/alejandroayalad/trinity/blob/014f3064689ff8f8fda6be264d9bb17c46497989/frontend/src/pages/qa01.test.tsx#L41-L61
Production,backend/src/trinity/errors.py,install_handlers,40,59,20,1,0,1,Low,Python,https://github.com/alejandroayalad/trinity/blob/014f3064689ff8f8fda6be264d9bb17c46497989/backend/src/trinity/errors.py#L40-L59
Tests,backend/tests/test_dashboard_runtime.py,DashboardRuntimeTests.test_uncertain_removal_retains_slot_until_stop_is_confirmed,350,369,20,1,0,1,Low,Python,https://github.com/alejandroayalad/trinity/blob/014f3064689ff8f8fda6be264d9bb17c46497989/backend/tests/test_dashboard_runtime.py#L350-L369
Tests,backend/tests/test_eia_client.py,EIAClientTests.test_httpx_logging_masks_the_encoded_key,245,264,20,1,0,1,Low,Python,https://github.com/alejandroayalad/trinity/blob/014f3064689ff8f8fda6be264d9bb17c46497989/backend/tests/test_eia_client.py#L245-L264
Tests,backend/tests/test_evidence_cache.py,EvidenceFactoryTests.test_production_requests_share_cache_but_recovery_and_transports_do_not,350,369,20,1,0,1,Low,Python,https://github.com/alejandroayalad/trinity/blob/014f3064689ff8f8fda6be264d9bb17c46497989/backend/tests/test_evidence_cache.py#L350-L369
Tests,backend/tests/test_publication_postgres.py,PublicationPostgresTests.test_operator_lock_guards_repeat_and_retry,83,102,20,1,0,1,Low,Python,https://github.com/alejandroayalad/trinity/blob/014f3064689ff8f8fda6be264d9bb17c46497989/backend/tests/test_publication_postgres.py#L83-L102
Tests,backend/tests/test_refresh_candidates.py,CandidateTests.test_registration_remote_reads_have_no_open_database_transaction,332,351,20,1,0,1,Low,Python,https://github.com/alejandroayalad/trinity/blob/014f3064689ff8f8fda6be264d9bb17c46497989/backend/tests/test_refresh_candidates.py#L332-L351
Tests,backend/tests/test_refresh_candidates.py,CandidateTests.test_real_redis_delivery_runs_preparation_and_registers_once,425,444,20,1,0,1,Low,Python,https://github.com/alejandroayalad/trinity/blob/014f3064689ff8f8fda6be264d9bb17c46497989/backend/tests/test_refresh_candidates.py#L425-L444
Tests,backend/tests/test_scheduler_postgres.py,SchedulerPostgresTests.test_change_between_check_and_lock_is_rechecked,241,260,20,1,0,1,Low,Python,https://github.com/alejandroayalad/trinity/blob/014f3064689ff8f8fda6be264d9bb17c46497989/backend/tests/test_scheduler_postgres.py#L241-L260
Tests,backend/tests/test_sql_containers.py,ContainerTests.test_probe_cannot_use_network_write_mount_or_read_siblings,90,109,20,1,0,1,Low,Python,https://github.com/alejandroayalad/trinity/blob/014f3064689ff8f8fda6be264d9bb17c46497989/backend/tests/test_sql_containers.py#L90-L109
Tests,frontend/tests/e2e/session-reliability.spec.ts,<callback@10>,10,29,20,1,0,1,Low,TypeScript/JavaScript,https://github.com/alejandroayalad/trinity/blob/014f3064689ff8f8fda6be264d9bb17c46497989/frontend/tests/e2e/session-reliability.spec.ts#L10-L29
Tests,backend/tests/test_eia_retries.py,RetryTests.test_page_deadline_interrupts_backoff_without_another_attempt,189,207,19,1,0,1,Low,Python,https://github.com/alejandroayalad/trinity/blob/014f3064689ff8f8fda6be264d9bb17c46497989/backend/tests/test_eia_retries.py#L189-L207
Tests,backend/tests/test_evidence_cache.py,EvidenceCacheTests.test_cancelled_owner_keeps_shared_work_alive_for_waiter_then_returns_cancellation,234,252,19,1,0,1,Low,Python,https://github.com/alejandroayalad/trinity/blob/014f3064689ff8f8fda6be264d9bb17c46497989/backend/tests/test_evidence_cache.py#L234-L252
Tests,backend/tests/test_health.py,HealthTests.test_surface_contains_only_implemented_product_operations,16,34,19,1,0,1,Low,Python,https://github.com/alejandroayalad/trinity/blob/014f3064689ff8f8fda6be264d9bb17c46497989/backend/tests/test_health.py#L16-L34
Tests,backend/tests/test_preview_postgres.py,PreviewPostgresTests.test_snapshot_survives_independent_pointer_change,157,175,19,1,0,1,Low,Python,https://github.com/alejandroayalad/trinity/blob/014f3064689ff8f8fda6be264d9bb17c46497989/backend/tests/test_preview_postgres.py#L157-L175
Tests,backend/tests/test_publication_postgres.py,PublicationPostgresTests.test_commit_rejection_rolls_back_and_keeps_claim_consumed,104,122,19,1,0,1,Low,Python,https://github.com/alejandroayalad/trinity/blob/014f3064689ff8f8fda6be264d9bb17c46497989/backend/tests/test_publication_postgres.py#L104-L122
Tests,backend/tests/test_query_guarantees.py,QueryGuaranteeTests.test_start_wins_race_but_recovery_removes_before_release,251,269,19,1,0,1,Low,Python,https://github.com/alejandroayalad/trinity/blob/014f3064689ff8f8fda6be264d9bb17c46497989/backend/tests/test_query_guarantees.py#L251-L269
Tests,backend/tests/test_refresh_candidates.py,CandidateTests.test_candidate_revision_changes_with_visible_validation_progress,394,412,19,1,0,1,Low,Python,https://github.com/alejandroayalad/trinity/blob/014f3064689ff8f8fda6be264d9bb17c46497989/backend/tests/test_refresh_candidates.py#L394-L412
Tests,backend/tests/test_refresh_recovery_postgres.py,WriteFailureDatabase.transaction,26,44,19,1,0,1,Low,Python,https://github.com/alejandroayalad/trinity/blob/014f3064689ff8f8fda6be264d9bb17c46497989/backend/tests/test_refresh_recovery_postgres.py#L26-L44
Tests,backend/tests/test_validate.py,ValidationTests.test_s36_journal_sync_failure_retains_prior_check_evidence,599,617,19,1,0,1,Low,Python,https://github.com/alejandroayalad/trinity/blob/014f3064689ff8f8fda6be264d9bb17c46497989/backend/tests/test_validate.py#L599-L617
Tests,frontend/src/api/types.test.ts,<callback@42>.<callback@43>,43,61,19,1,0,1,Low,TypeScript/JavaScript,https://github.com/alejandroayalad/trinity/blob/014f3064689ff8f8fda6be264d9bb17c46497989/frontend/src/api/types.test.ts#L43-L61
Tests,backend/tests/test_auth_rotate.py,RotatePostgresTests.test_rotation_changes_only_the_chosen_hashes,84,101,18,1,0,1,Low,Python,https://github.com/alejandroayalad/trinity/blob/014f3064689ff8f8fda6be264d9bb17c46497989/backend/tests/test_auth_rotate.py#L84-L101
Tests,backend/tests/test_eia_client.py,EIAClientTests.test_optional_percent_is_preserved_and_secret_echoes_are_removed,226,243,18,1,0,1,Low,Python,https://github.com/alejandroayalad/trinity/blob/014f3064689ff8f8fda6be264d9bb17c46497989/backend/tests/test_eia_client.py#L226-L243
Tests,backend/tests/test_eia_pagination.py,PaginationTests.test_short_nonterminal_pages_advance_by_actual_count,95,112,18,1,0,1,Low,Python,https://github.com/alejandroayalad/trinity/blob/014f3064689ff8f8fda6be264d9bb17c46497989/backend/tests/test_eia_pagination.py#L95-L112
Tests,backend/tests/test_eia_retries.py,RetryTests.test_collection_deadline_interrupts_backoff_without_resetting,275,292,18,1,0,1,Low,Python,https://github.com/alejandroayalad/trinity/blob/014f3064689ff8f8fda6be264d9bb17c46497989/backend/tests/test_eia_retries.py#L275-L292
Tests,backend/tests/test_preview_lifecycle.py,PreviewLifecycleTests.test_disconnect_while_container_runs_ends_it_and_releases_capacity,186,203,18,1,0,1,Low,Python,https://github.com/alejandroayalad/trinity/blob/014f3064689ff8f8fda6be264d9bb17c46497989/backend/tests/test_preview_lifecycle.py#L186-L203
Tests,backend/tests/test_preview_postgres.py,PreviewPostgresTests.test_missing_provenance_signing_or_admission_fail_closed,177,194,18,1,0,1,Low,Python,https://github.com/alejandroayalad/trinity/blob/014f3064689ff8f8fda6be264d9bb17c46497989/backend/tests/test_preview_postgres.py#L177-L194
Tests,backend/tests/test_preview_runtime.py,PreviewRuntimeTests.test_staging_and_start_timeouts_cleanup_without_resetting_budget,238,255,18,1,0,1,Low,Python,https://github.com/alejandroayalad/trinity/blob/014f3064689ff8f8fda6be264d9bb17c46497989/backend/tests/test_preview_runtime.py#L238-L255
Tests,backend/tests/test_publication_dispatch.py,PublicationDispatchTests.test_three_transport_attempts_then_stop_proof_failure,69,86,18,1,0,1,Low,Python,https://github.com/alejandroayalad/trinity/blob/014f3064689ff8f8fda6be264d9bb17c46497989/backend/tests/test_publication_dispatch.py#L69-L86
Tests,backend/tests/test_publication_postgres.py,PublicationPostgresTests.test_operator_invalid_unknown_host_access_and_database_outcomes,196,213,18,1,0,1,Low,Python,https://github.com/alejandroayalad/trinity/blob/014f3064689ff8f8fda6be264d9bb17c46497989/backend/tests/test_publication_postgres.py#L196-L213
Tests,backend/tests/test_publication_postgres.py,PublicationPostgresTests.test_automatic_retry_rechecks_changed_bytes_and_retains_failure_history,246,263,18,1,0,1,Low,Python,https://github.com/alejandroayalad/trinity/blob/014f3064689ff8f8fda6be264d9bb17c46497989/backend/tests/test_publication_postgres.py#L246-L263
Tests,backend/tests/test_publication_process.py,PublicationProcessTests.test_live_thread_keeps_lock_after_lease_expiry,76,93,18,1,0,1,Low,Python,https://github.com/alejandroayalad/trinity/blob/014f3064689ff8f8fda6be264d9bb17c46497989/backend/tests/test_publication_process.py#L76-L93
Tests,backend/tests/test_query_guarantees.py,QueryGuaranteeTests.test_late_start_cannot_run_after_recovery_removes_container,232,249,18,1,0,1,Low,Python,https://github.com/alejandroayalad/trinity/blob/014f3064689ff8f8fda6be264d9bb17c46497989/backend/tests/test_query_guarantees.py#L232-L249
Tests,backend/tests/test_refresh_candidates.py,CandidateTests.test_crash_before_registration_recovers_same_identity_and_budget,158,175,18,1,0,1,Low,Python,https://github.com/alejandroayalad/trinity/blob/014f3064689ff8f8fda6be264d9bb17c46497989/backend/tests/test_refresh_candidates.py#L158-L175
Tests,backend/tests/test_sql_containers.py,ContainerTests.test_real_runtime_has_restricted_mount_and_returns_exact_result,71,88,18,1,0,1,Low,Python,https://github.com/alejandroayalad/trinity/blob/014f3064689ff8f8fda6be264d9bb17c46497989/backend/tests/test_sql_containers.py#L71-L88
Tests,frontend/src/components/components.test.tsx,<callback@120>.<callback@121>,121,138,18,1,0,1,Low,TypeScript/JavaScript,https://github.com/alejandroayalad/trinity/blob/014f3064689ff8f8fda6be264d9bb17c46497989/frontend/src/components/components.test.tsx#L121-L138
Tests,frontend/src/components/components.test.tsx,<callback@120>.<callback@140>,140,157,18,1,0,1,Low,TypeScript/JavaScript,https://github.com/alejandroayalad/trinity/blob/014f3064689ff8f8fda6be264d9bb17c46497989/frontend/src/components/components.test.tsx#L140-L157
Tests,frontend/src/pages/explorer-state.test.tsx,<callback@234>,234,251,18,1,0,1,Low,TypeScript/JavaScript,https://github.com/alejandroayalad/trinity/blob/014f3064689ff8f8fda6be264d9bb17c46497989/frontend/src/pages/explorer-state.test.tsx#L234-L251
Tests,frontend/src/pages/pages.test.tsx,<callback@132>,132,149,18,1,0,1,Low,TypeScript/JavaScript,https://github.com/alejandroayalad/trinity/blob/014f3064689ff8f8fda6be264d9bb17c46497989/frontend/src/pages/pages.test.tsx#L132-L149
Tests,frontend/tests/e2e/presentation.spec.ts,<callback@50>,50,67,18,1,0,1,Low,TypeScript/JavaScript,https://github.com/alejandroayalad/trinity/blob/014f3064689ff8f8fda6be264d9bb17c46497989/frontend/tests/e2e/presentation.spec.ts#L50-L67
Production,backend/src/trinity/adapters/docker.py,Docker.create,80,96,17,1,0,1,Low,Python,https://github.com/alejandroayalad/trinity/blob/014f3064689ff8f8fda6be264d9bb17c46497989/backend/src/trinity/adapters/docker.py#L80-L96
Production,backend/src/trinity/settings/repository.py,write_settings,57,73,17,1,0,1,Low,Python,https://github.com/alejandroayalad/trinity/blob/014f3064689ff8f8fda6be264d9bb17c46497989/backend/src/trinity/settings/repository.py#L57-L73
Tests,backend/tests/test_auth_rotate.py,RotatePostgresTests.test_commit_failure_writes_nothing,141,157,17,1,0,1,Low,Python,https://github.com/alejandroayalad/trinity/blob/014f3064689ff8f8fda6be264d9bb17c46497989/backend/tests/test_auth_rotate.py#L141-L157
Tests,backend/tests/test_choice_runtime.py,ChoiceRuntimeTests.test_changed_publication_and_revoked_authority_deny_before_storage,96,112,17,1,0,1,Low,Python,https://github.com/alejandroayalad/trinity/blob/014f3064689ff8f8fda6be264d9bb17c46497989/backend/tests/test_choice_runtime.py#L96-L112
Tests,backend/tests/test_eia_pagination.py,PaginationTests.test_total_deadline_cancels_an_inflight_request,253,269,17,1,0,1,Low,Python,https://github.com/alejandroayalad/trinity/blob/014f3064689ff8f8fda6be264d9bb17c46497989/backend/tests/test_eia_pagination.py#L253-L269
Tests,backend/tests/test_eia_retries.py,RetryTests.test_request_defaults_keep_connection_setup_short,257,273,17,1,0,1,Low,Python,https://github.com/alejandroayalad/trinity/blob/014f3064689ff8f8fda6be264d9bb17c46497989/backend/tests/test_eia_retries.py#L257-L273
Tests,backend/tests/test_evidence_cache.py,EvidenceCacheTests.test_cancelled_waiter_leaves_while_owner_continues,216,232,17,1,0,1,Low,Python,https://github.com/alejandroayalad/trinity/blob/014f3064689ff8f8fda6be264d9bb17c46497989/backend/tests/test_evidence_cache.py#L216-L232
Tests,backend/tests/test_parquet.py,FreezeFilesTests.test_failed_evidence_sync_cannot_return_success,378,394,17,1,0,1,Low,Python,https://github.com/alejandroayalad/trinity/blob/014f3064689ff8f8fda6be264d9bb17c46497989/backend/tests/test_parquet.py#L378-L394
Tests,backend/tests/test_query_guarantees.py,QueryGuaranteeTests.observe_release,58,74,17,1,0,1,Low,Python,https://github.com/alejandroayalad/trinity/blob/014f3064689ff8f8fda6be264d9bb17c46497989/backend/tests/test_query_guarantees.py#L58-L74
Tests,backend/tests/test_refresh_candidates.py,CandidateTests.test_registration_transaction_rollback_has_no_partial_readiness,353,369,17,1,0,1,Low,Python,https://github.com/alejandroayalad/trinity/blob/014f3064689ff8f8fda6be264d9bb17c46497989/backend/tests/test_refresh_candidates.py#L353-L369
Tests,backend/tests/test_refresh_recovery_runtime.py,RecoveryRuntimeTests.test_settings_writer_and_rerun_keep_one_committed_snapshot,128,144,17,1,0,1,Low,Python,https://github.com/alejandroayalad/trinity/blob/014f3064689ff8f8fda6be264d9bb17c46497989/backend/tests/test_refresh_recovery_runtime.py#L128-L144
Tests,backend/tests/test_settings_postgres.py,SettingsPostgresTests.test_status_reads_one_snapshot_and_writes_nothing,158,174,17,1,0,1,Low,Python,https://github.com/alejandroayalad/trinity/blob/014f3064689ff8f8fda6be264d9bb17c46497989/backend/tests/test_settings_postgres.py#L158-L174
Tests,backend/tests/test_validate.py,ValidationTests.test_s09_generator_total_disagreement_blocks,159,175,17,1,0,1,Low,Python,https://github.com/alejandroayalad/trinity/blob/014f3064689ff8f8fda6be264d9bb17c46497989/backend/tests/test_validate.py#L159-L175
Tests,backend/tests/test_validate.py,ValidationTests.test_s36_failed_diagnostic_retains_prior_results_without_frozen_digest,496,512,17,1,0,1,Low,Python,https://github.com/alejandroayalad/trinity/blob/014f3064689ff8f8fda6be264d9bb17c46497989/backend/tests/test_validate.py#L496-L512
Production,frontend/src/components/controls/Segmented.tsx,Segmented,13,29,17,1,0,1,Low,TypeScript/JavaScript,https://github.com/alejandroayalad/trinity/blob/014f3064689ff8f8fda6be264d9bb17c46497989/frontend/src/components/controls/Segmented.tsx#L13-L29
Production,frontend/src/components/data/StepTimeline.tsx,StepTimeline,22,38,17,1,0,1,Low,TypeScript/JavaScript,https://github.com/alejandroayalad/trinity/blob/014f3064689ff8f8fda6be264d9bb17c46497989/frontend/src/components/data/StepTimeline.tsx#L22-L38
Tools and migrations,frontend/src/test/fetchStub.ts,problem,36,52,17,1,0,1,Low,TypeScript/JavaScript,https://github.com/alejandroayalad/trinity/blob/014f3064689ff8f8fda6be264d9bb17c46497989/frontend/src/test/fetchStub.ts#L36-L52
Tests,backend/tests/test_auth_postgres.py,PostgresAuthTests.test_publication_retry_requires_matching_approval_and_recoverable_error,304,319,16,1,0,1,Low,Python,https://github.com/alejandroayalad/trinity/blob/014f3064689ff8f8fda6be264d9bb17c46497989/backend/tests/test_auth_postgres.py#L304-L319
Tests,backend/tests/test_choices.py,ChoiceTests.test_latest_non_null_name_and_same_date_binary_tie_before_search,41,56,16,1,0,1,Low,Python,https://github.com/alejandroayalad/trinity/blob/014f3064689ff8f8fda6be264d9bb17c46497989/backend/tests/test_choices.py#L41-L56
Tests,backend/tests/test_dashboard_service.py,NationalServiceTests.test_publication_evidence_and_freshness_share_one_readonly_snapshot,180,195,16,1,0,1,Low,Python,https://github.com/alejandroayalad/trinity/blob/014f3064689ff8f8fda6be264d9bb17c46497989/backend/tests/test_dashboard_service.py#L180-L195
Tests,backend/tests/test_evidence_cache.py,EvidenceCacheTests.test_fill_deadline_is_not_extended_by_a_later_waiter,274,289,16,1,0,1,Low,Python,https://github.com/alejandroayalad/trinity/blob/014f3064689ff8f8fda6be264d9bb17c46497989/backend/tests/test_evidence_cache.py#L274-L289
Tests,backend/tests/test_publication_postgres.py,PublicationPostgresTests.test_stale_owner_cannot_finish_fail_or_release_new_retry,317,332,16,1,0,1,Low,Python,https://github.com/alejandroayalad/trinity/blob/014f3064689ff8f8fda6be264d9bb17c46497989/backend/tests/test_publication_postgres.py#L317-L332
Tests,backend/tests/test_refresh_candidates.py,CandidateTests.test_deadline_expiring_during_verification_cannot_commit_readiness,281,296,16,1,0,1,Low,Python,https://github.com/alejandroayalad/trinity/blob/014f3064689ff8f8fda6be264d9bb17c46497989/backend/tests/test_refresh_candidates.py#L281-L296
Tests,backend/tests/test_refresh_dispatch.py,DispatchTests.test_real_unavailable_redis_exhaustion_retains_failure_and_slot,118,133,16,1,0,1,Low,Python,https://github.com/alejandroayalad/trinity/blob/014f3064689ff8f8fda6be264d9bb17c46497989/backend/tests/test_refresh_dispatch.py#L118-L133
Tests,backend/tests/test_refresh_recovery_postgres.py,RecoveryPostgresTests.test_delete_keeps_history_without_new_run_or_queue_obligation,121,136,16,1,0,1,Low,Python,https://github.com/alejandroayalad/trinity/blob/014f3064689ff8f8fda6be264d9bb17c46497989/backend/tests/test_refresh_recovery_postgres.py#L121-L136
Tests,backend/tests/test_refresh_recovery_service.py,ProjectionConnection.__init__,327,342,16,1,0,1,Low,Python,https://github.com/alejandroayalad/trinity/blob/014f3064689ff8f8fda6be264d9bb17c46497989/backend/tests/test_refresh_recovery_service.py#L327-L342
Tests,backend/tests/test_s3.py,StorageTests.test_pinned_sdk_request_shape_with_stubber,515,530,16,1,0,1,Low,Python,https://github.com/alejandroayalad/trinity/blob/014f3064689ff8f8fda6be264d9bb17c46497989/backend/tests/test_s3.py#L515-L530
Tests,backend/tests/test_settings_postgres.py,SettingsPostgresTests.test_failure_before_commit_leaves_no_change,125,140,16,1,0,1,Low,Python,https://github.com/alejandroayalad/trinity/blob/014f3064689ff8f8fda6be264d9bb17c46497989/backend/tests/test_settings_postgres.py#L125-L140
Tests,backend/tests/test_validate.py,ValidationTests.test_s36_evidence_write_failure_stops_before_success,553,568,16,1,0,1,Low,Python,https://github.com/alejandroayalad/trinity/blob/014f3064689ff8f8fda6be264d9bb17c46497989/backend/tests/test_validate.py#L553-L568
Tests,backend/tests/test_validate.py,ValidationTests.test_file_change_during_validation_fails_without_new_manifest,644,659,16,1,0,1,Low,Python,https://github.com/alejandroayalad/trinity/blob/014f3064689ff8f8fda6be264d9bb17c46497989/backend/tests/test_validate.py#L644-L659
Tests,frontend/src/components/components.test.tsx,<callback@85>.<callback@102>,102,117,16,1,0,1,Low,TypeScript/JavaScript,https://github.com/alejandroayalad/trinity/blob/014f3064689ff8f8fda6be264d9bb17c46497989/frontend/src/components/components.test.tsx#L102-L117
Tests,frontend/src/components/components.test.tsx,<callback@160>,160,175,16,1,0,1,Low,TypeScript/JavaScript,https://github.com/alejandroayalad/trinity/blob/014f3064689ff8f8fda6be264d9bb17c46497989/frontend/src/components/components.test.tsx#L160-L175
Tests,frontend/src/pages/explorer-state.test.tsx,<callback@217>,217,232,16,1,0,1,Low,TypeScript/JavaScript,https://github.com/alejandroayalad/trinity/blob/014f3064689ff8f8fda6be264d9bb17c46497989/frontend/src/pages/explorer-state.test.tsx#L217-L232
Tests,frontend/src/pages/pages.test.tsx,<callback@83>,83,98,16,1,0,1,Low,TypeScript/JavaScript,https://github.com/alejandroayalad/trinity/blob/014f3064689ff8f8fda6be264d9bb17c46497989/frontend/src/pages/pages.test.tsx#L83-L98
Tests,frontend/src/pages/pages.test.tsx,<callback@333>,333,348,16,1,0,1,Low,TypeScript/JavaScript,https://github.com/alejandroayalad/trinity/blob/014f3064689ff8f8fda6be264d9bb17c46497989/frontend/src/pages/pages.test.tsx#L333-L348
Production,frontend/src/pages/refresh/Refresh.tsx,useCommand,36,51,16,1,0,1,Low,TypeScript/JavaScript,https://github.com/alejandroayalad/trinity/blob/014f3064689ff8f8fda6be264d9bb17c46497989/frontend/src/pages/refresh/Refresh.tsx#L36-L51
Tests,frontend/src/session/session.test.tsx,<callback@154>,154,169,16,1,0,1,Low,TypeScript/JavaScript,https://github.com/alejandroayalad/trinity/blob/014f3064689ff8f8fda6be264d9bb17c46497989/frontend/src/session/session.test.tsx#L154-L169
Tests,frontend/tests/e2e/presentation.spec.ts,<callback@69>,69,84,16,1,0,1,Low,TypeScript/JavaScript,https://github.com/alejandroayalad/trinity/blob/014f3064689ff8f8fda6be264d9bb17c46497989/frontend/tests/e2e/presentation.spec.ts#L69-L84
Production,backend/src/trinity/connector/retrieval.py,RetrievalTracker.finish,91,105,15,1,0,1,Low,Python,https://github.com/alejandroayalad/trinity/blob/014f3064689ff8f8fda6be264d9bb17c46497989/backend/src/trinity/connector/retrieval.py#L91-L105
Tests,backend/tests/test_dashboard_runtime.py,DashboardRuntimeTests.test_slow_download_and_start_failure_keep_cleanup_ownership,236,250,15,1,0,1,Low,Python,https://github.com/alejandroayalad/trinity/blob/014f3064689ff8f8fda6be264d9bb17c46497989/backend/tests/test_dashboard_runtime.py#L236-L250
Tests,backend/tests/test_eia_pagination.py,PaginationTests.test_page_budget_fails_instead_of_truncating,237,251,15,1,0,1,Low,Python,https://github.com/alejandroayalad/trinity/blob/014f3064689ff8f8fda6be264d9bb17c46497989/backend/tests/test_eia_pagination.py#L237-L251
Tests,backend/tests/test_evidence_cache.py,EvidenceCacheTests.test_full_pending_cache_waits_without_launching_unbounded_fills,291,305,15,1,0,1,Low,Python,https://github.com/alejandroayalad/trinity/blob/014f3064689ff8f8fda6be264d9bb17c46497989/backend/tests/test_evidence_cache.py#L291-L305
Tests,backend/tests/test_preview_postgres.py,PreviewPostgresTests.test_each_request_rechecks_role_and_session_before_pin,104,118,15,1,0,1,Low,Python,https://github.com/alejandroayalad/trinity/blob/014f3064689ff8f8fda6be264d9bb17c46497989/backend/tests/test_preview_postgres.py#L104-L118
Tests,backend/tests/test_refresh_candidates.py,CandidateTests.setUp,60,74,15,1,0,1,Low,Python,https://github.com/alejandroayalad/trinity/blob/014f3064689ff8f8fda6be264d9bb17c46497989/backend/tests/test_refresh_candidates.py#L60-L74
Tests,backend/tests/test_refresh_postgres.py,RefreshPostgresTests.test_selected_attempt_constraint_rejects_wrong_step_at_commit,184,198,15,1,0,1,Low,Python,https://github.com/alejandroayalad/trinity/blob/014f3064689ff8f8fda6be264d9bb17c46497989/backend/tests/test_refresh_postgres.py#L184-L198
Tests,backend/tests/test_s3.py,StorageTests.test_concurrent_writers_have_only_one_reservation_winner,189,203,15,1,0,1,Low,Python,https://github.com/alejandroayalad/trinity/blob/014f3064689ff8f8fda6be264d9bb17c46497989/backend/tests/test_s3.py#L189-L203
Tests,backend/tests/test_scheduler_postgres.py,SchedulerPostgresTests.test_real_change_before_evaluation_skips_the_old_occurrence,200,214,15,1,0,1,Low,Python,https://github.com/alejandroayalad/trinity/blob/014f3064689ff8f8fda6be264d9bb17c46497989/backend/tests/test_scheduler_postgres.py#L200-L214
Tests,frontend/src/components/components.test.tsx,<callback@85>.TabsHarness,86,100,15,1,0,1,Low,TypeScript/JavaScript,https://github.com/alejandroayalad/trinity/blob/014f3064689ff8f8fda6be264d9bb17c46497989/frontend/src/components/components.test.tsx#L86-L100
Production,frontend/src/components/controls/Switch.tsx,Switch,6,20,15,1,0,1,Low,TypeScript/JavaScript,https://github.com/alejandroayalad/trinity/blob/014f3064689ff8f8fda6be264d9bb17c46497989/frontend/src/components/controls/Switch.tsx#L6-L20
Tests,frontend/src/pages/qa01.test.tsx,<callback@86>,86,100,15,1,0,1,Low,TypeScript/JavaScript,https://github.com/alejandroayalad/trinity/blob/014f3064689ff8f8fda6be264d9bb17c46497989/frontend/src/pages/qa01.test.tsx#L86-L100
Tests,frontend/src/session/session.test.tsx,<callback@83>,83,97,15,1,0,1,Low,TypeScript/JavaScript,https://github.com/alejandroayalad/trinity/blob/014f3064689ff8f8fda6be264d9bb17c46497989/frontend/src/session/session.test.tsx#L83-L97
Tools and migrations,backend/migrations/versions/0005_refresh_evidence.py,downgrade,146,159,14,1,0,1,Low,Python,https://github.com/alejandroayalad/trinity/blob/014f3064689ff8f8fda6be264d9bb17c46497989/backend/migrations/versions/0005_refresh_evidence.py#L146-L159
Tools and migrations,backend/migrations/versions/0006_refresh_dispatch.py,downgrade,94,107,14,1,0,1,Low,Python,https://github.com/alejandroayalad/trinity/blob/014f3064689ff8f8fda6be264d9bb17c46497989/backend/migrations/versions/0006_refresh_dispatch.py#L94-L107
Production,backend/src/trinity/connector/parquet.py,_exclusive_file,109,122,14,1,0,1,Low,Python,https://github.com/alejandroayalad/trinity/blob/014f3064689ff8f8fda6be264d9bb17c46497989/backend/src/trinity/connector/parquet.py#L109-L122
Production,backend/src/trinity/connector/prepare.py,_worker,166,179,14,1,0,1,Low,Python,https://github.com/alejandroayalad/trinity/blob/014f3064689ff8f8fda6be264d9bb17c46497989/backend/src/trinity/connector/prepare.py#L166-L179
Tests,backend/tests/query_fault_proxy.py,ReplyLossProxy.__init__,15,28,14,1,0,1,Low,Python,https://github.com/alejandroayalad/trinity/blob/014f3064689ff8f8fda6be264d9bb17c46497989/backend/tests/query_fault_proxy.py#L15-L28
Tests,backend/tests/test_catalog_postgres.py,PostgresCatalogTests.test_refresh_update_during_request_keeps_one_snapshot,167,180,14,1,0,1,Low,Python,https://github.com/alejandroayalad/trinity/blob/014f3064689ff8f8fda6be264d9bb17c46497989/backend/tests/test_catalog_postgres.py#L167-L180
Tests,backend/tests/test_dashboard_runtime.py,DashboardRuntimeTests.setUp,53,66,14,1,0,1,Low,Python,https://github.com/alejandroayalad/trinity/blob/014f3064689ff8f8fda6be264d9bb17c46497989/backend/tests/test_dashboard_runtime.py#L53-L66
Tests,backend/tests/test_eia_client.py,EIAClientTests.test_context_manager_closes_transport,266,279,14,1,0,1,Low,Python,https://github.com/alejandroayalad/trinity/blob/014f3064689ff8f8fda6be264d9bb17c46497989/backend/tests/test_eia_client.py#L266-L279
Tests,backend/tests/test_parquet.py,FreezeFilesTests.test_evidence_changes_and_response_checksum_mismatch_fail,322,335,14,1,0,1,Low,Python,https://github.com/alejandroayalad/trinity/blob/014f3064689ff8f8fda6be264d9bb17c46497989/backend/tests/test_parquet.py#L322-L335
Tests,backend/tests/test_prepare.py,PreparationCommandTests.test_parent_sigterm_stops_and_reaps_the_child,331,344,14,1,0,1,Low,Python,https://github.com/alejandroayalad/trinity/blob/014f3064689ff8f8fda6be264d9bb17c46497989/backend/tests/test_prepare.py#L331-L344
Tests,backend/tests/test_prepare.py,PreparationCommandTests.test_parent_journal_sync_failure_stops_before_acknowledging_more_work,346,359,14,1,0,1,Low,Python,https://github.com/alejandroayalad/trinity/blob/014f3064689ff8f8fda6be264d9bb17c46497989/backend/tests/test_prepare.py#L346-L359
Tests,backend/tests/test_preview_runtime.py,PreviewRuntimeTests.test_unknown_removal_retains_capacity_until_real_recovery,293,306,14,1,0,1,Low,Python,https://github.com/alejandroayalad/trinity/blob/014f3064689ff8f8fda6be264d9bb17c46497989/backend/tests/test_preview_runtime.py#L293-L306
Tests,backend/tests/test_preview_service.py,PreviewServiceTests.test_http_with_real_service_preserves_denial_and_debit_order,155,168,14,1,0,1,Low,Python,https://github.com/alejandroayalad/trinity/blob/014f3064689ff8f8fda6be264d9bb17c46497989/backend/tests/test_preview_service.py#L155-L168
Tests,backend/tests/test_preview_unit.py,PreviewCursorTests.test_restart_rotation_retirement_and_header_authentication,250,263,14,1,0,1,Low,Python,https://github.com/alejandroayalad/trinity/blob/014f3064689ff8f8fda6be264d9bb17c46497989/backend/tests/test_preview_unit.py#L250-L263
Tests,backend/tests/test_query_guarantees.py,QueryGuaranteeTests.setUp,40,53,14,1,0,1,Low,Python,https://github.com/alejandroayalad/trinity/blob/014f3064689ff8f8fda6be264d9bb17c46497989/backend/tests/test_query_guarantees.py#L40-L53
Tests,backend/tests/test_refresh_candidates.py,CandidateTests.test_changed_local_receipt_fails_recovery_with_explained_state,209,222,14,1,0,1,Low,Python,https://github.com/alejandroayalad/trinity/blob/014f3064689ff8f8fda6be264d9bb17c46497989/backend/tests/test_refresh_candidates.py#L209-L222
Tests,backend/tests/test_refresh_dispatch.py,DispatchTests.test_claim_before_dispatch_failure_prevents_false_failure,135,148,14,1,0,1,Low,Python,https://github.com/alejandroayalad/trinity/blob/014f3064689ff8f8fda6be264d9bb17c46497989/backend/tests/test_refresh_dispatch.py#L135-L148
Tests,backend/tests/test_refresh_recovery_postgres.py,RecoveryPostgresTests.test_deferred_receipt_failure_rolls_back_at_commit,164,177,14,1,0,1,Low,Python,https://github.com/alejandroayalad/trinity/blob/014f3064689ff8f8fda6be264d9bb17c46497989/backend/tests/test_refresh_recovery_postgres.py#L164-L177
Tests,backend/tests/test_refresh_recovery_postgres.py,RecoveryPostgresTests.test_stale_outbox_lease_is_invalidated_without_constraint_violation,179,192,14,1,0,1,Low,Python,https://github.com/alejandroayalad/trinity/blob/014f3064689ff8f8fda6be264d9bb17c46497989/backend/tests/test_refresh_recovery_postgres.py#L179-L192
Tests,backend/tests/test_refresh_recovery_runtime.py,RecoveryRuntimeTests.test_deleted_warning_has_no_dispatchable_job,256,269,14,1,0,1,Low,Python,https://github.com/alejandroayalad/trinity/blob/014f3064689ff8f8fda6be264d9bb17c46497989/backend/tests/test_refresh_recovery_runtime.py#L256-L269
Tests,backend/tests/test_refresh_recovery_service.py,RecoveryServiceTests.test_replay_precedes_stale_state_and_settings_checks,155,168,14,1,0,1,Low,Python,https://github.com/alejandroayalad/trinity/blob/014f3064689ff8f8fda6be264d9bb17c46497989/backend/tests/test_refresh_recovery_service.py#L155-L168
Tests,backend/tests/test_refresh_recovery_service.py,RecoveryServiceTests.test_http_rerun_receipt_headers_and_replay,265,278,14,1,0,1,Low,Python,https://github.com/alejandroayalad/trinity/blob/014f3064689ff8f8fda6be264d9bb17c46497989/backend/tests/test_refresh_recovery_service.py#L265-L278
Tests,backend/tests/test_refresh_worker.py,WorkerTests.test_recovery_retains_unknown_owner_then_fails_confirmed_stopped_run,190,203,14,1,0,1,Low,Python,https://github.com/alejandroayalad/trinity/blob/014f3064689ff8f8fda6be264d9bb17c46497989/backend/tests/test_refresh_worker.py#L190-L203
Tests,backend/tests/test_refresh_worker.py,WorkerTests.test_failed_event_commit_stops_child_before_validation,226,239,14,1,0,1,Low,Python,https://github.com/alejandroayalad/trinity/blob/014f3064689ff8f8fda6be264d9bb17c46497989/backend/tests/test_refresh_worker.py#L226-L239
Tests,backend/tests/test_retrieval.py,RetrievalTests.test_concurrent_calls_keep_counters_separate,165,178,14,1,0,1,Low,Python,https://github.com/alejandroayalad/trinity/blob/014f3064689ff8f8fda6be264d9bb17c46497989/backend/tests/test_retrieval.py#L165-L178
Tests,backend/tests/test_s3.py,StorageTests.test_ambiguous_final_write_with_unreadable_bytes_is_not_success,318,331,14,1,0,1,Low,Python,https://github.com/alejandroayalad/trinity/blob/014f3064689ff8f8fda6be264d9bb17c46497989/backend/tests/test_s3.py#L318-L331
Tests,backend/tests/test_scheduler_unit.py,SchedulerLogTests.test_outcome_lines_have_fixed_fields,59,72,14,1,0,1,Low,Python,https://github.com/alejandroayalad/trinity/blob/014f3064689ff8f8fda6be264d9bb17c46497989/backend/tests/test_scheduler_unit.py#L59-L72
Tests,backend/tests/test_sql_containers.py,ContainerTests.test_timeout_stops_and_removes_known_container,111,124,14,1,0,1,Low,Python,https://github.com/alejandroayalad/trinity/blob/014f3064689ff8f8fda6be264d9bb17c46497989/backend/tests/test_sql_containers.py#L111-L124
Tests,frontend/src/api/client.test.ts,<callback@24>.<callback@159>,159,172,14,1,0,1,Low,TypeScript/JavaScript,https://github.com/alejandroayalad/trinity/blob/014f3064689ff8f8fda6be264d9bb17c46497989/frontend/src/api/client.test.ts#L159-L172
Tests,frontend/src/lint.test.ts,<callback@5>,5,18,14,1,0,1,Low,TypeScript/JavaScript,https://github.com/alejandroayalad/trinity/blob/014f3064689ff8f8fda6be264d9bb17c46497989/frontend/src/lint.test.ts#L5-L18
Tests,frontend/src/pages/explorer-state.test.tsx,<callback@180>,180,193,14,1,0,1,Low,TypeScript/JavaScript,https://github.com/alejandroayalad/trinity/blob/014f3064689ff8f8fda6be264d9bb17c46497989/frontend/src/pages/explorer-state.test.tsx#L180-L193
Tests,frontend/src/pages/pages.test.tsx,<callback@318>,318,331,14,1,0,1,Low,TypeScript/JavaScript,https://github.com/alejandroayalad/trinity/blob/014f3064689ff8f8fda6be264d9bb17c46497989/frontend/src/pages/pages.test.tsx#L318-L331
Production,frontend/src/session/SessionProvider.tsx,SessionProvider.<callback@30>,30,43,14,1,0,1,Low,TypeScript/JavaScript,https://github.com/alejandroayalad/trinity/blob/014f3064689ff8f8fda6be264d9bb17c46497989/frontend/src/session/SessionProvider.tsx#L30-L43
Tests,backend/tests/publication_fixture.py,PublicationFixture.new_candidate,30,42,13,1,0,1,Low,Python,https://github.com/alejandroayalad/trinity/blob/014f3064689ff8f8fda6be264d9bb17c46497989/backend/tests/publication_fixture.py#L30-L42
Tests,backend/tests/test_auth_postgres.py,PostgresAuthTests.test_deferred_commit_failure_does_not_return_token,258,270,13,1,0,1,Low,Python,https://github.com/alejandroayalad/trinity/blob/014f3064689ff8f8fda6be264d9bb17c46497989/backend/tests/test_auth_postgres.py#L258-L270
Tests,backend/tests/test_choice_service.py,ChoiceServiceTests.test_real_http_adapter_preserves_authorization_order_and_duplicates,132,144,13,1,0,1,Low,Python,https://github.com/alejandroayalad/trinity/blob/014f3064689ff8f8fda6be264d9bb17c46497989/backend/tests/test_choice_service.py#L132-L144
Tests,backend/tests/test_dashboard_runtime.py,DashboardRuntimeTests.test_actual_30_second_timeout_confirms_stop_before_release,252,264,13,1,0,1,Low,Python,https://github.com/alejandroayalad/trinity/blob/014f3064689ff8f8fda6be264d9bb17c46497989/backend/tests/test_dashboard_runtime.py#L252-L264
Tests,backend/tests/test_dashboard_service.py,NationalServiceTests.test_metadata_is_retained_when_controlled_active_pointer_changes,216,228,13,1,0,1,Low,Python,https://github.com/alejandroayalad/trinity/blob/014f3064689ff8f8fda6be264d9bb17c46497989/backend/tests/test_dashboard_service.py#L216-L228
Tests,backend/tests/test_dashboard_service.py,NationalServiceTests.test_duplicate_rows_and_unexpected_lookahead_refuse_partial_results,269,281,13,1,0,1,Low,Python,https://github.com/alejandroayalad/trinity/blob/014f3064689ff8f8fda6be264d9bb17c46497989/backend/tests/test_dashboard_service.py#L269-L281
Tests,backend/tests/test_eia_pagination.py,PaginationTests.test_exact_multiple_still_requires_an_empty_probe,81,93,13,1,0,1,Low,Python,https://github.com/alejandroayalad/trinity/blob/014f3064689ff8f8fda6be264d9bb17c46497989/backend/tests/test_eia_pagination.py#L81-L93
Tests,backend/tests/test_eia_pagination.py,PaginationTests.test_no_total_uses_exhaustion_without_inventing_metadata,123,135,13,1,0,1,Low,Python,https://github.com/alejandroayalad/trinity/blob/014f3064689ff8f8fda6be264d9bb17c46497989/backend/tests/test_eia_pagination.py#L123-L135
Tests,backend/tests/test_evidence_compression.py,CompressionTests.test_pinned_sdk_put_uses_compressed_length_and_conditional_write,85,97,13,1,0,1,Low,Python,https://github.com/alejandroayalad/trinity/blob/014f3064689ff8f8fda6be264d9bb17c46497989/backend/tests/test_evidence_compression.py#L85-L97
Tests,backend/tests/test_prepare.py,PreparationCommandTests.test_final_result_persistence_failure_cannot_exit_zero,361,373,13,1,0,1,Low,Python,https://github.com/alejandroayalad/trinity/blob/014f3064689ff8f8fda6be264d9bb17c46497989/backend/tests/test_prepare.py#L361-L373
Tests,backend/tests/test_preview_lifecycle.py,PreviewLifecycleTests.test_staging_timeout_and_ambiguous_create_use_shared_failure_cleanup,163,175,13,1,0,1,Low,Python,https://github.com/alejandroayalad/trinity/blob/014f3064689ff8f8fda6be264d9bb17c46497989/backend/tests/test_preview_lifecycle.py#L163-L175
Tests,backend/tests/test_preview_postgres.py,PreviewPostgresTests.test_exact_rolling_boundary_then_preview_and_sql_each_debit_once,143,155,13,1,0,1,Low,Python,https://github.com/alejandroayalad/trinity/blob/014f3064689ff8f8fda6be264d9bb17c46497989/backend/tests/test_preview_postgres.py#L143-L155
Tests,backend/tests/test_preview_runtime.py,PreviewRuntimeTests.test_unknown_create_absence_never_frees_its_reservation,279,291,13,1,0,1,Low,Python,https://github.com/alejandroayalad/trinity/blob/014f3064689ff8f8fda6be264d9bb17c46497989/backend/tests/test_preview_runtime.py#L279-L291
Tests,backend/tests/test_preview_service.py,PreviewDisconnectTests.test_shared_disconnect_sets_cancellation_and_waits_for_owner,211,223,13,1,0,1,Low,Python,https://github.com/alejandroayalad/trinity/blob/014f3064689ff8f8fda6be264d9bb17c46497989/backend/tests/test_preview_service.py#L211-L223
Tests,backend/tests/test_preview_unit.py,PreviewResponseTests.test_imports_need_no_configuration_and_do_not_load_execution,416,428,13,1,0,1,Low,Python,https://github.com/alejandroayalad/trinity/blob/014f3064689ff8f8fda6be264d9bb17c46497989/backend/tests/test_preview_unit.py#L416-L428
Tests,backend/tests/test_refresh_candidates.py,CandidateTests.test_stale_owner_cannot_verify_or_import_after_recovery,195,207,13,1,0,1,Low,Python,https://github.com/alejandroayalad/trinity/blob/014f3064689ff8f8fda6be264d9bb17c46497989/backend/tests/test_refresh_candidates.py#L195-L207
Tests,backend/tests/test_refresh_candidates.py,CandidateTests.test_ownership_lost_during_remote_read_cannot_commit.factory,312,324,13,1,0,1,Low,Python,https://github.com/alejandroayalad/trinity/blob/014f3064689ff8f8fda6be264d9bb17c46497989/backend/tests/test_refresh_candidates.py#L312-L324
Tests,backend/tests/test_refresh_recovery.py,EligibilityTests.setUp,120,132,13,1,0,1,Low,Python,https://github.com/alejandroayalad/trinity/blob/014f3064689ff8f8fda6be264d9bb17c46497989/backend/tests/test_refresh_recovery.py#L120-L132
Tests,backend/tests/test_refresh_recovery_runtime.py,RecoveryChildTests.test_killed_child_old_writes_and_delivery_cannot_revive,298,310,13,1,0,1,Low,Python,https://github.com/alejandroayalad/trinity/blob/014f3064689ff8f8fda6be264d9bb17c46497989/backend/tests/test_refresh_recovery_runtime.py#L298-L310
Tests,backend/tests/test_refresh_worker.py,partial_validation_child,281,293,13,1,0,1,Low,Python,https://github.com/alejandroayalad/trinity/blob/014f3064689ff8f8fda6be264d9bb17c46497989/backend/tests/test_refresh_worker.py#L281-L293
Tests,backend/tests/test_retrieval.py,RetrievalTests.test_invalid_arguments_and_unexpected_errors,151,163,13,1,0,1,Low,Python,https://github.com/alejandroayalad/trinity/blob/014f3064689ff8f8fda6be264d9bb17c46497989/backend/tests/test_retrieval.py#L151-L163
Tests,backend/tests/test_s3.py,StorageTests.test_cancel_and_interrupt_keep_prior_evidence_without_bundle,399,411,13,1,0,1,Low,Python,https://github.com/alejandroayalad/trinity/blob/014f3064689ff8f8fda6be264d9bb17c46497989/backend/tests/test_s3.py#L399-L411
Tests,backend/tests/test_s3.py,StorageTests.test_later_consumer_rejects_changed_journal_details_or_local_bundle,501,513,13,1,0,1,Low,Python,https://github.com/alejandroayalad/trinity/blob/014f3064689ff8f8fda6be264d9bb17c46497989/backend/tests/test_s3.py#L501-L513
Tests,backend/tests/test_scheduler_postgres.py,SchedulerPostgresTests.test_failed_run_blocks_and_is_not_retried_later,159,171,13,1,0,1,Low,Python,https://github.com/alejandroayalad/trinity/blob/014f3064689ff8f8fda6be264d9bb17c46497989/backend/tests/test_scheduler_postgres.py#L159-L171
Tests,backend/tests/test_scheduler_postgres.py,SchedulerPostgresTests.test_manual_key_equal_to_occurrence_key_is_skipped_as_duplicate,227,239,13,1,0,1,Low,Python,https://github.com/alejandroayalad/trinity/blob/014f3064689ff8f8fda6be264d9bb17c46497989/backend/tests/test_scheduler_postgres.py#L227-L239
Tests,backend/tests/test_settings_postgres.py,SettingsPostgresTests.test_first_setup_then_edit_keeps_setup_time,47,59,13,1,0,1,Low,Python,https://github.com/alejandroayalad/trinity/blob/014f3064689ff8f8fda6be264d9bb17c46497989/backend/tests/test_settings_postgres.py#L47-L59
Tests,backend/tests/test_sql_postgres.py,QueryPostgresTests.test_capacity_limits_expiry_and_wrong_owner_never_release,87,99,13,1,0,1,Low,Python,https://github.com/alejandroayalad/trinity/blob/014f3064689ff8f8fda6be264d9bb17c46497989/backend/tests/test_sql_postgres.py#L87-L99
Tests,backend/tests/test_validate.py,ValidationTests.test_s36_silent_summary_corruption_is_not_success,585,597,13,1,0,1,Low,Python,https://github.com/alejandroayalad/trinity/blob/014f3064689ff8f8fda6be264d9bb17c46497989/backend/tests/test_validate.py#L585-L597
Tests,frontend/src/api/client.test.ts,<callback@24>.<callback@99>,99,111,13,1,0,1,Low,TypeScript/JavaScript,https://github.com/alejandroayalad/trinity/blob/014f3064689ff8f8fda6be264d9bb17c46497989/frontend/src/api/client.test.ts#L99-L111
Tests,frontend/src/api/client.test.ts,<callback@24>.<callback@113>,113,125,13,1,0,1,Low,TypeScript/JavaScript,https://github.com/alejandroayalad/trinity/blob/014f3064689ff8f8fda6be264d9bb17c46497989/frontend/src/api/client.test.ts#L113-L125
Tests,frontend/src/components/components.test.tsx,<callback@34>.<callback@70>,70,82,13,1,0,1,Low,TypeScript/JavaScript,https://github.com/alejandroayalad/trinity/blob/014f3064689ff8f8fda6be264d9bb17c46497989/frontend/src/components/components.test.tsx#L70-L82
Tests,frontend/src/pages/explorer-state.test.tsx,<callback@140>,140,152,13,1,0,1,Low,TypeScript/JavaScript,https://github.com/alejandroayalad/trinity/blob/014f3064689ff8f8fda6be264d9bb17c46497989/frontend/src/pages/explorer-state.test.tsx#L140-L152
Tests,frontend/src/pages/explorer-state.test.tsx,<callback@154>,154,166,13,1,0,1,Low,TypeScript/JavaScript,https://github.com/alejandroayalad/trinity/blob/014f3064689ff8f8fda6be264d9bb17c46497989/frontend/src/pages/explorer-state.test.tsx#L154-L166
Tests,frontend/src/pages/qa01.test.tsx,<callback@102>,102,114,13,1,0,1,Low,TypeScript/JavaScript,https://github.com/alejandroayalad/trinity/blob/014f3064689ff8f8fda6be264d9bb17c46497989/frontend/src/pages/qa01.test.tsx#L102-L114
Tests,frontend/src/session/session.test.tsx,<callback@171>,171,183,13,1,0,1,Low,TypeScript/JavaScript,https://github.com/alejandroayalad/trinity/blob/014f3064689ff8f8fda6be264d9bb17c46497989/frontend/src/session/session.test.tsx#L171-L183
Tests,backend/tests/publication_process_fixture.py,crash_publication_dispatch,84,95,12,1,0,1,Low,Python,https://github.com/alejandroayalad/trinity/blob/014f3064689ff8f8fda6be264d9bb17c46497989/backend/tests/publication_process_fixture.py#L84-L95
Tests,backend/tests/run_local_refresh_checks.py,main,8,19,12,1,0,1,Low,Python,https://github.com/alejandroayalad/trinity/blob/014f3064689ff8f8fda6be264d9bb17c46497989/backend/tests/run_local_refresh_checks.py#L8-L19
Tests,backend/tests/test_auth_rotate.py,RotatePostgresTests.test_command_prints_only_names,159,170,12,1,0,1,Low,Python,https://github.com/alejandroayalad/trinity/blob/014f3064689ff8f8fda6be264d9bb17c46497989/backend/tests/test_auth_rotate.py#L159-L170
Tests,backend/tests/test_auth_unit.py,TransportTests.test_byte_limit_is_checked_on_chunks_without_content_length,133,144,12,1,0,1,Low,Python,https://github.com/alejandroayalad/trinity/blob/014f3064689ff8f8fda6be264d9bb17c46497989/backend/tests/test_auth_unit.py#L133-L144
Tests,backend/tests/test_choice_service.py,ChoiceServiceTests.test_defaults_match_explicit_dates_and_no_transaction_reaches_execution,111,122,12,1,0,1,Low,Python,https://github.com/alejandroayalad/trinity/blob/014f3064689ff8f8fda6be264d9bb17c46497989/backend/tests/test_choice_service.py#L111-L122
Tests,backend/tests/test_eia_retries.py,RetryTests.test_first_attempt_success_does_not_wait,70,81,12,1,0,1,Low,Python,https://github.com/alejandroayalad/trinity/blob/014f3064689ff8f8fda6be264d9bb17c46497989/backend/tests/test_eia_retries.py#L70-L81
Tests,backend/tests/test_findings_report.py,FindingsReportTests.test_checksum_failure_exits_without_output,195,206,12,1,0,1,Low,Python,https://github.com/alejandroayalad/trinity/blob/014f3064689ff8f8fda6be264d9bb17c46497989/backend/tests/test_findings_report.py#L195-L206
Tests,backend/tests/test_parquet.py,FreezeFilesTests.test_partial_write_retains_failure_but_no_manifest,365,376,12,1,0,1,Low,Python,https://github.com/alejandroayalad/trinity/blob/014f3064689ff8f8fda6be264d9bb17c46497989/backend/tests/test_parquet.py#L365-L376
Tests,backend/tests/test_prepare.py,PreparationCommandTests.test_reservation_rejects_a_replaced_intermediate_directory,284,295,12,1,0,1,Low,Python,https://github.com/alejandroayalad/trinity/blob/014f3064689ff8f8fda6be264d9bb17c46497989/backend/tests/test_prepare.py#L284-L295
Tests,backend/tests/test_preview_runtime.py,PreviewRuntimeTests.setUp,46,57,12,1,0,1,Low,Python,https://github.com/alejandroayalad/trinity/blob/014f3064689ff8f8fda6be264d9bb17c46497989/backend/tests/test_preview_runtime.py#L46-L57
Tests,backend/tests/test_preview_service.py,PreviewServiceTests.test_metadata_transactions_close_before_configuration_or_execution,130,141,12,1,0,1,Low,Python,https://github.com/alejandroayalad/trinity/blob/014f3064689ff8f8fda6be264d9bb17c46497989/backend/tests/test_preview_service.py#L130-L141
Tests,backend/tests/test_refresh_dispatch.py,crash_dispatch,17,28,12,1,0,1,Low,Python,https://github.com/alejandroayalad/trinity/blob/014f3064689ff8f8fda6be264d9bb17c46497989/backend/tests/test_refresh_dispatch.py#L17-L28
Tests,backend/tests/test_refresh_dispatch.py,DispatchTests.test_claim_before_dispatch_failure_prevents_false_failure.scenario,136,147,12,1,0,1,Low,Python,https://github.com/alejandroayalad/trinity/blob/014f3064689ff8f8fda6be264d9bb17c46497989/backend/tests/test_refresh_dispatch.py#L136-L147
Tests,backend/tests/test_refresh_evidence.py,RefreshEvidenceTests.test_changed_detail_or_remote_object_is_not_repaired,31,42,12,1,0,1,Low,Python,https://github.com/alejandroayalad/trinity/blob/014f3064689ff8f8fda6be264d9bb17c46497989/backend/tests/test_refresh_evidence.py#L31-L42
Tests,backend/tests/test_refresh_recovery_runtime.py,RecoveryRuntimeTests.test_real_control_lock_timeout_returns_safe_error_without_writes,160,171,12,1,0,1,Low,Python,https://github.com/alejandroayalad/trinity/blob/014f3064689ff8f8fda6be264d9bb17c46497989/backend/tests/test_refresh_recovery_runtime.py#L160-L171
Tests,backend/tests/test_refresh_recovery_runtime.py,RecoveryChildTests.setUp,277,288,12,1,0,1,Low,Python,https://github.com/alejandroayalad/trinity/blob/014f3064689ff8f8fda6be264d9bb17c46497989/backend/tests/test_refresh_recovery_runtime.py#L277-L288
Tests,backend/tests/test_refresh_recovery_service.py,RecoveryServiceTests.test_candidate_replay_uses_control_before_current_authority_locks,244,255,12,1,0,1,Low,Python,https://github.com/alejandroayalad/trinity/blob/014f3064689ff8f8fda6be264d9bb17c46497989/backend/tests/test_refresh_recovery_service.py#L244-L255
Tests,backend/tests/test_refresh_worker.py,WorkerTests.test_frozen_end_stale_fence_and_persisted_budget,117,128,12,1,0,1,Low,Python,https://github.com/alejandroayalad/trinity/blob/014f3064689ff8f8fda6be264d9bb17c46497989/backend/tests/test_refresh_worker.py#L117-L128
Tests,backend/tests/test_refresh_worker.py,WorkerTests.test_temporary_discovery_failure_has_three_persisted_attempts,155,166,12,1,0,1,Low,Python,https://github.com/alejandroayalad/trinity/blob/014f3064689ff8f8fda6be264d9bb17c46497989/backend/tests/test_refresh_worker.py#L155-L166
Tests,backend/tests/test_refresh_worker.py,WorkerTests.test_lock_file_failure_records_failure_without_starting_source_work,259,270,12,1,0,1,Low,Python,https://github.com/alejandroayalad/trinity/blob/014f3064689ff8f8fda6be264d9bb17c46497989/backend/tests/test_refresh_worker.py#L259-L270
Tests,backend/tests/test_retrieval.py,RetrievalTests.test_deadline_during_request_records_interruption,138,149,12,1,0,1,Low,Python,https://github.com/alejandroayalad/trinity/blob/014f3064689ff8f8fda6be264d9bb17c46497989/backend/tests/test_retrieval.py#L138-L149
Tests,backend/tests/test_s3.py,StorageTests.test_change_during_upload_blocks_bundle_and_keeps_original_manifest,167,178,12,1,0,1,Low,Python,https://github.com/alejandroayalad/trinity/blob/014f3064689ff8f8fda6be264d9bb17c46497989/backend/tests/test_s3.py#L167-L178
Tests,backend/tests/test_s3.py,StorageTests.test_journal_sync_failure_keeps_partial_upload_incomplete,429,440,12,1,0,1,Low,Python,https://github.com/alejandroayalad/trinity/blob/014f3064689ff8f8fda6be264d9bb17c46497989/backend/tests/test_s3.py#L429-L440
Tests,backend/tests/test_settings_postgres.py,SettingsPostgresTests.test_no_op_and_stale_no_op,61,72,12,1,0,1,Low,Python,https://github.com/alejandroayalad/trinity/blob/014f3064689ff8f8fda6be264d9bb17c46497989/backend/tests/test_settings_postgres.py#L61-L72
Tests,backend/tests/test_validate.py,ValidationTests.test_s23_revalidation_uses_new_attempt_and_preserves_old_evidence,321,332,12,1,0,1,Low,Python,https://github.com/alejandroayalad/trinity/blob/014f3064689ff8f8fda6be264d9bb17c46497989/backend/tests/test_validate.py#L321-L332
Production,frontend/src/App.tsx,App,12,23,12,1,0,1,Low,TypeScript/JavaScript,https://github.com/alejandroayalad/trinity/blob/014f3064689ff8f8fda6be264d9bb17c46497989/frontend/src/App.tsx#L12-L23
Tests,frontend/src/api/client.test.ts,<callback@24>.<callback@146>,146,157,12,1,0,1,Low,TypeScript/JavaScript,https://github.com/alejandroayalad/trinity/blob/014f3064689ff8f8fda6be264d9bb17c46497989/frontend/src/api/client.test.ts#L146-L157
Production,frontend/src/components/feedback/States.tsx,LoadingRows,7,18,12,1,0,1,Low,TypeScript/JavaScript,https://github.com/alejandroayalad/trinity/blob/014f3064689ff8f8fda6be264d9bb17c46497989/frontend/src/components/feedback/States.tsx#L7-L18
Tests,frontend/src/lib/copy.test.ts,<callback@33>,33,44,12,1,0,1,Low,TypeScript/JavaScript,https://github.com/alejandroayalad/trinity/blob/014f3064689ff8f8fda6be264d9bb17c46497989/frontend/src/lib/copy.test.ts#L33-L44
Tests,frontend/src/lint.test.ts,<callback@5>.<callback@6>,6,17,12,1,0,1,Low,TypeScript/JavaScript,https://github.com/alejandroayalad/trinity/blob/014f3064689ff8f8fda6be264d9bb17c46497989/frontend/src/lint.test.ts#L6-L17
Tests,frontend/src/pages/pages.test.tsx,<callback@119>,119,130,12,1,0,1,Low,TypeScript/JavaScript,https://github.com/alejandroayalad/trinity/blob/014f3064689ff8f8fda6be264d9bb17c46497989/frontend/src/pages/pages.test.tsx#L119-L130
Tests,frontend/src/pages/pages.test.tsx,<callback@297>,297,308,12,1,0,1,Low,TypeScript/JavaScript,https://github.com/alejandroayalad/trinity/blob/014f3064689ff8f8fda6be264d9bb17c46497989/frontend/src/pages/pages.test.tsx#L297-L308
Tests,frontend/src/pages/presentation.test.tsx,<callback@9>,9,20,12,1,0,1,Low,TypeScript/JavaScript,https://github.com/alejandroayalad/trinity/blob/014f3064689ff8f8fda6be264d9bb17c46497989/frontend/src/pages/presentation.test.tsx#L9-L20
Tests,frontend/src/session/session.test.tsx,<callback@31>,31,42,12,1,0,1,Low,TypeScript/JavaScript,https://github.com/alejandroayalad/trinity/blob/014f3064689ff8f8fda6be264d9bb17c46497989/frontend/src/session/session.test.tsx#L31-L42
Tests,frontend/src/session/session.test.tsx,<callback@141>,141,152,12,1,0,1,Low,TypeScript/JavaScript,https://github.com/alejandroayalad/trinity/blob/014f3064689ff8f8fda6be264d9bb17c46497989/frontend/src/session/session.test.tsx#L141-L152
Tests,frontend/src/session/session.test.tsx,<callback@185>,185,196,12,1,0,1,Low,TypeScript/JavaScript,https://github.com/alejandroayalad/trinity/blob/014f3064689ff8f8fda6be264d9bb17c46497989/frontend/src/session/session.test.tsx#L185-L196
Tests,frontend/tests/e2e/session-reliability.spec.ts,<callback@56>,56,67,12,1,0,1,Low,TypeScript/JavaScript,https://github.com/alejandroayalad/trinity/blob/014f3064689ff8f8fda6be264d9bb17c46497989/frontend/tests/e2e/session-reliability.spec.ts#L56-L67
Tools and migrations,backend/migrations/versions/0004_preview_evidence.py,upgrade,10,20,11,1,0,1,Low,Python,https://github.com/alejandroayalad/trinity/blob/014f3064689ff8f8fda6be264d9bb17c46497989/backend/migrations/versions/0004_preview_evidence.py#L10-L20
Production,backend/src/trinity/connector/pipeline.py,_storage_binding,126,136,11,1,0,1,Low,Python,https://github.com/alejandroayalad/trinity/blob/014f3064689ff8f8fda6be264d9bb17c46497989/backend/src/trinity/connector/pipeline.py#L126-L136
Tests,backend/tests/test_auth_postgres.py,PostgresAuthTests.test_session_write_and_revocation_failures_do_not_succeed,137,147,11,1,0,1,Low,Python,https://github.com/alejandroayalad/trinity/blob/014f3064689ff8f8fda6be264d9bb17c46497989/backend/tests/test_auth_postgres.py#L137-L147
Tests,backend/tests/test_auth_postgres.py,PostgresAuthTests.test_dependency_teardown_failure_is_not_a_successful_me,272,282,11,1,0,1,Low,Python,https://github.com/alejandroayalad/trinity/blob/014f3064689ff8f8fda6be264d9bb17c46497989/backend/tests/test_auth_postgres.py#L272-L282
Tests,backend/tests/test_auth_postgres.py,PostgresAuthTests.test_duplicate_digest_and_transaction_rollback,284,294,11,1,0,1,Low,Python,https://github.com/alejandroayalad/trinity/blob/014f3064689ff8f8fda6be264d9bb17c46497989/backend/tests/test_auth_postgres.py#L284-L294
Tests,backend/tests/test_catalog_postgres.py,PostgresCatalogTests.test_candidate_only_metadata_is_not_published,96,106,11,1,0,1,Low,Python,https://github.com/alejandroayalad/trinity/blob/014f3064689ff8f8fda6be264d9bb17c46497989/backend/tests/test_catalog_postgres.py#L96-L106
Tests,backend/tests/test_choice_runtime.py,ChoiceRuntimeTests.setUp,22,32,11,1,0,1,Low,Python,https://github.com/alejandroayalad/trinity/blob/014f3064689ff8f8fda6be264d9bb17c46497989/backend/tests/test_choice_runtime.py#L22-L32
Tests,backend/tests/test_choices.py,ChoiceTests.test_generators_are_distinct_and_scoped_to_exact_parent,76,86,11,1,0,1,Low,Python,https://github.com/alejandroayalad/trinity/blob/014f3064689ff8f8fda6be264d9bb17c46497989/backend/tests/test_choices.py#L76-L86
Tests,backend/tests/test_dashboard_service.py,NationalServiceTests.test_configuration_and_execution_have_no_open_metadata_transaction,243,253,11,1,0,1,Low,Python,https://github.com/alejandroayalad/trinity/blob/014f3064689ff8f8fda6be264d9bb17c46497989/backend/tests/test_dashboard_service.py#L243-L253
Tests,backend/tests/test_eia_pagination.py,PaginationTests.test_total_supplied_only_on_later_page_is_checked,137,147,11,1,0,1,Low,Python,https://github.com/alejandroayalad/trinity/blob/014f3064689ff8f8fda6be264d9bb17c46497989/backend/tests/test_eia_pagination.py#L137-L147
Tests,backend/tests/test_normalize.py,NormalizationTests.test_dates_identifiers_and_labels_are_preserved,94,104,11,1,0,1,Low,Python,https://github.com/alejandroayalad/trinity/blob/014f3064689ff8f8fda6be264d9bb17c46497989/backend/tests/test_normalize.py#L94-L104
Tests,backend/tests/test_normalize.py,NormalizationTests.test_errors_and_result_repr_do_not_echo_source_values,286,296,11,1,0,1,Low,Python,https://github.com/alejandroayalad/trinity/blob/014f3064689ff8f8fda6be264d9bb17c46497989/backend/tests/test_normalize.py#L286-L296
Tests,backend/tests/test_preview_lifecycle.py,PreviewLifecycleTests.test_bad_result_and_signing_failure_still_confirm_removal_before_release,127,137,11,1,0,1,Low,Python,https://github.com/alejandroayalad/trinity/blob/014f3064689ff8f8fda6be264d9bb17c46497989/backend/tests/test_preview_lifecycle.py#L127-L137
Tests,backend/tests/test_preview_service.py,PreviewServiceTests.test_provenance_configuration_capacity_and_cancellation_fail_closed,143,153,11,1,0,1,Low,Python,https://github.com/alejandroayalad/trinity/blob/014f3064689ff8f8fda6be264d9bb17c46497989/backend/tests/test_preview_service.py#L143-L153
Tests,backend/tests/test_refresh_candidates.py,CandidateTests.test_automatic_handoff_detail_and_duplicate_delivery,137,147,11,1,0,1,Low,Python,https://github.com/alejandroayalad/trinity/blob/014f3064689ff8f8fda6be264d9bb17c46497989/backend/tests/test_refresh_candidates.py#L137-L147
Tests,backend/tests/test_refresh_discovery.py,DiscoveryTests.test_descending_one_row_and_sanitized_evidence,11,21,11,1,0,1,Low,Python,https://github.com/alejandroayalad/trinity/blob/014f3064689ff8f8fda6be264d9bb17c46497989/backend/tests/test_refresh_discovery.py#L11-L21
Tests,backend/tests/test_refresh_postgres.py,RefreshPostgresTests.test_warning_free_handoff_and_exact_replay_enqueue_once,121,131,11,1,0,1,Low,Python,https://github.com/alejandroayalad/trinity/blob/014f3064689ff8f8fda6be264d9bb17c46497989/backend/tests/test_refresh_postgres.py#L121-L131
Tests,backend/tests/test_refresh_postgres.py,RefreshPostgresTests.test_registration_transaction_failure_rolls_back_all_evidence,141,151,11,1,0,1,Low,Python,https://github.com/alejandroayalad/trinity/blob/014f3064689ff8f8fda6be264d9bb17c46497989/backend/tests/test_refresh_postgres.py#L141-L151
Tests,backend/tests/test_refresh_worker.py,WorkerTests.setUp,47,57,11,1,0,1,Low,Python,https://github.com/alejandroayalad/trinity/blob/014f3064689ff8f8fda6be264d9bb17c46497989/backend/tests/test_refresh_worker.py#L47-L57
Tests,backend/tests/test_refresh_worker.py,corrupt_validation_child,313,323,11,1,0,1,Low,Python,https://github.com/alejandroayalad/trinity/blob/014f3064689ff8f8fda6be264d9bb17c46497989/backend/tests/test_refresh_worker.py#L313-L323
Tests,backend/tests/test_retrieval.py,RetrievalTests.test_deadline_in_backoff_does_not_count_unstarted_retry,126,136,11,1,0,1,Low,Python,https://github.com/alejandroayalad/trinity/blob/014f3064689ff8f8fda6be264d9bb17c46497989/backend/tests/test_retrieval.py#L126-L136
Tests,backend/tests/test_retrieval.py,CommandTests.test_write_failure_is_nonzero_and_safe,274,284,11,1,0,1,Low,Python,https://github.com/alejandroayalad/trinity/blob/014f3064689ff8f8fda6be264d9bb17c46497989/backend/tests/test_retrieval.py#L274-L284
Tests,backend/tests/test_s3.py,StorageTests.test_snapshot_cannot_rebind_a_validated_file_to_new_bytes,471,481,11,1,0,1,Low,Python,https://github.com/alejandroayalad/trinity/blob/014f3064689ff8f8fda6be264d9bb17c46497989/backend/tests/test_s3.py#L471-L481
Tests,backend/tests/test_schedule_unit.py,TimezoneTests.test_localtime_is_rejected_when_the_runtime_lists_it,153,163,11,1,0,1,Low,Python,https://github.com/alejandroayalad/trinity/blob/014f3064689ff8f8fda6be264d9bb17c46497989/backend/tests/test_schedule_unit.py#L153-L163
Tests,backend/tests/test_scheduler_postgres.py,SchedulerPostgresTests.test_same_identity_never_runs_twice,130,140,11,1,0,1,Low,Python,https://github.com/alejandroayalad/trinity/blob/014f3064689ff8f8fda6be264d9bb17c46497989/backend/tests/test_scheduler_postgres.py#L130-L140
Tests,backend/tests/test_settings_postgres.py,SettingsPostgresTests.test_operator_schedule_check_over_real_http,220,230,11,1,0,1,Low,Python,https://github.com/alejandroayalad/trinity/blob/014f3064689ff8f8fda6be264d9bb17c46497989/backend/tests/test_settings_postgres.py#L220-L230
Tools and migrations,deploy/check_web.py,WebRoutingChecks.test_api_method_path_query_body_and_bearer,109,119,11,1,0,1,Low,Python,https://github.com/alejandroayalad/trinity/blob/014f3064689ff8f8fda6be264d9bb17c46497989/deploy/check_web.py#L109-L119
Tests,frontend/src/api/client.test.ts,<callback@24>.<callback@55>,55,65,11,1,0,1,Low,TypeScript/JavaScript,https://github.com/alejandroayalad/trinity/blob/014f3064689ff8f8fda6be264d9bb17c46497989/frontend/src/api/client.test.ts#L55-L65
Production,frontend/src/components/controls/Segmented.tsx,Segmented.<callback@16>,16,26,11,1,0,1,Low,TypeScript/JavaScript,https://github.com/alejandroayalad/trinity/blob/014f3064689ff8f8fda6be264d9bb17c46497989/frontend/src/components/controls/Segmented.tsx#L16-L26
Tests,frontend/src/lib/copy.test.ts,<callback@46>,46,56,11,1,0,1,Low,TypeScript/JavaScript,https://github.com/alejandroayalad/trinity/blob/014f3064689ff8f8fda6be264d9bb17c46497989/frontend/src/lib/copy.test.ts#L46-L56
Tests,frontend/src/pages/explorer-state.test.tsx,<callback@205>,205,215,11,1,0,1,Low,TypeScript/JavaScript,https://github.com/alejandroayalad/trinity/blob/014f3064689ff8f8fda6be264d9bb17c46497989/frontend/src/pages/explorer-state.test.tsx#L205-L215
Tests,frontend/src/pages/pages.test.tsx,<callback@71>,71,81,11,1,0,1,Low,TypeScript/JavaScript,https://github.com/alejandroayalad/trinity/blob/014f3064689ff8f8fda6be264d9bb17c46497989/frontend/src/pages/pages.test.tsx#L71-L81
Tests,frontend/src/pages/pages.test.tsx,<callback@273>,273,283,11,1,0,1,Low,TypeScript/JavaScript,https://github.com/alejandroayalad/trinity/blob/014f3064689ff8f8fda6be264d9bb17c46497989/frontend/src/pages/pages.test.tsx#L273-L283
Tests,frontend/src/session/session.test.tsx,<callback@52>,52,62,11,1,0,1,Low,TypeScript/JavaScript,https://github.com/alejandroayalad/trinity/blob/014f3064689ff8f8fda6be264d9bb17c46497989/frontend/src/session/session.test.tsx#L52-L62
Tests,frontend/src/session/session.test.tsx,<callback@71>,71,81,11,1,0,1,Low,TypeScript/JavaScript,https://github.com/alejandroayalad/trinity/blob/014f3064689ff8f8fda6be264d9bb17c46497989/frontend/src/session/session.test.tsx#L71-L81
Tests,frontend/src/session/session.test.tsx,<callback@99>,99,109,11,1,0,1,Low,TypeScript/JavaScript,https://github.com/alejandroayalad/trinity/blob/014f3064689ff8f8fda6be264d9bb17c46497989/frontend/src/session/session.test.tsx#L99-L109
Production,frontend/src/shell/AppShell.tsx,Drawer,12,22,11,1,0,1,Low,TypeScript/JavaScript,https://github.com/alejandroayalad/trinity/blob/014f3064689ff8f8fda6be264d9bb17c46497989/frontend/src/shell/AppShell.tsx#L12-L22
Tools and migrations,frontend/src/test/setup.ts,<callback@19>.window.matchMedia,22,32,11,1,0,1,Low,TypeScript/JavaScript,https://github.com/alejandroayalad/trinity/blob/014f3064689ff8f8fda6be264d9bb17c46497989/frontend/src/test/setup.ts#L22-L32
Tools and migrations,scripts/trinity_function_audit.py,row,55,65,11,1,0,1,Low,Python,https://github.com/alejandroayalad/trinity/blob/014f3064689ff8f8fda6be264d9bb17c46497989/scripts/trinity_function_audit.py#L55-L65
Tests,backend/tests/test_auth_postgres.py,PostgresAuthTests.test_logout_revokes_only_current_session_and_expiry_is_exclusive,126,135,10,1,0,1,Low,Python,https://github.com/alejandroayalad/trinity/blob/014f3064689ff8f8fda6be264d9bb17c46497989/backend/tests/test_auth_postgres.py#L126-L135
Tests,backend/tests/test_dashboard_postgres.py,DashboardPostgresTests.setUp,47,56,10,1,0,1,Low,Python,https://github.com/alejandroayalad/trinity/blob/014f3064689ff8f8fda6be264d9bb17c46497989/backend/tests/test_dashboard_postgres.py#L47-L56
Tests,backend/tests/test_dashboard_runtime.py,crash_national_owner,39,48,10,1,0,1,Low,Python,https://github.com/alejandroayalad/trinity/blob/014f3064689ff8f8fda6be264d9bb17c46497989/backend/tests/test_dashboard_runtime.py#L39-L48
Tests,backend/tests/test_dashboard_service.py,NationalServiceTests.test_failed_newer_refresh_preserves_old_publication,197,206,10,1,0,1,Low,Python,https://github.com/alejandroayalad/trinity/blob/014f3064689ff8f8fda6be264d9bb17c46497989/backend/tests/test_dashboard_service.py#L197-L206
Tests,backend/tests/test_evidence_compression.py,CompressionTests.setUp,39,48,10,1,0,1,Low,Python,https://github.com/alejandroayalad/trinity/blob/014f3064689ff8f8fda6be264d9bb17c46497989/backend/tests/test_evidence_compression.py#L39-L48
Tests,backend/tests/test_evidence_compression.py,CompressionTests.test_deterministic_roundtrip_preserves_values_and_both_hashes,50,59,10,1,0,1,Low,Python,https://github.com/alejandroayalad/trinity/blob/014f3064689ff8f8fda6be264d9bb17c46497989/backend/tests/test_evidence_compression.py#L50-L59
Tests,backend/tests/test_evidence_compression.py,CompressionTests.test_checks_run_between_bounded_decompression_chunks,148,157,10,1,0,1,Low,Python,https://github.com/alejandroayalad/trinity/blob/014f3064689ff8f8fda6be264d9bb17c46497989/backend/tests/test_evidence_compression.py#L148-L157
Tests,backend/tests/test_findings_report.py,FindingsReportTests.test_weighted_percentage_uses_mw_and_half_up,121,130,10,1,0,1,Low,Python,https://github.com/alejandroayalad/trinity/blob/014f3064689ff8f8fda6be264d9bb17c46497989/backend/tests/test_findings_report.py#L121-L130
Tests,backend/tests/test_parquet.py,FreezeFilesTests.test_s19_incomplete_version_cannot_be_reused,213,222,10,1,0,1,Low,Python,https://github.com/alejandroayalad/trinity/blob/014f3064689ff8f8fda6be264d9bb17c46497989/backend/tests/test_parquet.py#L213-L222
Tests,backend/tests/test_parquet.py,ManifestIdentityTests.test_s21_reader_rejects_unsafe_manifest_before_parquet_access,480,489,10,1,0,1,Low,Python,https://github.com/alejandroayalad/trinity/blob/014f3064689ff8f8fda6be264d9bb17c46497989/backend/tests/test_parquet.py#L480-L489
Tests,backend/tests/test_prepare.py,PreparationCommandTests.test_existing_version_and_symlink_output_cannot_be_overwritten,273,282,10,1,0,1,Low,Python,https://github.com/alejandroayalad/trinity/blob/014f3064689ff8f8fda6be264d9bb17c46497989/backend/tests/test_prepare.py#L273-L282
Tests,backend/tests/test_preview_engine.py,PreviewEngineTests.test_filters_are_literals_and_dates_are_inclusive,79,88,10,1,0,1,Low,Python,https://github.com/alejandroayalad/trinity/blob/014f3064689ff8f8fda6be264d9bb17c46497989/backend/tests/test_preview_engine.py#L79-L88
Tests,backend/tests/test_preview_unit.py,PreviewInputTests.test_default_and_independent_bounds,161,170,10,1,0,1,Low,Python,https://github.com/alejandroayalad/trinity/blob/014f3064689ff8f8fda6be264d9bb17c46497989/backend/tests/test_preview_unit.py#L161-L170
Tests,backend/tests/test_preview_unit.py,PreviewCursorTests.test_continuation_publication_precedes_default_resolution,293,302,10,1,0,1,Low,Python,https://github.com/alejandroayalad/trinity/blob/014f3064689ff8f8fda6be264d9bb17c46497989/backend/tests/test_preview_unit.py#L293-L302
Tests,backend/tests/test_publication_postgres.py,PublicationPostgresTests.test_automatic_duplicate_after_newer_event,16,25,10,1,0,1,Low,Python,https://github.com/alejandroayalad/trinity/blob/014f3064689ff8f8fda6be264d9bb17c46497989/backend/tests/test_publication_postgres.py#L16-L25
Tests,backend/tests/test_publication_postgres.py,PublicationPostgresTests.test_permanent_failure_is_not_reclassified_when_deadline_crosses,350,359,10,1,0,1,Low,Python,https://github.com/alejandroayalad/trinity/blob/014f3064689ff8f8fda6be264d9bb17c46497989/backend/tests/test_publication_postgres.py#L350-L359
Tests,backend/tests/test_refresh_recovery.py,EligibilityTests.test_recorded_candidate_identity_cannot_point_to_other_work,172,181,10,1,0,1,Low,Python,https://github.com/alejandroayalad/trinity/blob/014f3064689ff8f8fda6be264d9bb17c46497989/backend/tests/test_refresh_recovery.py#L172-L181
Tests,backend/tests/test_refresh_recovery_runtime.py,RecoveryRuntimeTests.test_socket_response_loss_replays_committed_result.lose_response,178,187,10,1,0,1,Low,Python,https://github.com/alejandroayalad/trinity/blob/014f3064689ff8f8fda6be264d9bb17c46497989/backend/tests/test_refresh_recovery_runtime.py#L178-L187
Tests,backend/tests/test_refresh_worker.py,WorkerTests.test_object_limit_is_a_truthful_failure_without_readiness,144,153,10,1,0,1,Low,Python,https://github.com/alejandroayalad/trinity/blob/014f3064689ff8f8fda6be264d9bb17c46497989/backend/tests/test_refresh_worker.py#L144-L153
Tests,backend/tests/test_s3.py,StorageTests.test_deadline_in_retry_wait_and_after_request_blocks_success,368,377,10,1,0,1,Low,Python,https://github.com/alejandroayalad/trinity/blob/014f3064689ff8f8fda6be264d9bb17c46497989/backend/tests/test_s3.py#L368-L377
Tests,backend/tests/test_s3.py,StorageConfigurationTests.test_explicit_environment_loading_and_safe_missing_errors,545,554,10,1,0,1,Low,Python,https://github.com/alejandroayalad/trinity/blob/014f3064689ff8f8fda6be264d9bb17c46497989/backend/tests/test_s3.py#L545-L554
Tests,backend/tests/test_scheduler_postgres.py,SchedulerPostgresTests.test_no_op_save_through_http_keeps_the_occurrence_due,189,198,10,1,0,1,Low,Python,https://github.com/alejandroayalad/trinity/blob/014f3064689ff8f8fda6be264d9bb17c46497989/backend/tests/test_scheduler_postgres.py#L189-L198
Tests,backend/tests/test_scheduler_postgres.py,SchedulerPostgresTests.test_manual_start_first_makes_the_occurrence_skip,216,225,10,1,0,1,Low,Python,https://github.com/alejandroayalad/trinity/blob/014f3064689ff8f8fda6be264d9bb17c46497989/backend/tests/test_scheduler_postgres.py#L216-L225
Tests,backend/tests/test_settings_service.py,HttpTests.test_put_returns_exact_response_and_etag,272,281,10,1,0,1,Low,Python,https://github.com/alejandroayalad/trinity/blob/014f3064689ff8f8fda6be264d9bb17c46497989/backend/tests/test_settings_service.py#L272-L281
Tests,backend/tests/test_sql_lifecycle.py,LifecycleTests.test_known_container_must_be_removed_before_release,36,45,10,1,0,1,Low,Python,https://github.com/alejandroayalad/trinity/blob/014f3064689ff8f8fda6be264d9bb17c46497989/backend/tests/test_sql_lifecycle.py#L36-L45
Tests,backend/tests/test_sql_policy.py,SqlPolicyTests.test_timeout_terminates_child_and_capacity_has_no_queue,89,98,10,1,0,1,Low,Python,https://github.com/alejandroayalad/trinity/blob/014f3064689ff8f8fda6be264d9bb17c46497989/backend/tests/test_sql_policy.py#L89-L98
Tests,backend/tests/test_sql_postgres.py,QueryPostgresTests.test_exact_rolling_boundary_and_clock_regression,76,85,10,1,0,1,Low,Python,https://github.com/alejandroayalad/trinity/blob/014f3064689ff8f8fda6be264d9bb17c46497989/backend/tests/test_sql_postgres.py#L76-L85
Tests,backend/tests/test_sql_review_scaffold.py,SqlReviewScaffoldTests.test_typed_date_and_explicit_cast_have_equal_expression_trees,36,45,10,1,0,1,Low,Python,https://github.com/alejandroayalad/trinity/blob/014f3064689ff8f8fda6be264d9bb17c46497989/backend/tests/test_sql_review_scaffold.py#L36-L45
Tests,backend/tests/test_validate.py,ValidationTests.rebind_source,96,105,10,1,0,1,Low,Python,https://github.com/alejandroayalad/trinity/blob/014f3064689ff8f8fda6be264d9bb17c46497989/backend/tests/test_validate.py#L96-L105
Tests,frontend/src/api/client.test.ts,<callback@24>.<callback@44>,44,53,10,1,0,1,Low,TypeScript/JavaScript,https://github.com/alejandroayalad/trinity/blob/014f3064689ff8f8fda6be264d9bb17c46497989/frontend/src/api/client.test.ts#L44-L53
Tests,frontend/src/api/client.test.ts,<callback@24>.<callback@135>,135,144,10,1,0,1,Low,TypeScript/JavaScript,https://github.com/alejandroayalad/trinity/blob/014f3064689ff8f8fda6be264d9bb17c46497989/frontend/src/api/client.test.ts#L135-L144
Tests,frontend/src/lib/dates.test.ts,<callback@17>.<callback@34>,34,43,10,1,0,1,Low,TypeScript/JavaScript,https://github.com/alejandroayalad/trinity/blob/014f3064689ff8f8fda6be264d9bb17c46497989/frontend/src/lib/dates.test.ts#L34-L43
Production,frontend/src/lib/useReducedMotion.ts,useReducedMotion,4,13,10,1,0,1,Low,TypeScript/JavaScript,https://github.com/alejandroayalad/trinity/blob/014f3064689ff8f8fda6be264d9bb17c46497989/frontend/src/lib/useReducedMotion.ts#L4-L13
Tests,frontend/src/pages/pages.test.tsx,<callback@100>,100,109,10,1,0,1,Low,TypeScript/JavaScript,https://github.com/alejandroayalad/trinity/blob/014f3064689ff8f8fda6be264d9bb17c46497989/frontend/src/pages/pages.test.tsx#L100-L109
Tests,frontend/tests/e2e/fidelity.spec.ts,<callback@109>,109,118,10,1,0,1,Low,TypeScript/JavaScript,https://github.com/alejandroayalad/trinity/blob/014f3064689ff8f8fda6be264d9bb17c46497989/frontend/tests/e2e/fidelity.spec.ts#L109-L118
Tools and migrations,scripts/profile_query_evidence.py,compare_cache.read_one,146,155,10,1,0,1,Low,Python,https://github.com/alejandroayalad/trinity/blob/014f3064689ff8f8fda6be264d9bb17c46497989/scripts/profile_query_evidence.py#L146-L155
Production,backend/src/trinity/auth/dependencies.py,require_capability,29,37,9,1,0,1,Low,Python,https://github.com/alejandroayalad/trinity/blob/014f3064689ff8f8fda6be264d9bb17c46497989/backend/src/trinity/auth/dependencies.py#L29-L37
Production,backend/src/trinity/settings/repository.py,lock_settings,25,33,9,1,0,1,Low,Python,https://github.com/alejandroayalad/trinity/blob/014f3064689ff8f8fda6be264d9bb17c46497989/backend/src/trinity/settings/repository.py#L25-L33
Production,backend/src/trinity/settings/repository.py,share_settings,36,44,9,1,0,1,Low,Python,https://github.com/alejandroayalad/trinity/blob/014f3064689ff8f8fda6be264d9bb17c46497989/backend/src/trinity/settings/repository.py#L36-L44
Tests,backend/tests/refresh_worker_fixture.py,shared_child,44,52,9,1,0,1,Low,Python,https://github.com/alejandroayalad/trinity/blob/014f3064689ff8f8fda6be264d9bb17c46497989/backend/tests/refresh_worker_fixture.py#L44-L52
Tests,backend/tests/test_auth_postgres.py,reserve_in_process,44,52,9,1,0,1,Low,Python,https://github.com/alejandroayalad/trinity/blob/014f3064689ff8f8fda6be264d9bb17c46497989/backend/tests/test_auth_postgres.py#L44-L52
Tests,backend/tests/test_auth_postgres.py,PostgresAuthTests.test_seed_repeat_and_mismatch_preserve_history,71,79,9,1,0,1,Low,Python,https://github.com/alejandroayalad/trinity/blob/014f3064689ff8f8fda6be264d9bb17c46497989/backend/tests/test_auth_postgres.py#L71-L79
Tests,backend/tests/test_auth_postgres.py,PostgresAuthTests.test_role_changes_deactivation_and_unknown_role_fail_closed,116,124,9,1,0,1,Low,Python,https://github.com/alejandroayalad/trinity/blob/014f3064689ff8f8fda6be264d9bb17c46497989/backend/tests/test_auth_postgres.py#L116-L124
Tests,backend/tests/test_auth_postgres.py,PostgresAuthTests.test_snapshot_stays_consistent_during_publication_change,176,184,9,1,0,1,Low,Python,https://github.com/alejandroayalad/trinity/blob/014f3064689ff8f8fda6be264d9bb17c46497989/backend/tests/test_auth_postgres.py#L176-L184
Tests,backend/tests/test_auth_unit.py,TransportTests.assert_problem,87,95,9,1,0,1,Low,Python,https://github.com/alejandroayalad/trinity/blob/014f3064689ff8f8fda6be264d9bb17c46497989/backend/tests/test_auth_unit.py#L87-L95
Tests,backend/tests/test_auth_unit.py,AvailabilityTests.test_unavailable_database_preserves_health_and_fails_auth_closed,184,192,9,1,0,1,Low,Python,https://github.com/alejandroayalad/trinity/blob/014f3064689ff8f8fda6be264d9bb17c46497989/backend/tests/test_auth_unit.py#L184-L192
Tests,backend/tests/test_catalog_unit.py,CatalogTests.assert_problem,90,98,9,1,0,1,Low,Python,https://github.com/alejandroayalad/trinity/blob/014f3064689ff8f8fda6be264d9bb17c46497989/backend/tests/test_catalog_unit.py#L90-L98
Tests,backend/tests/test_catalog_unit.py,CatalogTests.test_static_failures_are_not_empty_catalog_or_dependency_errors,267,275,9,1,0,1,Low,Python,https://github.com/alejandroayalad/trinity/blob/014f3064689ff8f8fda6be264d9bb17c46497989/backend/tests/test_catalog_unit.py#L267-L275
Tests,backend/tests/test_choice_service.py,ChoiceServiceTests.test_denial_precedes_parsing_debit_and_configuration,45,53,9,1,0,1,Low,Python,https://github.com/alejandroayalad/trinity/blob/014f3064689ff8f8fda6be264d9bb17c46497989/backend/tests/test_choice_service.py#L45-L53
Tests,backend/tests/test_choice_service.py,ChoiceServiceTests.test_changed_publication_and_absence_fail_before_execution,89,97,9,1,0,1,Low,Python,https://github.com/alejandroayalad/trinity/blob/014f3064689ff8f8fda6be264d9bb17c46497989/backend/tests/test_choice_service.py#L89-L97
Tests,backend/tests/test_choice_service.py,ChoiceServiceTests.test_routes_are_registered_and_share_default_execution_gate,146,154,9,1,0,1,Low,Python,https://github.com/alejandroayalad/trinity/blob/014f3064689ff8f8fda6be264d9bb17c46497989/backend/tests/test_choice_service.py#L146-L154
Tests,backend/tests/test_dashboard_postgres.py,DashboardPostgresTests.test_broken_evidence_returns_503_before_capacity,106,114,9,1,0,1,Low,Python,https://github.com/alejandroayalad/trinity/blob/014f3064689ff8f8fda6be264d9bb17c46497989/backend/tests/test_dashboard_postgres.py#L106-L114
Tests,backend/tests/test_evidence_compression.py,CompressionTests.test_stored_hash_rejects_a_different_encoding_of_identical_original,109,117,9,1,0,1,Low,Python,https://github.com/alejandroayalad/trinity/blob/014f3064689ff8f8fda6be264d9bb17c46497989/backend/tests/test_evidence_compression.py#L109-L117
Tests,backend/tests/test_findings_report.py,FindingsReportTests.test_api_tail_must_be_empty_at_actual_csv_end,139,147,9,1,0,1,Low,Python,https://github.com/alejandroayalad/trinity/blob/014f3064689ff8f8fda6be264d9bb17c46497989/backend/tests/test_findings_report.py#L139-L147
Tests,backend/tests/test_normalize.py,NormalizationTests.test_live_facility_leading_decimal_percentage_is_exact,155,163,9,1,0,1,Low,Python,https://github.com/alejandroayalad/trinity/blob/014f3064689ff8f8fda6be264d9bb17c46497989/backend/tests/test_normalize.py#L155-L163
Tests,backend/tests/test_prepare.py,PreparationCommandTests.setUp,152,160,9,1,0,1,Low,Python,https://github.com/alejandroayalad/trinity/blob/014f3064689ff8f8fda6be264d9bb17c46497989/backend/tests/test_prepare.py#L152-L160
Tests,backend/tests/test_preview_engine.py,RuntimeProtocolTests.test_runtime_imports_no_trusted_api_or_credential_modules,121,129,9,1,0,1,Low,Python,https://github.com/alejandroayalad/trinity/blob/014f3064689ff8f8fda6be264d9bb17c46497989/backend/tests/test_preview_engine.py#L121-L129
Tests,backend/tests/test_preview_lifecycle.py,PreviewLifecycleTests.test_provenance_failure_never_stages_or_starts_container,153,161,9,1,0,1,Low,Python,https://github.com/alejandroayalad/trinity/blob/014f3064689ff8f8fda6be264d9bb17c46497989/backend/tests/test_preview_lifecycle.py#L153-L161
Tests,backend/tests/test_preview_postgres.py,PreviewPostgresTests.test_missing_runner_configuration_retains_debit_without_capacity,196,204,9,1,0,1,Low,Python,https://github.com/alejandroayalad/trinity/blob/014f3064689ff8f8fda6be264d9bb17c46497989/backend/tests/test_preview_postgres.py#L196-L204
Tests,backend/tests/test_preview_runtime.py,crash_owner,33,41,9,1,0,1,Low,Python,https://github.com/alejandroayalad/trinity/blob/014f3064689ff8f8fda6be264d9bb17c46497989/backend/tests/test_preview_runtime.py#L33-L41
Tests,backend/tests/test_preview_runtime.py,PreviewRuntimeTests.test_actual_thirty_second_timeout_confirms_stop_before_release,257,265,9,1,0,1,Low,Python,https://github.com/alejandroayalad/trinity/blob/014f3064689ff8f8fda6be264d9bb17c46497989/backend/tests/test_preview_runtime.py#L257-L265
Tests,backend/tests/test_preview_service.py,PreviewServiceTests.test_denials_and_primitive_errors_do_not_debit_or_load_configuration,71,79,9,1,0,1,Low,Python,https://github.com/alejandroayalad/trinity/blob/014f3064689ff8f8fda6be264d9bb17c46497989/backend/tests/test_preview_service.py#L71-L79
Tests,backend/tests/test_preview_unit.py,PreviewInputTests.test_primitive_parser_preserves_values_without_second_decode,112,120,9,1,0,1,Low,Python,https://github.com/alejandroayalad/trinity/blob/014f3064689ff8f8fda6be264d9bb17c46497989/backend/tests/test_preview_unit.py#L112-L120
Tests,backend/tests/test_preview_unit.py,PreviewResponseTests.test_whole_envelope_size_limit_counts_metadata,406,414,9,1,0,1,Low,Python,https://github.com/alejandroayalad/trinity/blob/014f3064689ff8f8fda6be264d9bb17c46497989/backend/tests/test_preview_unit.py#L406-L414
Tests,backend/tests/test_refresh_admission.py,AdmissionTests.test_replay_returns_original_receipt_after_state_change,50,58,9,1,0,1,Low,Python,https://github.com/alejandroayalad/trinity/blob/014f3064689ff8f8fda6be264d9bb17c46497989/backend/tests/test_refresh_admission.py#L50-L58
Tests,backend/tests/test_refresh_admission.py,AdmissionTests.test_current_role_and_session_checked_before_replay,125,133,9,1,0,1,Low,Python,https://github.com/alejandroayalad/trinity/blob/014f3064689ff8f8fda6be264d9bb17c46497989/backend/tests/test_refresh_admission.py#L125-L133
Tests,backend/tests/test_refresh_candidates.py,CandidateTests.test_crash_during_verification_reuses_persisted_deadline_and_attempts,177,185,9,1,0,1,Low,Python,https://github.com/alejandroayalad/trinity/blob/014f3064689ff8f8fda6be264d9bb17c46497989/backend/tests/test_refresh_candidates.py#L177-L185
Tests,backend/tests/test_refresh_candidates.py,CandidateTests.test_missing_remote_evidence_fails_without_extracting_again,249,257,9,1,0,1,Low,Python,https://github.com/alejandroayalad/trinity/blob/014f3064689ff8f8fda6be264d9bb17c46497989/backend/tests/test_refresh_candidates.py#L249-L257
Tests,backend/tests/test_refresh_candidates.py,CandidateTests.test_expired_registration_budget_fails_without_remote_reads,259,267,9,1,0,1,Low,Python,https://github.com/alejandroayalad/trinity/blob/014f3064689ff8f8fda6be264d9bb17c46497989/backend/tests/test_refresh_candidates.py#L259-L267
Tests,backend/tests/test_refresh_candidates.py,CandidateTests.test_changed_remote_bytes_fail_recovery_and_preserve_evidence,298,306,9,1,0,1,Low,Python,https://github.com/alejandroayalad/trinity/blob/014f3064689ff8f8fda6be264d9bb17c46497989/backend/tests/test_refresh_candidates.py#L298-L306
Tests,backend/tests/test_refresh_candidates.py,CandidateTests.test_partial_failed_checks_remain_partial_in_candidate_detail,414,422,9,1,0,1,Low,Python,https://github.com/alejandroayalad/trinity/blob/014f3064689ff8f8fda6be264d9bb17c46497989/backend/tests/test_refresh_candidates.py#L414-L422
Tests,backend/tests/test_refresh_recovery_runtime.py,RecoveryRuntimeTests.test_deleted_warning_has_no_dispatchable_job.scenario,260,268,9,1,0,1,Low,Python,https://github.com/alejandroayalad/trinity/blob/014f3064689ff8f8fda6be264d9bb17c46497989/backend/tests/test_refresh_recovery_runtime.py#L260-L268
Tests,backend/tests/test_refresh_recovery_service.py,RecoveryServiceTests.test_rerun_uses_current_settings_and_returns_only_after_commit,137,145,9,1,0,1,Low,Python,https://github.com/alejandroayalad/trinity/blob/014f3064689ff8f8fda6be264d9bb17c46497989/backend/tests/test_refresh_recovery_service.py#L137-L145
Tests,backend/tests/test_refresh_recovery_service.py,RecoveryServiceTests.test_http_delete_has_no_body_and_never_returns_202,280,288,9,1,0,1,Low,Python,https://github.com/alejandroayalad/trinity/blob/014f3064689ff8f8fda6be264d9bb17c46497989/backend/tests/test_refresh_recovery_service.py#L280-L288
Tests,backend/tests/test_refresh_worker.py,WorkerTests.test_failed_validation_imports_real_rows_without_readiness,85,93,9,1,0,1,Low,Python,https://github.com/alejandroayalad/trinity/blob/014f3064689ff8f8fda6be264d9bb17c46497989/backend/tests/test_refresh_worker.py#L85-L93
Tests,backend/tests/test_refresh_worker.py,WorkerTests.test_corrupt_partial_journal_fails_with_warning_and_keeps_original_files,216,224,9,1,0,1,Low,Python,https://github.com/alejandroayalad/trinity/blob/014f3064689ff8f8fda6be264d9bb17c46497989/backend/tests/test_refresh_worker.py#L216-L224
Tests,backend/tests/test_refresh_worker.py,freeze_then_crash,326,334,9,1,0,1,Low,Python,https://github.com/alejandroayalad/trinity/blob/014f3064689ff8f8fda6be264d9bb17c46497989/backend/tests/test_refresh_worker.py#L326-L334
Tests,backend/tests/test_retrieval.py,CommandTests.test_existing_output_is_preserved_before_network,264,272,9,1,0,1,Low,Python,https://github.com/alejandroayalad/trinity/blob/014f3064689ff8f8fda6be264d9bb17c46497989/backend/tests/test_retrieval.py#L264-L272
Tests,backend/tests/test_s3.py,StorageTests.test_warning_bearing_candidate_stores_without_approval_or_publication,140,148,9,1,0,1,Low,Python,https://github.com/alejandroayalad/trinity/blob/014f3064689ff8f8fda6be264d9bb17c46497989/backend/tests/test_s3.py#L140-L148
Tests,backend/tests/test_s3.py,StorageTests.test_temporary_write_recovers_then_reads_exact_bytes,259,267,9,1,0,1,Low,Python,https://github.com/alejandroayalad/trinity/blob/014f3064689ff8f8fda6be264d9bb17c46497989/backend/tests/test_s3.py#L259-L267
Tests,backend/tests/test_s3.py,StorageTests.test_final_verification_rechecks_previously_verified_objects,343,351,9,1,0,1,Low,Python,https://github.com/alejandroayalad/trinity/blob/014f3064689ff8f8fda6be264d9bb17c46497989/backend/tests/test_s3.py#L343-L351
Tests,backend/tests/test_schedule_unit.py,KeyTests.test_key_is_stable_and_depends_on_revision_and_instant,124,132,9,1,0,1,Low,Python,https://github.com/alejandroayalad/trinity/blob/014f3064689ff8f8fda6be264d9bb17c46497989/backend/tests/test_schedule_unit.py#L124-L132
Tests,backend/tests/test_validate.py,ValidationTests.test_s20_s23_missing_file_records_error_dependencies_and_16_results,334,342,9,1,0,1,Low,Python,https://github.com/alejandroayalad/trinity/blob/014f3064689ff8f8fda6be264d9bb17c46497989/backend/tests/test_validate.py#L334-L342
Tests,frontend/src/api/client.test.ts,<callback@24>.<callback@67>,67,75,9,1,0,1,Low,TypeScript/JavaScript,https://github.com/alejandroayalad/trinity/blob/014f3064689ff8f8fda6be264d9bb17c46497989/frontend/src/api/client.test.ts#L67-L75
Tests,frontend/src/components/components.test.tsx,<callback@34>.<callback@60>,60,68,9,1,0,1,Low,TypeScript/JavaScript,https://github.com/alejandroayalad/trinity/blob/014f3064689ff8f8fda6be264d9bb17c46497989/frontend/src/components/components.test.tsx#L60-L68
Tests,frontend/src/components/components.test.tsx,<callback@120>.<callback@121>.SwitchHarness,123,131,9,1,0,1,Low,TypeScript/JavaScript,https://github.com/alejandroayalad/trinity/blob/014f3064689ff8f8fda6be264d9bb17c46497989/frontend/src/components/components.test.tsx#L123-L131
Tests,frontend/src/components/components.test.tsx,<callback@160>.<callback@161>,161,169,9,1,0,1,Low,TypeScript/JavaScript,https://github.com/alejandroayalad/trinity/blob/014f3064689ff8f8fda6be264d9bb17c46497989/frontend/src/components/components.test.tsx#L161-L169
Tests,frontend/src/pages/explorer-state.test.tsx,<callback@195>,195,203,9,1,0,1,Low,TypeScript/JavaScript,https://github.com/alejandroayalad/trinity/blob/014f3064689ff8f8fda6be264d9bb17c46497989/frontend/src/pages/explorer-state.test.tsx#L195-L203
Tests,frontend/src/pages/pages.test.tsx,<callback@29>,29,37,9,1,0,1,Low,TypeScript/JavaScript,https://github.com/alejandroayalad/trinity/blob/014f3064689ff8f8fda6be264d9bb17c46497989/frontend/src/pages/pages.test.tsx#L29-L37
Tests,frontend/src/pages/pages.test.tsx,<callback@151>,151,159,9,1,0,1,Low,TypeScript/JavaScript,https://github.com/alejandroayalad/trinity/blob/014f3064689ff8f8fda6be264d9bb17c46497989/frontend/src/pages/pages.test.tsx#L151-L159
Tests,frontend/src/pages/qa01.test.tsx,<callback@116>,116,124,9,1,0,1,Low,TypeScript/JavaScript,https://github.com/alejandroayalad/trinity/blob/014f3064689ff8f8fda6be264d9bb17c46497989/frontend/src/pages/qa01.test.tsx#L116-L124
Tests,frontend/src/pages/qa01.test.tsx,<callback@126>,126,134,9,1,0,1,Low,TypeScript/JavaScript,https://github.com/alejandroayalad/trinity/blob/014f3064689ff8f8fda6be264d9bb17c46497989/frontend/src/pages/qa01.test.tsx#L126-L134
Tests,frontend/src/pages/qa01.test.tsx,<callback@136>,136,144,9,1,0,1,Low,TypeScript/JavaScript,https://github.com/alejandroayalad/trinity/blob/014f3064689ff8f8fda6be264d9bb17c46497989/frontend/src/pages/qa01.test.tsx#L136-L144
Tests,frontend/src/session/session.test.tsx,<callback@22>,22,30,9,1,0,1,Low,TypeScript/JavaScript,https://github.com/alejandroayalad/trinity/blob/014f3064689ff8f8fda6be264d9bb17c46497989/frontend/src/session/session.test.tsx#L22-L30
Tests,frontend/src/session/session.test.tsx,<callback@43>,43,51,9,1,0,1,Low,TypeScript/JavaScript,https://github.com/alejandroayalad/trinity/blob/014f3064689ff8f8fda6be264d9bb17c46497989/frontend/src/session/session.test.tsx#L43-L51
Tests,frontend/tests/e2e/fidelity.spec.ts,<callback@44>,44,52,9,1,0,1,Low,TypeScript/JavaScript,https://github.com/alejandroayalad/trinity/blob/014f3064689ff8f8fda6be264d9bb17c46497989/frontend/tests/e2e/fidelity.spec.ts#L44-L52
Tests,frontend/tests/e2e/fidelity.spec.ts,<callback@142>,142,150,9,1,0,1,Low,TypeScript/JavaScript,https://github.com/alejandroayalad/trinity/blob/014f3064689ff8f8fda6be264d9bb17c46497989/frontend/tests/e2e/fidelity.spec.ts#L142-L150
Tools and migrations,backend/migrations/versions/0007_refresh_registration.py,downgrade,34,41,8,1,0,1,Low,Python,https://github.com/alejandroayalad/trinity/blob/014f3064689ff8f8fda6be264d9bb17c46497989/backend/migrations/versions/0007_refresh_registration.py#L34-L41
Production,backend/src/trinity/connector/__main__.py,main.save,39,46,8,1,0,1,Low,Python,https://github.com/alejandroayalad/trinity/blob/014f3064689ff8f8fda6be264d9bb17c46497989/backend/src/trinity/connector/__main__.py#L39-L46
Production,backend/src/trinity/connector/pipeline.py,store_candidate.record,256,263,8,1,0,1,Low,Python,https://github.com/alejandroayalad/trinity/blob/014f3064689ff8f8fda6be264d9bb17c46497989/backend/src/trinity/connector/pipeline.py#L256-L263
Production,backend/src/trinity/main.py,preview_enabled_from,88,95,8,1,0,1,Low,Python,https://github.com/alejandroayalad/trinity/blob/014f3064689ff8f8fda6be264d9bb17c46497989/backend/src/trinity/main.py#L88-L95
Production,backend/src/trinity/refresh/dispatch.py,fail_run,18,25,8,1,0,1,Low,Python,https://github.com/alejandroayalad/trinity/blob/014f3064689ff8f8fda6be264d9bb17c46497989/backend/src/trinity/refresh/dispatch.py#L18-L25
Production,backend/src/trinity/refresh/repository.py,accept_scheduled_run,78,85,8,1,0,1,Low,Python,https://github.com/alejandroayalad/trinity/blob/014f3064689ff8f8fda6be264d9bb17c46497989/backend/src/trinity/refresh/repository.py#L78-L85
Production,backend/src/trinity/settings/repository.py,database_now,47,54,8,1,0,1,Low,Python,https://github.com/alejandroayalad/trinity/blob/014f3064689ff8f8fda6be264d9bb17c46497989/backend/src/trinity/settings/repository.py#L47-L54
Production,backend/src/trinity/settings/router.py,update_settings,34,41,8,1,0,1,Low,Python,https://github.com/alejandroayalad/trinity/blob/014f3064689ff8f8fda6be264d9bb17c46497989/backend/src/trinity/settings/router.py#L34-L41
Production,backend/src/trinity/settings/schedule.py,_known_timezones,41,48,8,1,0,1,Low,Python,https://github.com/alejandroayalad/trinity/blob/014f3064689ff8f8fda6be264d9bb17c46497989/backend/src/trinity/settings/schedule.py#L41-L48
Production,backend/src/trinity/settings/schedule.py,local_text,193,200,8,1,0,1,Low,Python,https://github.com/alejandroayalad/trinity/blob/014f3064689ff8f8fda6be264d9bb17c46497989/backend/src/trinity/settings/schedule.py#L193-L200
Tests,backend/tests/test_auth_postgres.py,PostgresAuthTests.test_missing_state_and_state_read_failure_are_not_empty,186,193,8,1,0,1,Low,Python,https://github.com/alejandroayalad/trinity/blob/014f3064689ff8f8fda6be264d9bb17c46497989/backend/tests/test_auth_postgres.py#L186-L193
Tests,backend/tests/test_auth_unit.py,TransportTests.test_unexpected_exceptions_are_contained,124,131,8,1,0,1,Low,Python,https://github.com/alejandroayalad/trinity/blob/014f3064689ff8f8fda6be264d9bb17c46497989/backend/tests/test_auth_unit.py#L124-L131
Tests,backend/tests/test_catalog_postgres.py,PostgresCatalogTests.test_invalid_identity_never_reads_catalog_state,68,75,8,1,0,1,Low,Python,https://github.com/alejandroayalad/trinity/blob/014f3064689ff8f8fda6be264d9bb17c46497989/backend/tests/test_catalog_postgres.py#L68-L75
Tests,backend/tests/test_catalog_unit.py,CatalogTests.test_metric_has_no_value_or_source_percentage_dependency,172,179,8,1,0,1,Low,Python,https://github.com/alejandroayalad/trinity/blob/014f3064689ff8f8fda6be264d9bb17c46497989/backend/tests/test_catalog_unit.py#L172-L179
Tests,backend/tests/test_catalog_unit.py,CatalogTests.test_recorded_timezones_are_normalized_to_utc,258,265,8,1,0,1,Low,Python,https://github.com/alejandroayalad/trinity/blob/014f3064689ff8f8fda6be264d9bb17c46497989/backend/tests/test_catalog_unit.py#L258-L265
Tests,backend/tests/test_choices.py,ChoiceTests.test_facility_dataset_and_empty_range,96,103,8,1,0,1,Low,Python,https://github.com/alejandroayalad/trinity/blob/014f3064689ff8f8fda6be264d9bb17c46497989/backend/tests/test_choices.py#L96-L103
Tests,backend/tests/test_config.py,EIASettingsTests.test_uses_current_environment_without_a_cached_key,33,40,8,1,0,1,Low,Python,https://github.com/alejandroayalad/trinity/blob/014f3064689ff8f8fda6be264d9bb17c46497989/backend/tests/test_config.py#L33-L40
Tests,backend/tests/test_eia_pagination.py,PaginationTests.test_empty_route_has_one_probe_and_zero_records,114,121,8,1,0,1,Low,Python,https://github.com/alejandroayalad/trinity/blob/014f3064689ff8f8fda6be264d9bb17c46497989/backend/tests/test_eia_pagination.py#L114-L121
Tests,backend/tests/test_preview_check.py,PreviewCheckTests.test_cli_missing_fixture_reports_incomplete_without_password_prompt,105,112,8,1,0,1,Low,Python,https://github.com/alejandroayalad/trinity/blob/014f3064689ff8f8fda6be264d9bb17c46497989/backend/tests/test_preview_check.py#L105-L112
Tests,backend/tests/test_preview_check.py,PreviewCheckTests.test_cli_error_never_prints_sensitive_exception,114,121,8,1,0,1,Low,Python,https://github.com/alejandroayalad/trinity/blob/014f3064689ff8f8fda6be264d9bb17c46497989/backend/tests/test_preview_check.py#L114-L121
Tests,backend/tests/test_preview_postgres.py,PreviewPostgresTests.setUp,51,58,8,1,0,1,Low,Python,https://github.com/alejandroayalad/trinity/blob/014f3064689ff8f8fda6be264d9bb17c46497989/backend/tests/test_preview_postgres.py#L51-L58
Tests,backend/tests/test_preview_postgres.py,PreviewPostgresTests.test_database_outage_reaches_no_configuration_or_storage,206,213,8,1,0,1,Low,Python,https://github.com/alejandroayalad/trinity/blob/014f3064689ff8f8fda6be264d9bb17c46497989/backend/tests/test_preview_postgres.py#L206-L213
Tests,backend/tests/test_preview_provenance.py,ProvenanceTests.test_summary_above_the_limit_fails_closed,91,98,8,1,0,1,Low,Python,https://github.com/alejandroayalad/trinity/blob/014f3064689ff8f8fda6be264d9bb17c46497989/backend/tests/test_preview_provenance.py#L91-L98
Tests,backend/tests/test_preview_service.py,PreviewServiceTests.test_no_publication_and_changed_cursor_precede_provenance,107,114,8,1,0,1,Low,Python,https://github.com/alejandroayalad/trinity/blob/014f3064689ff8f8fda6be264d9bb17c46497989/backend/tests/test_preview_service.py#L107-L114
Tests,backend/tests/test_preview_unit.py,PreviewResponseTests.test_empty_requires_reason_and_explicit_diagnostics,338,345,8,1,0,1,Low,Python,https://github.com/alejandroayalad/trinity/blob/014f3064689ff8f8fda6be264d9bb17c46497989/backend/tests/test_preview_unit.py#L338-L345
Tests,backend/tests/test_publication_postgres.py,PublicationPostgresTests.test_storage_configuration_failure_is_recorded_and_not_retryable,308,315,8,1,0,1,Low,Python,https://github.com/alejandroayalad/trinity/blob/014f3064689ff8f8fda6be264d9bb17c46497989/backend/tests/test_publication_postgres.py#L308-L315
Tests,backend/tests/test_refresh_candidates.py,CandidateTests.test_missing_parent_receipt_is_not_rebuilt_from_child_receipt,240,247,8,1,0,1,Low,Python,https://github.com/alejandroayalad/trinity/blob/014f3064689ff8f8fda6be264d9bb17c46497989/backend/tests/test_refresh_candidates.py#L240-L247
Tests,backend/tests/test_refresh_postgres.py,RefreshPostgresTests.setUp,37,44,8,1,0,1,Low,Python,https://github.com/alejandroayalad/trinity/blob/014f3064689ff8f8fda6be264d9bb17c46497989/backend/tests/test_refresh_postgres.py#L37-L44
Tests,backend/tests/test_refresh_postgres.py,RefreshPostgresTests.test_expired_or_unclaimed_writer_is_denied_before_evidence_reads,153,160,8,1,0,1,Low,Python,https://github.com/alejandroayalad/trinity/blob/014f3064689ff8f8fda6be264d9bb17c46497989/backend/tests/test_refresh_postgres.py#L153-L160
Tests,backend/tests/test_refresh_recovery.py,EligibilityTests.test_publication_requires_candidate_and_publish_warning,297,304,8,1,0,1,Low,Python,https://github.com/alejandroayalad/trinity/blob/014f3064689ff8f8fda6be264d9bb17c46497989/backend/tests/test_refresh_recovery.py#L297-L304
Tests,backend/tests/test_refresh_recovery_service.py,RecoveryServiceTests.accept_new,114,121,8,1,0,1,Low,Python,https://github.com/alejandroayalad/trinity/blob/014f3064689ff8f8fda6be264d9bb17c46497989/backend/tests/test_refresh_recovery_service.py#L114-L121
Tests,backend/tests/test_refresh_recovery_service.py,RecoveryServiceTests.test_replay_rechecks_authority_before_receipt_read,170,177,8,1,0,1,Low,Python,https://github.com/alejandroayalad/trinity/blob/014f3064689ff8f8fda6be264d9bb17c46497989/backend/tests/test_refresh_recovery_service.py#L170-L177
Tests,backend/tests/test_refresh_worker.py,WorkerTests.test_stage_timeout_kills_confirms_exit_and_retains_blocker,108,115,8,1,0,1,Low,Python,https://github.com/alejandroayalad/trinity/blob/014f3064689ff8f8fda6be264d9bb17c46497989/backend/tests/test_refresh_worker.py#L108-L115
Tests,backend/tests/test_s3.py,StorageTests.setUp,95,102,8,1,0,1,Low,Python,https://github.com/alejandroayalad/trinity/blob/014f3064689ff8f8fda6be264d9bb17c46497989/backend/tests/test_s3.py#L95-L102
Tests,backend/tests/test_s3.py,StorageTests.test_reservation_collision_stops_before_any_data_and_preserves_bytes,180,187,8,1,0,1,Low,Python,https://github.com/alejandroayalad/trinity/blob/014f3064689ff8f8fda6be264d9bb17c46497989/backend/tests/test_s3.py#L180-L187
Tests,backend/tests/test_s3.py,StorageTests.test_ambiguous_saved_writes_resolve_by_readback_including_final_bundle,241,248,8,1,0,1,Low,Python,https://github.com/alejandroayalad/trinity/blob/014f3064689ff8f8fda6be264d9bb17c46497989/backend/tests/test_s3.py#L241-L248
Tests,backend/tests/test_s3.py,StorageTests.test_temporary_missing_writes_have_three_attempts_and_one_three_waits,250,257,8,1,0,1,Low,Python,https://github.com/alejandroayalad/trinity/blob/014f3064689ff8f8fda6be264d9bb17c46497989/backend/tests/test_s3.py#L250-L257
Tests,backend/tests/test_s3.py,StorageTests.test_failed_readback_exhausts_reads_without_reupload,287,294,8,1,0,1,Low,Python,https://github.com/alejandroayalad/trinity/blob/014f3064689ff8f8fda6be264d9bb17c46497989/backend/tests/test_s3.py#L287-L294
Tests,backend/tests/test_s3.py,StorageTests.test_client_creation_disables_sdk_retries_and_ambient_endpoints,532,539,8,1,0,1,Low,Python,https://github.com/alejandroayalad/trinity/blob/014f3064689ff8f8fda6be264d9bb17c46497989/backend/tests/test_s3.py#L532-L539
Tests,backend/tests/test_scheduler_postgres.py,SchedulerPostgresTests.release_slot,104,111,8,1,0,1,Low,Python,https://github.com/alejandroayalad/trinity/blob/014f3064689ff8f8fda6be264d9bb17c46497989/backend/tests/test_scheduler_postgres.py#L104-L111
Tests,backend/tests/test_settings_service.py,UpdateOrderTests.test_dependency_failure_adds_retry_after,163,170,8,1,0,1,Low,Python,https://github.com/alejandroayalad/trinity/blob/014f3064689ff8f8fda6be264d9bb17c46497989/backend/tests/test_settings_service.py#L163-L170
Tests,backend/tests/test_settings_service.py,HttpTests.test_transport_rejections_happen_before_the_service,283,290,8,1,0,1,Low,Python,https://github.com/alejandroayalad/trinity/blob/014f3064689ff8f8fda6be264d9bb17c46497989/backend/tests/test_settings_service.py#L283-L290
Tests,backend/tests/test_sql_engine.py,EngineTests.test_aggregate_input_is_not_capped_and_query_limit_is_preserved,46,53,8,1,0,1,Low,Python,https://github.com/alejandroayalad/trinity/blob/014f3064689ff8f8fda6be264d9bb17c46497989/backend/tests/test_sql_engine.py#L46-L53
Tests,backend/tests/test_sql_postgres.py,QueryPostgresTests.test_role_change_during_policy_is_denied_at_second_snapshot,61,68,8,1,0,1,Low,Python,https://github.com/alejandroayalad/trinity/blob/014f3064689ff8f8fda6be264d9bb17c46497989/backend/tests/test_sql_postgres.py#L61-L68
Tests,backend/tests/test_sql_staging.py,StagingTests.setUp,53,60,8,1,0,1,Low,Python,https://github.com/alejandroayalad/trinity/blob/014f3064689ff8f8fda6be264d9bb17c46497989/backend/tests/test_sql_staging.py#L53-L60
Tests,backend/tests/test_sql_staging.py,StagingTests.test_temporary_retries_and_denial_has_no_retry,87,94,8,1,0,1,Low,Python,https://github.com/alejandroayalad/trinity/blob/014f3064689ff8f8fda6be264d9bb17c46497989/backend/tests/test_sql_staging.py#L87-L94
Tests,backend/tests/test_validate.py,ValidationTests.assert_failed,87,94,8,1,0,1,Low,Python,https://github.com/alejandroayalad/trinity/blob/014f3064689ff8f8fda6be264d9bb17c46497989/backend/tests/test_validate.py#L87-L94
Tests,backend/tests/test_validate.py,ValidationTests.test_s25_handoff_guard_rejects_changes_without_replacing_identity,344,351,8,1,0,1,Low,Python,https://github.com/alejandroayalad/trinity/blob/014f3064689ff8f8fda6be264d9bb17c46497989/backend/tests/test_validate.py#L344-L351
Tests,frontend/src/api/client.test.ts,<callback@24>.<callback@35>,35,42,8,1,0,1,Low,TypeScript/JavaScript,https://github.com/alejandroayalad/trinity/blob/014f3064689ff8f8fda6be264d9bb17c46497989/frontend/src/api/client.test.ts#L35-L42
Tests,frontend/src/api/client.test.ts,<callback@24>.<callback@90>,90,97,8,1,0,1,Low,TypeScript/JavaScript,https://github.com/alejandroayalad/trinity/blob/014f3064689ff8f8fda6be264d9bb17c46497989/frontend/src/api/client.test.ts#L90-L97
Tests,frontend/src/lib/copy.test.ts,<callback@11>.<callback@23>,23,30,8,1,0,1,Low,TypeScript/JavaScript,https://github.com/alejandroayalad/trinity/blob/014f3064689ff8f8fda6be264d9bb17c46497989/frontend/src/lib/copy.test.ts#L23-L30
Tests,frontend/src/lib/dates.test.ts,<callback@17>.<callback@60>,60,67,8,1,0,1,Low,TypeScript/JavaScript,https://github.com/alejandroayalad/trinity/blob/014f3064689ff8f8fda6be264d9bb17c46497989/frontend/src/lib/dates.test.ts#L60-L67
Tests,frontend/src/lib/decimal.test.ts,<callback@26>.<callback@33>,33,40,8,1,0,1,Low,TypeScript/JavaScript,https://github.com/alejandroayalad/trinity/blob/014f3064689ff8f8fda6be264d9bb17c46497989/frontend/src/lib/decimal.test.ts#L33-L40
Tests,frontend/src/lib/decimal.test.ts,<callback@26>.<callback@67>,67,74,8,1,0,1,Low,TypeScript/JavaScript,https://github.com/alejandroayalad/trinity/blob/014f3064689ff8f8fda6be264d9bb17c46497989/frontend/src/lib/decimal.test.ts#L67-L74
Production,frontend/src/pages/catalog/Choices.tsx,useChoiceRestart,17,24,8,1,0,1,Low,TypeScript/JavaScript,https://github.com/alejandroayalad/trinity/blob/014f3064689ff8f8fda6be264d9bb17c46497989/frontend/src/pages/catalog/Choices.tsx#L17-L24
Tests,frontend/src/pages/explorer-state.test.tsx,<callback@253>,253,260,8,1,0,1,Low,TypeScript/JavaScript,https://github.com/alejandroayalad/trinity/blob/014f3064689ff8f8fda6be264d9bb17c46497989/frontend/src/pages/explorer-state.test.tsx#L253-L260
Tests,frontend/src/pages/pages.test.tsx,<callback@38>,38,45,8,1,0,1,Low,TypeScript/JavaScript,https://github.com/alejandroayalad/trinity/blob/014f3064689ff8f8fda6be264d9bb17c46497989/frontend/src/pages/pages.test.tsx#L38-L45
Tests,frontend/src/pages/pages.test.tsx,<callback@63>,63,70,8,1,0,1,Low,TypeScript/JavaScript,https://github.com/alejandroayalad/trinity/blob/014f3064689ff8f8fda6be264d9bb17c46497989/frontend/src/pages/pages.test.tsx#L63-L70
Tests,frontend/src/pages/pages.test.tsx,<callback@161>,161,168,8,1,0,1,Low,TypeScript/JavaScript,https://github.com/alejandroayalad/trinity/blob/014f3064689ff8f8fda6be264d9bb17c46497989/frontend/src/pages/pages.test.tsx#L161-L168
Tests,frontend/tests/e2e/fidelity-fixtures.ts,run,131,138,8,1,0,1,Low,TypeScript/JavaScript,https://github.com/alejandroayalad/trinity/blob/014f3064689ff8f8fda6be264d9bb17c46497989/frontend/tests/e2e/fidelity-fixtures.ts#L131-L138
Tests,frontend/tests/e2e/fidelity.spec.ts,<callback@54>,54,61,8,1,0,1,Low,TypeScript/JavaScript,https://github.com/alejandroayalad/trinity/blob/014f3064689ff8f8fda6be264d9bb17c46497989/frontend/tests/e2e/fidelity.spec.ts#L54-L61
Production,backend/src/trinity/adapters/queue.py,RefreshQueue.enqueue,38,44,7,1,0,1,Low,Python,https://github.com/alejandroayalad/trinity/blob/014f3064689ff8f8fda6be264d9bb17c46497989/backend/src/trinity/adapters/queue.py#L38-L44
Production,backend/src/trinity/adapters/queue.py,PublicationQueue.enqueue,76,82,7,1,0,1,Low,Python,https://github.com/alejandroayalad/trinity/blob/014f3064689ff8f8fda6be264d9bb17c46497989/backend/src/trinity/adapters/queue.py#L76-L82
Production,backend/src/trinity/auth/repository.py,create_session,32,38,7,1,0,1,Low,Python,https://github.com/alejandroayalad/trinity/blob/014f3064689ff8f8fda6be264d9bb17c46497989/backend/src/trinity/auth/repository.py#L32-L38
Production,backend/src/trinity/catalog/registry.py,describe_metric,46,52,7,1,0,1,Low,Python,https://github.com/alejandroayalad/trinity/blob/014f3064689ff8f8fda6be264d9bb17c46497989/backend/src/trinity/catalog/registry.py#L46-L52
Production,backend/src/trinity/connector/client.py,_RedactAPIKey.filter,51,57,7,1,0,1,Low,Python,https://github.com/alejandroayalad/trinity/blob/014f3064689ff8f8fda6be264d9bb17c46497989/backend/src/trinity/connector/client.py#L51-L57
Production,backend/src/trinity/queries/repository.py,release_unlaunched,56,62,7,1,0,1,Low,Python,https://github.com/alejandroayalad/trinity/blob/014f3064689ff8f8fda6be264d9bb17c46497989/backend/src/trinity/queries/repository.py#L56-L62
Production,backend/src/trinity/queries/repository.py,claim_expired,73,79,7,1,0,1,Low,Python,https://github.com/alejandroayalad/trinity/blob/014f3064689ff8f8fda6be264d9bb17c46497989/backend/src/trinity/queries/repository.py#L73-L79
Production,backend/src/trinity/refresh/cursors.py,RefreshCursorCodec.encode,33,39,7,1,0,1,Low,Python,https://github.com/alejandroayalad/trinity/blob/014f3064689ff8f8fda6be264d9bb17c46497989/backend/src/trinity/refresh/cursors.py#L33-L39
Production,backend/src/trinity/refresh/router.py,detail,52,58,7,1,0,1,Low,Python,https://github.com/alejandroayalad/trinity/blob/014f3064689ff8f8fda6be264d9bb17c46497989/backend/src/trinity/refresh/router.py#L52-L58
Tests,backend/tests/postgres_fixture.py,PostgresFixture.publish,111,117,7,1,0,1,Low,Python,https://github.com/alejandroayalad/trinity/blob/014f3064689ff8f8fda6be264d9bb17c46497989/backend/tests/postgres_fixture.py#L111-L117
Tests,backend/tests/publication_fixture.py,PublicationFixture.setUp,22,28,7,1,0,1,Low,Python,https://github.com/alejandroayalad/trinity/blob/014f3064689ff8f8fda6be264d9bb17c46497989/backend/tests/publication_fixture.py#L22-L28
Tests,backend/tests/publication_process_fixture.py,hold_preparation_lock,98,104,7,1,0,1,Low,Python,https://github.com/alejandroayalad/trinity/blob/014f3064689ff8f8fda6be264d9bb17c46497989/backend/tests/publication_process_fixture.py#L98-L104
Tests,backend/tests/test_auth_postgres.py,PostgresAuthTests.test_schema_downgrade_upgrade_on_disposable_database,296,302,7,1,0,1,Low,Python,https://github.com/alejandroayalad/trinity/blob/014f3064689ff8f8fda6be264d9bb17c46497989/backend/tests/test_auth_postgres.py#L296-L302
Tests,backend/tests/test_auth_unit.py,TransportTests.test_media_json_body_and_query_errors,116,122,7,1,0,1,Low,Python,https://github.com/alejandroayalad/trinity/blob/014f3064689ff8f8fda6be264d9bb17c46497989/backend/tests/test_auth_unit.py#L116-L122
Tests,backend/tests/test_catalog_postgres.py,PostgresCatalogTests.test_auth_storage_outage_has_no_static_fallback,123,129,7,1,0,1,Low,Python,https://github.com/alejandroayalad/trinity/blob/014f3064689ff8f8fda6be264d9bb17c46497989/backend/tests/test_catalog_postgres.py#L123-L129
Tests,backend/tests/test_catalog_unit.py,MetadataConnection.publish,54,60,7,1,0,1,Low,Python,https://github.com/alejandroayalad/trinity/blob/014f3064689ff8f8fda6be264d9bb17c46497989/backend/tests/test_catalog_unit.py#L54-L60
Tests,backend/tests/test_catalog_unit.py,CatalogTests.test_no_publication_does_not_hide_latest_attempt,233,239,7,1,0,1,Low,Python,https://github.com/alejandroayalad/trinity/blob/014f3064689ff8f8fda6be264d9bb17c46497989/backend/tests/test_catalog_unit.py#L233-L239
Tests,backend/tests/test_choice_service.py,ChoiceServiceTests.test_capacity_failure_and_cancellation_close_or_prevent_execution,124,130,7,1,0,1,Low,Python,https://github.com/alejandroayalad/trinity/blob/014f3064689ff8f8fda6be264d9bb17c46497989/backend/tests/test_choice_service.py#L124-L130
Tests,backend/tests/test_config.py,EIASettingsTests.test_health_does_not_require_eia_credentials,42,48,7,1,0,1,Low,Python,https://github.com/alejandroayalad/trinity/blob/014f3064689ff8f8fda6be264d9bb17c46497989/backend/tests/test_config.py#L42-L48
Tests,backend/tests/test_dashboard_service.py,NationalServiceTests.test_rate_denial_precedes_semantic_validation_and_snapshot,146,152,7,1,0,1,Low,Python,https://github.com/alejandroayalad/trinity/blob/014f3064689ff8f8fda6be264d9bb17c46497989/backend/tests/test_dashboard_service.py#L146-L152
Tests,backend/tests/test_dashboard_service.py,NationalServiceTests.test_unfinished_refresh_and_invalid_completion,208,214,7,1,0,1,Low,Python,https://github.com/alejandroayalad/trinity/blob/014f3064689ff8f8fda6be264d9bb17c46497989/backend/tests/test_dashboard_service.py#L208-L214
Tests,backend/tests/test_eia_client.py,EIAClientTests.test_invalid_json_is_rejected,218,224,7,1,0,1,Low,Python,https://github.com/alejandroayalad/trinity/blob/014f3064689ff8f8fda6be264d9bb17c46497989/backend/tests/test_eia_client.py#L218-L224
Tests,backend/tests/test_findings_report.py,FindingsReportTests.test_existing_report_directory_is_preserved,208,214,7,1,0,1,Low,Python,https://github.com/alejandroayalad/trinity/blob/014f3064689ff8f8fda6be264d9bb17c46497989/backend/tests/test_findings_report.py#L208-L214
Tests,backend/tests/test_health.py,HealthTests.test_health_returns_process_liveness,8,14,7,1,0,1,Low,Python,https://github.com/alejandroayalad/trinity/blob/014f3064689ff8f8fda6be264d9bb17c46497989/backend/tests/test_health.py#L8-L14
Tests,backend/tests/test_prepare.py,fixture_worker.fail_sink,97,103,7,1,0,1,Low,Python,https://github.com/alejandroayalad/trinity/blob/014f3064689ff8f8fda6be264d9bb17c46497989/backend/tests/test_prepare.py#L97-L103
Tests,backend/tests/test_prepare.py,PreparationCommandTests.test_sink_failure_retains_the_completed_route_and_no_manifest,250,256,7,1,0,1,Low,Python,https://github.com/alejandroayalad/trinity/blob/014f3064689ff8f8fda6be264d9bb17c46497989/backend/tests/test_prepare.py#L250-L256
Tests,backend/tests/test_prepare.py,PreparationCommandTests.test_valid_receipt_with_late_process_exit_is_not_command_success,305,311,7,1,0,1,Low,Python,https://github.com/alejandroayalad/trinity/blob/014f3064689ff8f8fda6be264d9bb17c46497989/backend/tests/test_prepare.py#L305-L311
Tests,backend/tests/test_preview_engine.py,PreviewEngineTests.test_invalid_operation_is_rejected_before_context,90,96,7,1,0,1,Low,Python,https://github.com/alejandroayalad/trinity/blob/014f3064689ff8f8fda6be264d9bb17c46497989/backend/tests/test_preview_engine.py#L90-L96
Tests,backend/tests/test_preview_engine.py,PreviewEngineTests.test_exact_page_boundary_and_output_limit,111,117,7,1,0,1,Low,Python,https://github.com/alejandroayalad/trinity/blob/014f3064689ff8f8fda6be264d9bb17c46497989/backend/tests/test_preview_engine.py#L111-L117
Tests,backend/tests/test_preview_service.py,PreviewRouteTests.test_missing_bearer_denies_before_service_and_preview_is_disabled_by_default,201,207,7,1,0,1,Low,Python,https://github.com/alejandroayalad/trinity/blob/014f3064689ff8f8fda6be264d9bb17c46497989/backend/tests/test_preview_service.py#L201-L207
Tests,backend/tests/test_preview_unit.py,publication,55,61,7,1,0,1,Low,Python,https://github.com/alejandroayalad/trinity/blob/014f3064689ff8f8fda6be264d9bb17c46497989/backend/tests/test_preview_unit.py#L55-L61
Tests,backend/tests/test_query_guarantees.py,QueryGuaranteeTests.expire,76,82,7,1,0,1,Low,Python,https://github.com/alejandroayalad/trinity/blob/014f3064689ff8f8fda6be264d9bb17c46497989/backend/tests/test_query_guarantees.py#L76-L82
Tests,backend/tests/test_refresh_admission.py,AdmissionTests.test_same_key_different_current_admin_is_a_conflict,161,167,7,1,0,1,Low,Python,https://github.com/alejandroayalad/trinity/blob/014f3064689ff8f8fda6be264d9bb17c46497989/backend/tests/test_refresh_admission.py#L161-L167
Tests,backend/tests/test_refresh_candidates.py,CandidateTests.test_crash_after_commit_before_acknowledgment_never_registers_twice,187,193,7,1,0,1,Low,Python,https://github.com/alejandroayalad/trinity/blob/014f3064689ff8f8fda6be264d9bb17c46497989/backend/tests/test_refresh_candidates.py#L187-L193
Tests,backend/tests/test_refresh_discovery.py,DiscoveryTests.test_failed_custody_prevents_http,30,36,7,1,0,1,Low,Python,https://github.com/alejandroayalad/trinity/blob/014f3064689ff8f8fda6be264d9bb17c46497989/backend/tests/test_refresh_discovery.py#L30-L36
Tests,backend/tests/test_refresh_dispatch.py,DispatchTests.setUp,33,39,7,1,0,1,Low,Python,https://github.com/alejandroayalad/trinity/blob/014f3064689ff8f8fda6be264d9bb17c46497989/backend/tests/test_refresh_dispatch.py#L33-L39
Tests,backend/tests/test_refresh_postgres.py,RefreshPostgresTests.test_wrong_attempt_and_stale_fence_leave_candidate_unvalidated,133,139,7,1,0,1,Low,Python,https://github.com/alejandroayalad/trinity/blob/014f3064689ff8f8fda6be264d9bb17c46497989/backend/tests/test_refresh_postgres.py#L133-L139
Tests,backend/tests/test_refresh_recovery.py,EligibilityTests.publication,150,156,7,1,0,1,Low,Python,https://github.com/alejandroayalad/trinity/blob/014f3064689ff8f8fda6be264d9bb17c46497989/backend/tests/test_refresh_recovery.py#L150-L156
Tests,backend/tests/test_refresh_recovery.py,EligibilityTests.test_reclaimed_owner_must_match_stop_record,183,189,7,1,0,1,Low,Python,https://github.com/alejandroayalad/trinity/blob/014f3064689ff8f8fda6be264d9bb17c46497989/backend/tests/test_refresh_recovery.py#L183-L189
Tests,backend/tests/test_refresh_recovery_runtime.py,RecoveryRuntimeTests.test_rerun_excludes_manual_start,82,88,7,1,0,1,Low,Python,https://github.com/alejandroayalad/trinity/blob/014f3064689ff8f8fda6be264d9bb17c46497989/backend/tests/test_refresh_recovery_runtime.py#L82-L88
Tests,backend/tests/test_refresh_recovery_service.py,RecoveryServiceTests.resolve_warning,123,129,7,1,0,1,Low,Python,https://github.com/alejandroayalad/trinity/blob/014f3064689ff8f8fda6be264d9bb17c46497989/backend/tests/test_refresh_recovery_service.py#L123-L129
Tests,backend/tests/test_refresh_recovery_service.py,RecoveryServiceTests.test_delete_tracks_old_run_without_admission_or_settings_lock,147,153,7,1,0,1,Low,Python,https://github.com/alejandroayalad/trinity/blob/014f3064689ff8f8fda6be264d9bb17c46497989/backend/tests/test_refresh_recovery_service.py#L147-L153
Tests,backend/tests/test_refresh_recovery_service.py,RecoveryProjectionTests.setUp,382,388,7,1,0,1,Low,Python,https://github.com/alejandroayalad/trinity/blob/014f3064689ff8f8fda6be264d9bb17c46497989/backend/tests/test_refresh_recovery_service.py#L382-L388
Tests,backend/tests/test_registration_budget.py,run_with,12,18,7,1,0,1,Low,Python,https://github.com/alejandroayalad/trinity/blob/014f3064689ff8f8fda6be264d9bb17c46497989/backend/tests/test_registration_budget.py#L12-L18
Tests,backend/tests/test_schedule_unit.py,DueOccurrenceTests.test_window_edges,93,99,7,1,0,1,Low,Python,https://github.com/alejandroayalad/trinity/blob/014f3064689ff8f8fda6be264d9bb17c46497989/backend/tests/test_schedule_unit.py#L93-L99
Tests,backend/tests/test_scheduler_unit.py,SchedulerLogTests.run_loop,39,45,7,1,0,1,Low,Python,https://github.com/alejandroayalad/trinity/blob/014f3064689ff8f8fda6be264d9bb17c46497989/backend/tests/test_scheduler_unit.py#L39-L45
Tests,backend/tests/test_settings_service.py,settings_row,36,42,7,1,0,1,Low,Python,https://github.com/alejandroayalad/trinity/blob/014f3064689ff8f8fda6be264d9bb17c46497989/backend/tests/test_settings_service.py#L36-L42
Tests,backend/tests/test_settings_service.py,OperatorScheduleCheckTests.test_a_new_run_fails_the_check,374,380,7,1,0,1,Low,Python,https://github.com/alejandroayalad/trinity/blob/014f3064689ff8f8fda6be264d9bb17c46497989/backend/tests/test_settings_service.py#L374-L380
Tests,backend/tests/test_sql_lifecycle.py,LifecycleTests.setUp,21,27,7,1,0,1,Low,Python,https://github.com/alejandroayalad/trinity/blob/014f3064689ff8f8fda6be264d9bb17c46497989/backend/tests/test_sql_lifecycle.py#L21-L27
Tests,backend/tests/test_sql_lifecycle.py,LifecycleTests.test_daemon_or_cleanup_failure_never_releases,47,53,7,1,0,1,Low,Python,https://github.com/alejandroayalad/trinity/blob/014f3064689ff8f8fda6be264d9bb17c46497989/backend/tests/test_sql_lifecycle.py#L47-L53
Tests,backend/tests/test_sql_postgres.py,QueryPostgresTests.test_publication_pin_survives_pointer_change,101,107,7,1,0,1,Low,Python,https://github.com/alejandroayalad/trinity/blob/014f3064689ff8f8fda6be264d9bb17c46497989/backend/tests/test_sql_postgres.py#L101-L107
Tests,backend/tests/test_sql_review_scaffold.py,SqlReviewScaffoldTests.test_comma_from_is_a_join_and_in_subquery_has_a_query_argument,71,77,7,1,0,1,Low,Python,https://github.com/alejandroayalad/trinity/blob/014f3064689ff8f8fda6be264d9bb17c46497989/backend/tests/test_sql_review_scaffold.py#L71-L77
Tests,backend/tests/test_sql_staging.py,StagingTests.test_symlink_root_and_existing_request_are_not_replaced,96,102,7,1,0,1,Low,Python,https://github.com/alejandroayalad/trinity/blob/014f3064689ff8f8fda6be264d9bb17c46497989/backend/tests/test_sql_staging.py#L96-L102
Tests,backend/tests/test_validate.py,ValidationTests.test_journal_cannot_lose_result_rows_while_retaining_completion,577,583,7,1,0,1,Low,Python,https://github.com/alejandroayalad/trinity/blob/014f3064689ff8f8fda6be264d9bb17c46497989/backend/tests/test_validate.py#L577-L583
Tools and migrations,deploy/check_web.py,WebRoutingChecks.test_asset_caching_and_missing_asset,101,107,7,1,0,1,Low,Python,https://github.com/alejandroayalad/trinity/blob/014f3064689ff8f8fda6be264d9bb17c46497989/deploy/check_web.py#L101-L107
Tools and migrations,deploy/check_web.py,WebRoutingChecks.test_z_unavailable_api_is_not_spa_html,127,133,7,1,0,1,Low,Python,https://github.com/alejandroayalad/trinity/blob/014f3064689ff8f8fda6be264d9bb17c46497989/deploy/check_web.py#L127-L133
Tests,frontend/src/api/client.test.ts,<callback@24>.<callback@127>,127,133,7,1,0,1,Low,TypeScript/JavaScript,https://github.com/alejandroayalad/trinity/blob/014f3064689ff8f8fda6be264d9bb17c46497989/frontend/src/api/client.test.ts#L127-L133
Production,frontend/src/api/endpoints.ts,sendCandidateCommand,75,81,7,1,0,1,Low,TypeScript/JavaScript,https://github.com/alejandroayalad/trinity/blob/014f3064689ff8f8fda6be264d9bb17c46497989/frontend/src/api/endpoints.ts#L75-L81
Production,frontend/src/components/data/ListTable.tsx,ListTable.<callback@26>,26,32,7,1,0,1,Low,TypeScript/JavaScript,https://github.com/alejandroayalad/trinity/blob/014f3064689ff8f8fda6be264d9bb17c46497989/frontend/src/components/data/ListTable.tsx#L26-L32
Tests,frontend/src/lib/dates.test.ts,<callback@17>.<callback@45>,45,51,7,1,0,1,Low,TypeScript/JavaScript,https://github.com/alejandroayalad/trinity/blob/014f3064689ff8f8fda6be264d9bb17c46497989/frontend/src/lib/dates.test.ts#L45-L51
Tests,frontend/src/pages/pages.test.tsx,<callback@111>,111,117,7,1,0,1,Low,TypeScript/JavaScript,https://github.com/alejandroayalad/trinity/blob/014f3064689ff8f8fda6be264d9bb17c46497989/frontend/src/pages/pages.test.tsx#L111-L117
Production,frontend/src/pages/sql/SqlExplorer.tsx,SchemaTree,31,37,7,1,0,1,Low,TypeScript/JavaScript,https://github.com/alejandroayalad/trinity/blob/014f3064689ff8f8fda6be264d9bb17c46497989/frontend/src/pages/sql/SqlExplorer.tsx#L31-L37
Production,frontend/src/session/SessionProvider.tsx,SessionProvider.<callback@98>,98,104,7,1,0,1,Low,TypeScript/JavaScript,https://github.com/alejandroayalad/trinity/blob/014f3064689ff8f8fda6be264d9bb17c46497989/frontend/src/session/SessionProvider.tsx#L98-L104
Tests,frontend/tests/e2e/fidelity.spec.ts,<callback@86>,86,92,7,1,0,1,Low,TypeScript/JavaScript,https://github.com/alejandroayalad/trinity/blob/014f3064689ff8f8fda6be264d9bb17c46497989/frontend/tests/e2e/fidelity.spec.ts#L86-L92
Tests,frontend/tests/e2e/fidelity.spec.ts,<callback@94>,94,100,7,1,0,1,Low,TypeScript/JavaScript,https://github.com/alejandroayalad/trinity/blob/014f3064689ff8f8fda6be264d9bb17c46497989/frontend/tests/e2e/fidelity.spec.ts#L94-L100
Tests,frontend/tests/e2e/fidelity.spec.ts,<callback@159>,159,165,7,1,0,1,Low,TypeScript/JavaScript,https://github.com/alejandroayalad/trinity/blob/014f3064689ff8f8fda6be264d9bb17c46497989/frontend/tests/e2e/fidelity.spec.ts#L159-L165
Tests,frontend/tests/e2e/presentation.spec.ts,<callback@13>.<callback@30>,30,36,7,1,0,1,Low,TypeScript/JavaScript,https://github.com/alejandroayalad/trinity/blob/014f3064689ff8f8fda6be264d9bb17c46497989/frontend/tests/e2e/presentation.spec.ts#L30-L36
Tools and migrations,backend/migrations/versions/0004_preview_evidence.py,downgrade,23,28,6,1,0,1,Low,Python,https://github.com/alejandroayalad/trinity/blob/014f3064689ff8f8fda6be264d9bb17c46497989/backend/migrations/versions/0004_preview_evidence.py#L23-L28
Production,backend/src/trinity/auth/passwords.py,hash_password,15,20,6,1,0,1,Low,Python,https://github.com/alejandroayalad/trinity/blob/014f3064689ff8f8fda6be264d9bb17c46497989/backend/src/trinity/auth/passwords.py#L15-L20
Production,backend/src/trinity/connector/client.py,EIAClient.fetch_national,350,355,6,1,0,1,Low,Python,https://github.com/alejandroayalad/trinity/blob/014f3064689ff8f8fda6be264d9bb17c46497989/backend/src/trinity/connector/client.py#L350-L355
Production,backend/src/trinity/connector/client.py,EIAClient.fetch_facility,357,362,6,1,0,1,Low,Python,https://github.com/alejandroayalad/trinity/blob/014f3064689ff8f8fda6be264d9bb17c46497989/backend/src/trinity/connector/client.py#L357-L362
Production,backend/src/trinity/connector/client.py,EIAClient.fetch_generator,364,369,6,1,0,1,Low,Python,https://github.com/alejandroayalad/trinity/blob/014f3064689ff8f8fda6be264d9bb17c46497989/backend/src/trinity/connector/client.py#L364-L369
Production,backend/src/trinity/connector/normalize.py,NormalizationError.__init__,30,35,6,1,0,1,Low,Python,https://github.com/alejandroayalad/trinity/blob/014f3064689ff8f8fda6be264d9bb17c46497989/backend/src/trinity/connector/normalize.py#L30-L35
Production,backend/src/trinity/connector/pipeline.py,prepare_candidate.route_start,482,487,6,1,0,1,Low,Python,https://github.com/alejandroayalad/trinity/blob/014f3064689ff8f8fda6be264d9bb17c46497989/backend/src/trinity/connector/pipeline.py#L482-L487
Production,backend/src/trinity/connector/validate.py,_Journal.__init__,629,634,6,1,0,1,Low,Python,https://github.com/alejandroayalad/trinity/blob/014f3064689ff8f8fda6be264d9bb17c46497989/backend/src/trinity/connector/validate.py#L629-L634
Production,backend/src/trinity/contracts/manifest.py,canonical_json,54,59,6,1,0,1,Low,Python,https://github.com/alejandroayalad/trinity/blob/014f3064689ff8f8fda6be264d9bb17c46497989/backend/src/trinity/contracts/manifest.py#L54-L59
Production,backend/src/trinity/errors.py,Problem.__init__,17,22,6,1,0,1,Low,Python,https://github.com/alejandroayalad/trinity/blob/014f3064689ff8f8fda6be264d9bb17c46497989/backend/src/trinity/errors.py#L17-L22
Production,backend/src/trinity/queries/repository.py,release_removed,65,70,6,1,0,1,Low,Python,https://github.com/alejandroayalad/trinity/blob/014f3064689ff8f8fda6be264d9bb17c46497989/backend/src/trinity/queries/repository.py#L65-L70
Production,backend/src/trinity/refresh/candidates.py,detail,182,187,6,1,0,1,Low,Python,https://github.com/alejandroayalad/trinity/blob/014f3064689ff8f8fda6be264d9bb17c46497989/backend/src/trinity/refresh/candidates.py#L182-L187
Production,backend/src/trinity/refresh/execution.py,ExecutionService.heartbeat,108,113,6,1,0,1,Low,Python,https://github.com/alejandroayalad/trinity/blob/014f3064689ff8f8fda6be264d9bb17c46497989/backend/src/trinity/refresh/execution.py#L108-L113
Production,backend/src/trinity/refresh/repository.py,read_last_refresh,198,203,6,1,0,1,Low,Python,https://github.com/alejandroayalad/trinity/blob/014f3064689ff8f8fda6be264d9bb17c46497989/backend/src/trinity/refresh/repository.py#L198-L203
Production,backend/src/trinity/refresh/service.py,_receipt,25,30,6,1,0,1,Low,Python,https://github.com/alejandroayalad/trinity/blob/014f3064689ff8f8fda6be264d9bb17c46497989/backend/src/trinity/refresh/service.py#L25-L30
Production,backend/src/trinity/settings/service.py,_response,44,49,6,1,0,1,Low,Python,https://github.com/alejandroayalad/trinity/blob/014f3064689ff8f8fda6be264d9bb17c46497989/backend/src/trinity/settings/service.py#L44-L49
Tests,backend/tests/postgres_fixture.py,PostgresFixture.login,68,73,6,1,0,1,Low,Python,https://github.com/alejandroayalad/trinity/blob/014f3064689ff8f8fda6be264d9bb17c46497989/backend/tests/postgres_fixture.py#L68-L73
Tests,backend/tests/test_auth_postgres.py,PostgresAuthTests.test_denied_settings_never_reads_the_repository,149,154,6,1,0,1,Low,Python,https://github.com/alejandroayalad/trinity/blob/014f3064689ff8f8fda6be264d9bb17c46497989/backend/tests/test_auth_postgres.py#L149-L154
Tests,backend/tests/test_auth_unit.py,PasswordTests.test_hash_concurrency_rejects_before_spawn,71,76,6,1,0,1,Low,Python,https://github.com/alejandroayalad/trinity/blob/014f3064689ff8f8fda6be264d9bb17c46497989/backend/tests/test_auth_unit.py#L71-L76
Tests,backend/tests/test_choices.py,ChoiceTests.test_runtime_output_size_failure_has_no_partial_page,167,172,6,1,0,1,Low,Python,https://github.com/alejandroayalad/trinity/blob/014f3064689ff8f8fda6be264d9bb17c46497989/backend/tests/test_choices.py#L167-L172
Tests,backend/tests/test_dashboard_service.py,NationalServiceTests.test_metadata_is_retained_when_controlled_active_pointer_changes.execute,217,222,6,1,0,1,Low,Python,https://github.com/alejandroayalad/trinity/blob/014f3064689ff8f8fda6be264d9bb17c46497989/backend/tests/test_dashboard_service.py#L217-L222
Tests,backend/tests/test_dashboard_service.py,NationalServiceTests.test_capacity_failure_closes_adapter_and_retains_debit,255,260,6,1,0,1,Low,Python,https://github.com/alejandroayalad/trinity/blob/014f3064689ff8f8fda6be264d9bb17c46497989/backend/tests/test_dashboard_service.py#L255-L260
Tests,backend/tests/test_dashboard_service.py,NationalServiceTests.test_cancelled_preflight_never_debits_or_executes,262,267,6,1,0,1,Low,Python,https://github.com/alejandroayalad/trinity/blob/014f3064689ff8f8fda6be264d9bb17c46497989/backend/tests/test_dashboard_service.py#L262-L267
Tests,backend/tests/test_eia_client.py,EIAClientTests.setUp,53,58,6,1,0,1,Low,Python,https://github.com/alejandroayalad/trinity/blob/014f3064689ff8f8fda6be264d9bb17c46497989/backend/tests/test_eia_client.py#L53-L58
Tests,backend/tests/test_eia_client.py,EIAClientTests.test_permanent_http_failures_do_not_retry_or_follow_redirects.handler,143,148,6,1,0,1,Low,Python,https://github.com/alejandroayalad/trinity/blob/014f3064689ff8f8fda6be264d9bb17c46497989/backend/tests/test_eia_client.py#L143-L148
Tests,backend/tests/test_eia_pagination.py,PaginationTests.setUp,48,53,6,1,0,1,Low,Python,https://github.com/alejandroayalad/trinity/blob/014f3064689ff8f8fda6be264d9bb17c46497989/backend/tests/test_eia_pagination.py#L48-L53
Tests,backend/tests/test_eia_pagination.py,PaginationTests.test_total_deadline_cancels_an_inflight_request.handler,258,263,6,1,0,1,Low,Python,https://github.com/alejandroayalad/trinity/blob/014f3064689ff8f8fda6be264d9bb17c46497989/backend/tests/test_eia_pagination.py#L258-L263
Tests,backend/tests/test_findings_report.py,FindingsReportTests.test_weighted_zero_capacity_is_unknown,132,137,6,1,0,1,Low,Python,https://github.com/alejandroayalad/trinity/blob/014f3064689ff8f8fda6be264d9bb17c46497989/backend/tests/test_findings_report.py#L132-L137
Tests,backend/tests/test_parquet.py,FileFixture.setUp,91,96,6,1,0,1,Low,Python,https://github.com/alejandroayalad/trinity/blob/014f3064689ff8f8fda6be264d9bb17c46497989/backend/tests/test_parquet.py#L91-L96
Tests,backend/tests/test_prepare.py,PreparationCommandTests.test_cancel_between_stages_preserves_manifest_without_validation_success,238,243,6,1,0,1,Low,Python,https://github.com/alejandroayalad/trinity/blob/014f3064689ff8f8fda6be264d9bb17c46497989/backend/tests/test_prepare.py#L238-L243
Tests,backend/tests/test_prepare.py,PreparationCommandTests.test_overall_deadline_stops_child_even_before_first_stage,324,329,6,1,0,1,Low,Python,https://github.com/alejandroayalad/trinity/blob/014f3064689ff8f8fda6be264d9bb17c46497989/backend/tests/test_prepare.py#L324-L329
Tests,backend/tests/test_preview_lifecycle.py,PreviewLifecycleTests.test_success_signs_only_after_bound_output_and_returns_after_cleanup,64,69,6,1,0,1,Low,Python,https://github.com/alejandroayalad/trinity/blob/014f3064689ff8f8fda6be264d9bb17c46497989/backend/tests/test_preview_lifecycle.py#L64-L69
Tests,backend/tests/test_preview_lifecycle.py,PreviewLifecycleTests.test_attach_close_failure_still_attempts_owned_cleanup,139,144,6,1,0,1,Low,Python,https://github.com/alejandroayalad/trinity/blob/014f3064689ff8f8fda6be264d9bb17c46497989/backend/tests/test_preview_lifecycle.py#L139-L144
Tests,backend/tests/test_preview_lifecycle.py,PreviewLifecycleTests.test_unknown_termination_never_releases_capacity,146,151,6,1,0,1,Low,Python,https://github.com/alejandroayalad/trinity/blob/014f3064689ff8f8fda6be264d9bb17c46497989/backend/tests/test_preview_lifecycle.py#L146-L151
Tests,backend/tests/test_preview_unit.py,PreviewInputTests.test_leap_year_and_no_clamping,172,177,6,1,0,1,Low,Python,https://github.com/alejandroayalad/trinity/blob/014f3064689ff8f8fda6be264d9bb17c46497989/backend/tests/test_preview_unit.py#L172-L177
Tests,backend/tests/test_publication_postgres.py,PublicationPostgresTests.test_operator_does_not_infer_stop_from_legacy_empty_ownership,361,366,6,1,0,1,Low,Python,https://github.com/alejandroayalad/trinity/blob/014f3064689ff8f8fda6be264d9bb17c46497989/backend/tests/test_publication_postgres.py#L361-L366
Tests,backend/tests/test_query_guarantees.py,QueryGuaranteeTests.recover,84,89,6,1,0,1,Low,Python,https://github.com/alejandroayalad/trinity/blob/014f3064689ff8f8fda6be264d9bb17c46497989/backend/tests/test_query_guarantees.py#L84-L89
Tests,backend/tests/test_refresh_candidates.py,CandidateTests.tearDown,76,81,6,1,0,1,Low,Python,https://github.com/alejandroayalad/trinity/blob/014f3064689ff8f8fda6be264d9bb17c46497989/backend/tests/test_refresh_candidates.py#L76-L81
Tests,backend/tests/test_refresh_candidates.py,CandidateTests.test_registration_remote_reads_have_no_open_database_transaction.transaction,338,343,6,1,0,1,Low,Python,https://github.com/alejandroayalad/trinity/blob/014f3064689ff8f8fda6be264d9bb17c46497989/backend/tests/test_refresh_candidates.py#L338-L343
Tests,backend/tests/test_refresh_discovery.py,DiscoveryTests.test_descending_one_row_and_sanitized_evidence.response,12,17,6,1,0,1,Low,Python,https://github.com/alejandroayalad/trinity/blob/014f3064689ff8f8fda6be264d9bb17c46497989/backend/tests/test_refresh_discovery.py#L12-L17
Tests,backend/tests/test_refresh_recovery.py,EvidenceConnection.__init__,88,93,6,1,0,1,Low,Python,https://github.com/alejandroayalad/trinity/blob/014f3064689ff8f8fda6be264d9bb17c46497989/backend/tests/test_refresh_recovery.py#L88-L93
Tests,backend/tests/test_refresh_recovery.py,EligibilityTests.test_incomplete_failure_or_running_step_is_rejected,202,207,6,1,0,1,Low,Python,https://github.com/alejandroayalad/trinity/blob/014f3064689ff8f8fda6be264d9bb17c46497989/backend/tests/test_refresh_recovery.py#L202-L207
Tests,backend/tests/test_refresh_recovery.py,EligibilityTests.test_preclaim_policy_rejection_requires_dispatch,261,266,6,1,0,1,Low,Python,https://github.com/alejandroayalad/trinity/blob/014f3064689ff8f8fda6be264d9bb17c46497989/backend/tests/test_refresh_recovery.py#L261-L266
Tests,backend/tests/test_refresh_recovery.py,EligibilityTests.test_publication_requires_current_generation_failure_step,281,286,6,1,0,1,Low,Python,https://github.com/alejandroayalad/trinity/blob/014f3064689ff8f8fda6be264d9bb17c46497989/backend/tests/test_refresh_recovery.py#L281-L286
Tests,backend/tests/test_refresh_recovery.py,EligibilityTests.test_database_failure_propagates_to_service_wrapper,306,311,6,1,0,1,Low,Python,https://github.com/alejandroayalad/trinity/blob/014f3064689ff8f8fda6be264d9bb17c46497989/backend/tests/test_refresh_recovery.py#L306-L311
Tests,backend/tests/test_refresh_recovery_runtime.py,RecoveryRuntimeTests.test_rerun_excludes_scheduled_admission_primitive,113,118,6,1,0,1,Low,Python,https://github.com/alejandroayalad/trinity/blob/014f3064689ff8f8fda6be264d9bb17c46497989/backend/tests/test_refresh_recovery_runtime.py#L113-L118
Tests,backend/tests/test_refresh_recovery_runtime.py,RecoveryRuntimeTests.test_settings_writer_and_rerun_keep_one_committed_snapshot.update,131,136,6,1,0,1,Low,Python,https://github.com/alejandroayalad/trinity/blob/014f3064689ff8f8fda6be264d9bb17c46497989/backend/tests/test_refresh_recovery_runtime.py#L131-L136
Tests,backend/tests/test_refresh_recovery_service.py,RecoveryServiceTests.mock,82,87,6,1,0,1,Low,Python,https://github.com/alejandroayalad/trinity/blob/014f3064689ff8f8fda6be264d9bb17c46497989/backend/tests/test_refresh_recovery_service.py#L82-L87
Tests,backend/tests/test_refresh_recovery_service.py,RecoveryServiceTests.load_target,101,106,6,1,0,1,Low,Python,https://github.com/alejandroayalad/trinity/blob/014f3064689ff8f8fda6be264d9bb17c46497989/backend/tests/test_refresh_recovery_service.py#L101-L106
Tests,backend/tests/test_refresh_recovery_service.py,RecoveryServiceTests.test_missing_target_is_safe_not_found,237,242,6,1,0,1,Low,Python,https://github.com/alejandroayalad/trinity/blob/014f3064689ff8f8fda6be264d9bb17c46497989/backend/tests/test_refresh_recovery_service.py#L237-L242
Tests,backend/tests/test_refresh_worker.py,WorkerTests.test_empty_discovery_has_no_version_and_one_failed_run,130,135,6,1,0,1,Low,Python,https://github.com/alejandroayalad/trinity/blob/014f3064689ff8f8fda6be264d9bb17c46497989/backend/tests/test_refresh_worker.py#L130-L135
Tests,backend/tests/test_refresh_worker.py,WorkerTests.test_partial_validation_process_crash_imports_only_completed_rows,137,142,6,1,0,1,Low,Python,https://github.com/alejandroayalad/trinity/blob/014f3064689ff8f8fda6be264d9bb17c46497989/backend/tests/test_refresh_worker.py#L137-L142
Tests,backend/tests/test_refresh_worker.py,WorkerTests.test_unsupported_durable_policy_fails_before_external_work,273,278,6,1,0,1,Low,Python,https://github.com/alejandroayalad/trinity/blob/014f3064689ff8f8fda6be264d9bb17c46497989/backend/tests/test_refresh_worker.py#L273-L278
Tests,backend/tests/test_schedule_unit.py,DueOccurrenceTests.test_occurrence_must_be_after_the_effective_save,101,106,6,1,0,1,Low,Python,https://github.com/alejandroayalad/trinity/blob/014f3064689ff8f8fda6be264d9bb17c46497989/backend/tests/test_schedule_unit.py#L101-L106
Tests,backend/tests/test_schedule_unit.py,DueOccurrenceTests.test_window_crossing_local_midnight,108,113,6,1,0,1,Low,Python,https://github.com/alejandroayalad/trinity/blob/014f3064689ff8f8fda6be264d9bb17c46497989/backend/tests/test_schedule_unit.py#L108-L113
Tests,backend/tests/test_schedule_unit.py,DueOccurrenceTests.test_not_due_when_disabled_not_set_up_or_in_a_gap,115,120,6,1,0,1,Low,Python,https://github.com/alejandroayalad/trinity/blob/014f3064689ff8f8fda6be264d9bb17c46497989/backend/tests/test_schedule_unit.py#L115-L120
Tests,backend/tests/test_schedule_unit.py,ScheduleStatusTests.test_valid_status_serializes_utc_with_z,206,211,6,1,0,1,Low,Python,https://github.com/alejandroayalad/trinity/blob/014f3064689ff8f8fda6be264d9bb17c46497989/backend/tests/test_schedule_unit.py#L206-L211
Tests,backend/tests/test_scheduler_postgres.py,SchedulerPostgresTests.schedule,87,92,6,1,0,1,Low,Python,https://github.com/alejandroayalad/trinity/blob/014f3064689ff8f8fda6be264d9bb17c46497989/backend/tests/test_scheduler_postgres.py#L87-L92
Tests,backend/tests/test_scheduler_postgres.py,SchedulerPostgresTests.test_down_for_a_day_starts_only_the_current_occurrence,152,157,6,1,0,1,Low,Python,https://github.com/alejandroayalad/trinity/blob/014f3064689ff8f8fda6be264d9bb17c46497989/backend/tests/test_scheduler_postgres.py#L152-L157
Tests,backend/tests/test_scheduler_unit.py,SchedulerLogTests.test_exception_text_is_never_logged,47,52,6,1,0,1,Low,Python,https://github.com/alejandroayalad/trinity/blob/014f3064689ff8f8fda6be264d9bb17c46497989/backend/tests/test_scheduler_unit.py#L47-L52
Tests,backend/tests/test_settings_service.py,UpdateOrderTests.test_stale_revision_writes_nothing_even_for_identical_values,141,146,6,1,0,1,Low,Python,https://github.com/alejandroayalad/trinity/blob/014f3064689ff8f8fda6be264d9bb17c46497989/backend/tests/test_settings_service.py#L141-L146
Tests,backend/tests/test_settings_service.py,StatusTests.test_enabled_idle,204,209,6,1,0,1,Low,Python,https://github.com/alejandroayalad/trinity/blob/014f3064689ff8f8fda6be264d9bb17c46497989/backend/tests/test_settings_service.py#L204-L209
Tests,backend/tests/test_settings_service.py,StatusTests.test_blocked_schedule_still_reports_next_check,219,224,6,1,0,1,Low,Python,https://github.com/alejandroayalad/trinity/blob/014f3064689ff8f8fda6be264d9bb17c46497989/backend/tests/test_settings_service.py#L219-L224
Tests,backend/tests/test_settings_service.py,HttpTests.setUp,261,266,6,1,0,1,Low,Python,https://github.com/alejandroayalad/trinity/blob/014f3064689ff8f8fda6be264d9bb17c46497989/backend/tests/test_settings_service.py#L261-L266
Tests,backend/tests/test_sql_lifecycle.py,LifecycleTests.test_ambiguous_create_retains_capacity_when_name_is_absent,29,34,6,1,0,1,Low,Python,https://github.com/alejandroayalad/trinity/blob/014f3064689ff8f8fda6be264d9bb17c46497989/backend/tests/test_sql_lifecycle.py#L29-L34
Tests,backend/tests/test_sql_policy.py,SqlPolicyTests.test_message_is_closed_and_canonical,75,80,6,1,0,1,Low,Python,https://github.com/alejandroayalad/trinity/blob/014f3064689ff8f8fda6be264d9bb17c46497989/backend/tests/test_sql_policy.py#L75-L80
Tests,backend/tests/test_sql_policy.py,SqlPolicyTests.test_actual_subprocess_and_rejection,82,87,6,1,0,1,Low,Python,https://github.com/alejandroayalad/trinity/blob/014f3064689ff8f8fda6be264d9bb17c46497989/backend/tests/test_sql_policy.py#L82-L87
Tests,backend/tests/test_sql_postgres.py,QueryPostgresTests.test_loopback_http_real_database_supervisor_and_query_container.BridgeDocker.create,149,154,6,1,0,1,Low,Python,https://github.com/alejandroayalad/trinity/blob/014f3064689ff8f8fda6be264d9bb17c46497989/backend/tests/test_sql_postgres.py#L149-L154
Tests,backend/tests/test_sql_review_scaffold.py,parse_example,19,24,6,1,0,1,Low,Python,https://github.com/alejandroayalad/trinity/blob/014f3064689ff8f8fda6be264d9bb17c46497989/backend/tests/test_sql_review_scaffold.py#L19-L24
Tests,backend/tests/test_sql_review_scaffold.py,SqlReviewScaffoldTests.test_a_table_node_can_wrap_a_file_reader,64,69,6,1,0,1,Low,Python,https://github.com/alejandroayalad/trinity/blob/014f3064689ff8f8fda6be264d9bb17c46497989/backend/tests/test_sql_review_scaffold.py#L64-L69
Tests,backend/tests/test_sql_review_scaffold.py,SqlReviewScaffoldTests.test_hint_and_scientific_notation_need_more_than_node_names,79,84,6,1,0,1,Low,Python,https://github.com/alejandroayalad/trinity/blob/014f3064689ff8f8fda6be264d9bb17c46497989/backend/tests/test_sql_review_scaffold.py#L79-L84
Production,frontend/scripts/check-build.mjs,files,18,23,6,1,0,1,Low,TypeScript/JavaScript,https://github.com/alejandroayalad/trinity/blob/014f3064689ff8f8fda6be264d9bb17c46497989/frontend/scripts/check-build.mjs#L18-L23
Production,frontend/src/api/endpoints.ts,getPreview,46,51,6,1,0,1,Low,TypeScript/JavaScript,https://github.com/alejandroayalad/trinity/blob/014f3064689ff8f8fda6be264d9bb17c46497989/frontend/src/api/endpoints.ts#L46-L51
Tests,frontend/src/lib/dates.test.ts,<callback@17>.<callback@53>,53,58,6,1,0,1,Low,TypeScript/JavaScript,https://github.com/alejandroayalad/trinity/blob/014f3064689ff8f8fda6be264d9bb17c46497989/frontend/src/lib/dates.test.ts#L53-L58
Tests,frontend/src/lib/decimal.test.ts,<callback@26>.<callback@89>,89,94,6,1,0,1,Low,TypeScript/JavaScript,https://github.com/alejandroayalad/trinity/blob/014f3064689ff8f8fda6be264d9bb17c46497989/frontend/src/lib/decimal.test.ts#L89-L94
Tests,frontend/src/lib/ids.test.ts,<callback@4>,4,9,6,1,0,1,Low,TypeScript/JavaScript,https://github.com/alejandroayalad/trinity/blob/014f3064689ff8f8fda6be264d9bb17c46497989/frontend/src/lib/ids.test.ts#L4-L9
Production,frontend/src/lib/useReducedMotion.ts,useReducedMotion.<callback@6>,6,11,6,1,0,1,Low,TypeScript/JavaScript,https://github.com/alejandroayalad/trinity/blob/014f3064689ff8f8fda6be264d9bb17c46497989/frontend/src/lib/useReducedMotion.ts#L6-L11
Tests,frontend/src/pages/explorer-state.test.tsx,mount,26,31,6,1,0,1,Low,TypeScript/JavaScript,https://github.com/alejandroayalad/trinity/blob/014f3064689ff8f8fda6be264d9bb17c46497989/frontend/src/pages/explorer-state.test.tsx#L26-L31
Tests,frontend/src/pages/explorer-state.test.tsx,<callback@173>,173,178,6,1,0,1,Low,TypeScript/JavaScript,https://github.com/alejandroayalad/trinity/blob/014f3064689ff8f8fda6be264d9bb17c46497989/frontend/src/pages/explorer-state.test.tsx#L173-L178
Tests,frontend/src/pages/pages.test.tsx,mount,23,28,6,1,0,1,Low,TypeScript/JavaScript,https://github.com/alejandroayalad/trinity/blob/014f3064689ff8f8fda6be264d9bb17c46497989/frontend/src/pages/pages.test.tsx#L23-L28
Tests,frontend/src/pages/pages.test.tsx,<callback@46>,46,51,6,1,0,1,Low,TypeScript/JavaScript,https://github.com/alejandroayalad/trinity/blob/014f3064689ff8f8fda6be264d9bb17c46497989/frontend/src/pages/pages.test.tsx#L46-L51
Tests,frontend/src/pages/pages.test.tsx,<callback@52>,52,57,6,1,0,1,Low,TypeScript/JavaScript,https://github.com/alejandroayalad/trinity/blob/014f3064689ff8f8fda6be264d9bb17c46497989/frontend/src/pages/pages.test.tsx#L52-L57
Tests,frontend/src/pages/qa01.test.tsx,mount,32,37,6,1,0,1,Low,TypeScript/JavaScript,https://github.com/alejandroayalad/trinity/blob/014f3064689ff8f8fda6be264d9bb17c46497989/frontend/src/pages/qa01.test.tsx#L32-L37
Tools and migrations,frontend/src/test/fetchStub.ts,json,28,33,6,1,0,1,Low,TypeScript/JavaScript,https://github.com/alejandroayalad/trinity/blob/014f3064689ff8f8fda6be264d9bb17c46497989/frontend/src/test/fetchStub.ts#L28-L33
Tests,frontend/tests/e2e/fidelity.spec.ts,<callback@37>,37,42,6,1,0,1,Low,TypeScript/JavaScript,https://github.com/alejandroayalad/trinity/blob/014f3064689ff8f8fda6be264d9bb17c46497989/frontend/tests/e2e/fidelity.spec.ts#L37-L42
Tests,frontend/tests/e2e/fidelity.spec.ts,<callback@63>,63,68,6,1,0,1,Low,TypeScript/JavaScript,https://github.com/alejandroayalad/trinity/blob/014f3064689ff8f8fda6be264d9bb17c46497989/frontend/tests/e2e/fidelity.spec.ts#L63-L68
Tests,frontend/tests/e2e/fidelity.spec.ts,<callback@70>,70,75,6,1,0,1,Low,TypeScript/JavaScript,https://github.com/alejandroayalad/trinity/blob/014f3064689ff8f8fda6be264d9bb17c46497989/frontend/tests/e2e/fidelity.spec.ts#L70-L75
Tests,frontend/tests/e2e/fidelity.spec.ts,<callback@78>,78,83,6,1,0,1,Low,TypeScript/JavaScript,https://github.com/alejandroayalad/trinity/blob/014f3064689ff8f8fda6be264d9bb17c46497989/frontend/tests/e2e/fidelity.spec.ts#L78-L83
Tests,frontend/tests/e2e/fidelity.spec.ts,<callback@102>,102,107,6,1,0,1,Low,TypeScript/JavaScript,https://github.com/alejandroayalad/trinity/blob/014f3064689ff8f8fda6be264d9bb17c46497989/frontend/tests/e2e/fidelity.spec.ts#L102-L107
Tests,frontend/tests/e2e/fidelity.spec.ts,<callback@120>,120,125,6,1,0,1,Low,TypeScript/JavaScript,https://github.com/alejandroayalad/trinity/blob/014f3064689ff8f8fda6be264d9bb17c46497989/frontend/tests/e2e/fidelity.spec.ts#L120-L125
Tests,frontend/tests/e2e/fidelity.spec.ts,<callback@127>,127,132,6,1,0,1,Low,TypeScript/JavaScript,https://github.com/alejandroayalad/trinity/blob/014f3064689ff8f8fda6be264d9bb17c46497989/frontend/tests/e2e/fidelity.spec.ts#L127-L132
Tests,frontend/tests/e2e/fidelity.spec.ts,<callback@134>,134,139,6,1,0,1,Low,TypeScript/JavaScript,https://github.com/alejandroayalad/trinity/blob/014f3064689ff8f8fda6be264d9bb17c46497989/frontend/tests/e2e/fidelity.spec.ts#L134-L139
Tests,frontend/tests/e2e/fidelity.spec.ts,<callback@152>,152,157,6,1,0,1,Low,TypeScript/JavaScript,https://github.com/alejandroayalad/trinity/blob/014f3064689ff8f8fda6be264d9bb17c46497989/frontend/tests/e2e/fidelity.spec.ts#L152-L157
Production,backend/src/trinity/adapters/postgres.py,_SafePoolLog.filter,29,33,5,1,0,1,Low,Python,https://github.com/alejandroayalad/trinity/blob/014f3064689ff8f8fda6be264d9bb17c46497989/backend/src/trinity/adapters/postgres.py#L29-L33
Production,backend/src/trinity/auth/dependencies.py,authenticated,22,26,5,1,0,1,Low,Python,https://github.com/alejandroayalad/trinity/blob/014f3064689ff8f8fda6be264d9bb17c46497989/backend/src/trinity/auth/dependencies.py#L22-L26
Production,backend/src/trinity/auth/service.py,AuthService.logout,67,71,5,1,0,1,Low,Python,https://github.com/alejandroayalad/trinity/blob/014f3064689ff8f8fda6be264d9bb17c46497989/backend/src/trinity/auth/service.py#L67-L71
Production,backend/src/trinity/connector/client.py,EIAClient.fetch_national_page,332,336,5,1,0,1,Low,Python,https://github.com/alejandroayalad/trinity/blob/014f3064689ff8f8fda6be264d9bb17c46497989/backend/src/trinity/connector/client.py#L332-L336
Production,backend/src/trinity/connector/client.py,EIAClient.fetch_facility_page,338,342,5,1,0,1,Low,Python,https://github.com/alejandroayalad/trinity/blob/014f3064689ff8f8fda6be264d9bb17c46497989/backend/src/trinity/connector/client.py#L338-L342
Production,backend/src/trinity/connector/client.py,EIAClient.fetch_generator_page,344,348,5,1,0,1,Low,Python,https://github.com/alejandroayalad/trinity/blob/014f3064689ff8f8fda6be264d9bb17c46497989/backend/src/trinity/connector/client.py#L344-L348
Production,backend/src/trinity/connector/validate.py,_Journal.append,652,656,5,1,0,1,Low,Python,https://github.com/alejandroayalad/trinity/blob/014f3064689ff8f8fda6be264d9bb17c46497989/backend/src/trinity/connector/validate.py#L652-L656
Production,backend/src/trinity/refresh/router.py,history,44,48,5,1,0,1,Low,Python,https://github.com/alejandroayalad/trinity/blob/014f3064689ff8f8fda6be264d9bb17c46497989/backend/src/trinity/refresh/router.py#L44-L48
Production,backend/src/trinity/settings/router.py,settings,23,27,5,1,0,1,Low,Python,https://github.com/alejandroayalad/trinity/blob/014f3064689ff8f8fda6be264d9bb17c46497989/backend/src/trinity/settings/router.py#L23-L27
Tests,backend/tests/query_fault_proxy.py,ReplyLossProxy.arm,30,34,5,1,0,1,Low,Python,https://github.com/alejandroayalad/trinity/blob/014f3064689ff8f8fda6be264d9bb17c46497989/backend/tests/query_fault_proxy.py#L30-L34
Tests,backend/tests/refresh_worker_fixture.py,storage,37,41,5,1,0,1,Low,Python,https://github.com/alejandroayalad/trinity/blob/014f3064689ff8f8fda6be264d9bb17c46497989/backend/tests/refresh_worker_fixture.py#L37-L41
Tests,backend/tests/test_auth_postgres.py,PostgresAuthTests.test_unpublished_candidate_never_sets_readiness,170,174,5,1,0,1,Low,Python,https://github.com/alejandroayalad/trinity/blob/014f3064689ff8f8fda6be264d9bb17c46497989/backend/tests/test_auth_postgres.py#L170-L174
Tests,backend/tests/test_auth_postgres.py,PostgresAuthTests.test_forged_token_never_reaches_publication_lookup,335,339,5,1,0,1,Low,Python,https://github.com/alejandroayalad/trinity/blob/014f3064689ff8f8fda6be264d9bb17c46497989/backend/tests/test_auth_postgres.py#L335-L339
Tests,backend/tests/test_auth_rotate.py,RotateOfflineTests.test_command_requires_a_terminal,35,39,5,1,0,1,Low,Python,https://github.com/alejandroayalad/trinity/blob/014f3064689ff8f8fda6be264d9bb17c46497989/backend/tests/test_auth_rotate.py#L35-L39
Tests,backend/tests/test_auth_rotate.py,RotatePostgresTests.test_refused_requests_write_nothing.replace_role_while_typing,112,116,5,1,0,1,Low,Python,https://github.com/alejandroayalad/trinity/blob/014f3064689ff8f8fda6be264d9bb17c46497989/backend/tests/test_auth_rotate.py#L112-L116
Tests,backend/tests/test_auth_unit.py,PasswordTests.test_scrypt_roundtrip_distinct_salts_and_unicode,54,58,5,1,0,1,Low,Python,https://github.com/alejandroayalad/trinity/blob/014f3064689ff8f8fda6be264d9bb17c46497989/backend/tests/test_auth_unit.py#L54-L58
Tests,backend/tests/test_auth_unit.py,ApiConfigTests.test_real_startup_requires_api_configuration,176,180,5,1,0,1,Low,Python,https://github.com/alejandroayalad/trinity/blob/014f3064689ff8f8fda6be264d9bb17c46497989/backend/tests/test_auth_unit.py#L176-L180
Tests,backend/tests/test_catalog_postgres.py,PostgresCatalogTests.test_transaction_is_readonly_shared_and_teardown_failure_never_succeeds.publication,187,191,5,1,0,1,Low,Python,https://github.com/alejandroayalad/trinity/blob/014f3064689ff8f8fda6be264d9bb17c46497989/backend/tests/test_catalog_postgres.py#L187-L191
Tests,backend/tests/test_catalog_unit.py,CatalogTests.setUp,81,85,5,1,0,1,Low,Python,https://github.com/alejandroayalad/trinity/blob/014f3064689ff8f8fda6be264d9bb17c46497989/backend/tests/test_catalog_unit.py#L81-L85
Tests,backend/tests/test_choice_service.py,ChoiceServiceTests.test_invalid_route_and_primitive_shape_do_not_debit,55,59,5,1,0,1,Low,Python,https://github.com/alejandroayalad/trinity/blob/014f3064689ff8f8fda6be264d9bb17c46497989/backend/tests/test_choice_service.py#L55-L59
Tests,backend/tests/test_dashboard_service.py,NationalServiceTests.test_http_enabled_switch_routes_to_shared_factory,316,320,5,1,0,1,Low,Python,https://github.com/alejandroayalad/trinity/blob/014f3064689ff8f8fda6be264d9bb17c46497989/backend/tests/test_dashboard_service.py#L316-L320
Tests,backend/tests/test_dashboard_unit.py,freshness,21,25,5,1,0,1,Low,Python,https://github.com/alejandroayalad/trinity/blob/014f3064689ff8f8fda6be264d9bb17c46497989/backend/tests/test_dashboard_unit.py#L21-L25
Tests,backend/tests/test_eia_pagination.py,PaginationTests.test_all_routes_collect_rows_and_count_the_empty_probe.handler,61,65,5,1,0,1,Low,Python,https://github.com/alejandroayalad/trinity/blob/014f3064689ff8f8fda6be264d9bb17c46497989/backend/tests/test_eia_pagination.py#L61-L65
Tests,backend/tests/test_eia_retries.py,success,18,22,5,1,0,1,Low,Python,https://github.com/alejandroayalad/trinity/blob/014f3064689ff8f8fda6be264d9bb17c46497989/backend/tests/test_eia_retries.py#L18-L22
Tests,backend/tests/test_eia_retries.py,RetryTests.setUp,26,30,5,1,0,1,Low,Python,https://github.com/alejandroayalad/trinity/blob/014f3064689ff8f8fda6be264d9bb17c46497989/backend/tests/test_eia_retries.py#L26-L30
Tests,backend/tests/test_findings_report.py,FindingsReportTests.test_missing_anomaly_dates_are_unavailable,93,97,5,1,0,1,Low,Python,https://github.com/alejandroayalad/trinity/blob/014f3064689ff8f8fda6be264d9bb17c46497989/backend/tests/test_findings_report.py#L93-L97
Tests,backend/tests/test_findings_report.py,FindingsReportTests.test_zero_capacity_is_not_full_outage,115,119,5,1,0,1,Low,Python,https://github.com/alejandroayalad/trinity/blob/014f3064689ff8f8fda6be264d9bb17c46497989/backend/tests/test_findings_report.py#L115-L119
Tests,backend/tests/test_findings_report.py,FindingsReportTests.test_coverage_reports_absent_and_outside_dates,189,193,5,1,0,1,Low,Python,https://github.com/alejandroayalad/trinity/blob/014f3064689ff8f8fda6be264d9bb17c46497989/backend/tests/test_findings_report.py#L189-L193
Tests,backend/tests/test_parquet.py,FreezeFilesTests.test_registered_sidecars_and_journals_are_not_data,359,363,5,1,0,1,Low,Python,https://github.com/alejandroayalad/trinity/blob/014f3064689ff8f8fda6be264d9bb17c46497989/backend/tests/test_parquet.py#L359-L363
Tests,backend/tests/test_prepare.py,PreparationCommandTests.test_cancel_returns_130_and_retains_evidence,232,236,5,1,0,1,Low,Python,https://github.com/alejandroayalad/trinity/blob/014f3064689ff8f8fda6be264d9bb17c46497989/backend/tests/test_prepare.py#L232-L236
Tests,backend/tests/test_prepare.py,PreparationCommandTests.test_parent_receipt_verification_failure_cannot_exit_zero,375,379,5,1,0,1,Low,Python,https://github.com/alejandroayalad/trinity/blob/014f3064689ff8f8fda6be264d9bb17c46497989/backend/tests/test_prepare.py#L375-L379
Tests,backend/tests/test_preview_service.py,PreviewServiceTests.test_rate_denial_does_not_reach_cursor_or_publication,94,98,5,1,0,1,Low,Python,https://github.com/alejandroayalad/trinity/blob/014f3064689ff8f8fda6be264d9bb17c46497989/backend/tests/test_preview_service.py#L94-L98
Tests,backend/tests/test_preview_service.py,PreviewServiceTests.test_delivery_gate_never_constructs_a_runtime,170,174,5,1,0,1,Low,Python,https://github.com/alejandroayalad/trinity/blob/014f3064689ff8f8fda6be264d9bb17c46497989/backend/tests/test_preview_service.py#L170-L174
Tests,backend/tests/test_publication_postgres.py,PublicationPostgresTests.test_permanent_failure_is_not_reclassified_when_deadline_crosses.failure,352,356,5,1,0,1,Low,Python,https://github.com/alejandroayalad/trinity/blob/014f3064689ff8f8fda6be264d9bb17c46497989/backend/tests/test_publication_postgres.py#L352-L356
Tests,backend/tests/test_query_guarantees.py,QueryGuaranteeTests.observe_release.checked,64,68,5,1,0,1,Low,Python,https://github.com/alejandroayalad/trinity/blob/014f3064689ff8f8fda6be264d9bb17c46497989/backend/tests/test_query_guarantees.py#L64-L68
Tests,backend/tests/test_refresh_recovery.py,ParsingTests.error,23,27,5,1,0,1,Low,Python,https://github.com/alejandroayalad/trinity/blob/014f3064689ff8f8fda6be264d9bb17c46497989/backend/tests/test_refresh_recovery.py#L23-L27
Tests,backend/tests/test_refresh_recovery.py,ParsingTests.test_missing_or_repeated_key_is_rejected,60,64,5,1,0,1,Low,Python,https://github.com/alejandroayalad/trinity/blob/014f3064689ff8f8fda6be264d9bb17c46497989/backend/tests/test_refresh_recovery.py#L60-L64
Tests,backend/tests/test_refresh_recovery.py,EligibilityTests.test_dispatch_exhaustion_requires_recorded_attempts,255,259,5,1,0,1,Low,Python,https://github.com/alejandroayalad/trinity/blob/014f3064689ff8f8fda6be264d9bb17c46497989/backend/tests/test_refresh_recovery.py#L255-L259
Tests,backend/tests/test_refresh_recovery_runtime.py,RecoveryChildTests.test_unsupported_policy_is_recoverable_before_child_launch,324,328,5,1,0,1,Low,Python,https://github.com/alejandroayalad/trinity/blob/014f3064689ff8f8fda6be264d9bb17c46497989/backend/tests/test_refresh_recovery_runtime.py#L324-L328
Tests,backend/tests/test_refresh_recovery_service.py,CommandDatabase.__init__,30,34,5,1,0,1,Low,Python,https://github.com/alejandroayalad/trinity/blob/014f3064689ff8f8fda6be264d9bb17c46497989/backend/tests/test_refresh_recovery_service.py#L30-L34
Tests,backend/tests/test_refresh_recovery_service.py,RecoveryServiceTests.lock_control,95,99,5,1,0,1,Low,Python,https://github.com/alejandroayalad/trinity/blob/014f3064689ff8f8fda6be264d9bb17c46497989/backend/tests/test_refresh_recovery_service.py#L95-L99
Tests,backend/tests/test_refresh_recovery_service.py,RecoveryServiceTests.abandon_target,108,112,5,1,0,1,Low,Python,https://github.com/alejandroayalad/trinity/blob/014f3064689ff8f8fda6be264d9bb17c46497989/backend/tests/test_refresh_recovery_service.py#L108-L112
Tests,backend/tests/test_refresh_worker.py,WorkerTests.worker,59,63,5,1,0,1,Low,Python,https://github.com/alejandroayalad/trinity/blob/014f3064689ff8f8fda6be264d9bb17c46497989/backend/tests/test_refresh_worker.py#L59-L63
Tests,backend/tests/test_refresh_worker.py,corrupt_validation_child.corrupt,317,321,5,1,0,1,Low,Python,https://github.com/alejandroayalad/trinity/blob/014f3064689ff8f8fda6be264d9bb17c46497989/backend/tests/test_refresh_worker.py#L317-L321
Tests,backend/tests/test_retrieval.py,RetrievalTests.setUp,25,29,5,1,0,1,Low,Python,https://github.com/alejandroayalad/trinity/blob/014f3064689ff8f8fda6be264d9bb17c46497989/backend/tests/test_retrieval.py#L25-L29
Tests,backend/tests/test_s3.py,StorageTests.test_deadline_during_streaming_and_invalid_budgets_block_success.delayed,387,391,5,1,0,1,Low,Python,https://github.com/alejandroayalad/trinity/blob/014f3064689ff8f8fda6be264d9bb17c46497989/backend/tests/test_s3.py#L387-L391
Tests,backend/tests/test_schedule_unit.py,OccurrenceTests.test_gap_has_no_occurrence_and_fold_uses_first_instant,46,50,5,1,0,1,Low,Python,https://github.com/alejandroayalad/trinity/blob/014f3064689ff8f8fda6be264d9bb17c46497989/backend/tests/test_schedule_unit.py#L46-L50
Tests,backend/tests/test_schedule_unit.py,OccurrenceTests.test_gap_boundaries,52,56,5,1,0,1,Low,Python,https://github.com/alejandroayalad/trinity/blob/014f3064689ff8f8fda6be264d9bb17c46497989/backend/tests/test_schedule_unit.py#L52-L56
Tests,backend/tests/test_schedule_unit.py,NextCheckTests.test_null_when_not_set_up_or_disabled,78,82,5,1,0,1,Low,Python,https://github.com/alejandroayalad/trinity/blob/014f3064689ff8f8fda6be264d9bb17c46497989/backend/tests/test_schedule_unit.py#L78-L82
Tests,backend/tests/test_settings_service.py,ParseTests.test_precondition_comes_before_body,63,67,5,1,0,1,Low,Python,https://github.com/alejandroayalad/trinity/blob/014f3064689ff8f8fda6be264d9bb17c46497989/backend/tests/test_settings_service.py#L63-L67
Tests,backend/tests/test_settings_service.py,UpdateOrderTests.test_single_field_change_creates_next_revision,153,157,5,1,0,1,Low,Python,https://github.com/alejandroayalad/trinity/blob/014f3064689ff8f8fda6be264d9bb17c46497989/backend/tests/test_settings_service.py#L153-L157
Tests,backend/tests/test_settings_service.py,StatusTests.status,198,202,5,1,0,1,Low,Python,https://github.com/alejandroayalad/trinity/blob/014f3064689ff8f8fda6be264d9bb17c46497989/backend/tests/test_settings_service.py#L198-L202
Tests,backend/tests/test_settings_service.py,StatusTests.test_viewer_is_denied_before_reads,226,230,5,1,0,1,Low,Python,https://github.com/alejandroayalad/trinity/blob/014f3064689ff8f8fda6be264d9bb17c46497989/backend/tests/test_settings_service.py#L226-L230
Tests,backend/tests/test_settings_service.py,FakeSettingsService.update,253,257,5,1,0,1,Low,Python,https://github.com/alejandroayalad/trinity/blob/014f3064689ff8f8fda6be264d9bb17c46497989/backend/tests/test_settings_service.py#L253-L257
Tests,backend/tests/test_sql_containers.py,FrameTests.test_partial_frames_and_safe_stderr,28,32,5,1,0,1,Low,Python,https://github.com/alejandroayalad/trinity/blob/014f3064689ff8f8fda6be264d9bb17c46497989/backend/tests/test_sql_containers.py#L28-L32
Tests,backend/tests/test_sql_engine.py,EngineTests.test_null_order_defaults_and_explicit_override,55,59,5,1,0,1,Low,Python,https://github.com/alejandroayalad/trinity/blob/014f3064689ff8f8fda6be264d9bb17c46497989/backend/tests/test_sql_engine.py#L55-L59
Tests,backend/tests/test_sql_engine.py,EngineTests.test_output_byte_budget_fails_without_partial_result,91,95,5,1,0,1,Low,Python,https://github.com/alejandroayalad/trinity/blob/014f3064689ff8f8fda6be264d9bb17c46497989/backend/tests/test_sql_engine.py#L91-L95
Tests,backend/tests/test_sql_lifecycle.py,LifecycleTests.test_recovery_on_another_daemon_cannot_clean_up,55,59,5,1,0,1,Low,Python,https://github.com/alejandroayalad/trinity/blob/014f3064689ff8f8fda6be264d9bb17c46497989/backend/tests/test_sql_lifecycle.py#L55-L59
Tests,backend/tests/test_sql_lifecycle.py,LifecycleTests.test_revoked_owner_cannot_stop_new_owner_work,61,65,5,1,0,1,Low,Python,https://github.com/alejandroayalad/trinity/blob/014f3064689ff8f8fda6be264d9bb17c46497989/backend/tests/test_sql_lifecycle.py#L61-L65
Tests,backend/tests/test_sql_postgres.py,QueryPostgresTests.test_viewer_denial_precedes_policy_rate_and_configuration,47,51,5,1,0,1,Low,Python,https://github.com/alejandroayalad/trinity/blob/014f3064689ff8f8fda6be264d9bb17c46497989/backend/tests/test_sql_postgres.py#L47-L51
Tests,backend/tests/test_sql_postgres.py,QueryPostgresTests.test_real_processes_share_thirty_attempt_limit,70,74,5,1,0,1,Low,Python,https://github.com/alejandroayalad/trinity/blob/014f3064689ff8f8fda6be264d9bb17c46497989/backend/tests/test_sql_postgres.py#L70-L74
Tests,backend/tests/test_sql_postgres.py,capacity_attempt,240,244,5,1,0,1,Low,Python,https://github.com/alejandroayalad/trinity/blob/014f3064689ff8f8fda6be264d9bb17c46497989/backend/tests/test_sql_postgres.py#L240-L244
Tests,backend/tests/test_sql_review_scaffold.py,SqlReviewScaffoldTests.test_omitted_and_explicit_null_order_have_equal_order_nodes,47,51,5,1,0,1,Low,Python,https://github.com/alejandroayalad/trinity/blob/014f3064689ff8f8fda6be264d9bb17c46497989/backend/tests/test_sql_review_scaffold.py#L47-L51
Tests,backend/tests/test_sql_single_statement.py,SingleStatementTests.test_semicolons_inside_literals_and_comments_are_not_statements,63,67,5,1,0,1,Low,Python,https://github.com/alejandroayalad/trinity/blob/014f3064689ff8f8fda6be264d9bb17c46497989/backend/tests/test_sql_single_statement.py#L63-L67
Tests,backend/tests/test_sql_single_statement.py,SingleStatementTests.test_a24_trailing_comment_passes_and_comments_are_preserved,69,73,5,1,0,1,Low,Python,https://github.com/alejandroayalad/trinity/blob/014f3064689ff8f8fda6be264d9bb17c46497989/backend/tests/test_sql_single_statement.py#L69-L73
Tools and migrations,deploy/check_web.py,WebRoutingChecks.test_spa_direct_navigation,95,99,5,1,0,1,Low,Python,https://github.com/alejandroayalad/trinity/blob/014f3064689ff8f8fda6be264d9bb17c46497989/deploy/check_web.py#L95-L99
Tools and migrations,deploy/check_web.py,WebRoutingChecks.test_api_error_is_not_spa_html,121,125,5,1,0,1,Low,Python,https://github.com/alejandroayalad/trinity/blob/014f3064689ff8f8fda6be264d9bb17c46497989/deploy/check_web.py#L121-L125
Tests,frontend/src/lib/copy.test.ts,<callback@33>.<callback@34>,34,38,5,1,0,1,Low,TypeScript/JavaScript,https://github.com/alejandroayalad/trinity/blob/014f3064689ff8f8fda6be264d9bb17c46497989/frontend/src/lib/copy.test.ts#L34-L38
Tests,frontend/src/lib/copy.test.ts,<callback@46>.<callback@51>,51,55,5,1,0,1,Low,TypeScript/JavaScript,https://github.com/alejandroayalad/trinity/blob/014f3064689ff8f8fda6be264d9bb17c46497989/frontend/src/lib/copy.test.ts#L51-L55
Production,frontend/src/lib/dates.ts,datesBetween,72,76,5,1,0,1,Low,TypeScript/JavaScript,https://github.com/alejandroayalad/trinity/blob/014f3064689ff8f8fda6be264d9bb17c46497989/frontend/src/lib/dates.ts#L72-L76
Tests,frontend/src/lib/decimal.test.ts,<callback@26>.<callback@27>,27,31,5,1,0,1,Low,TypeScript/JavaScript,https://github.com/alejandroayalad/trinity/blob/014f3064689ff8f8fda6be264d9bb17c46497989/frontend/src/lib/decimal.test.ts#L27-L31
Tests,frontend/src/lib/decimal.test.ts,<callback@26>.<callback@42>,42,46,5,1,0,1,Low,TypeScript/JavaScript,https://github.com/alejandroayalad/trinity/blob/014f3064689ff8f8fda6be264d9bb17c46497989/frontend/src/lib/decimal.test.ts#L42-L46
Tests,frontend/src/lib/decimal.test.ts,<callback@26>.<callback@101>,101,105,5,1,0,1,Low,TypeScript/JavaScript,https://github.com/alejandroayalad/trinity/blob/014f3064689ff8f8fda6be264d9bb17c46497989/frontend/src/lib/decimal.test.ts#L101-L105
Production,frontend/src/lib/decimal.ts,DecimalError.constructor,22,26,5,1,0,1,Low,TypeScript/JavaScript,https://github.com/alejandroayalad/trinity/blob/014f3064689ff8f8fda6be264d9bb17c46497989/frontend/src/lib/decimal.ts#L22-L26
Production,frontend/src/pages/catalog/TableView.tsx,DatasetTable.update,44,48,5,1,0,1,Low,TypeScript/JavaScript,https://github.com/alejandroayalad/trinity/blob/014f3064689ff8f8fda6be264d9bb17c46497989/frontend/src/pages/catalog/TableView.tsx#L44-L48
Production,frontend/src/pages/catalog/TableView.tsx,DatasetTable.<callback@54>.<callback@56>,56,60,5,1,0,1,Low,TypeScript/JavaScript,https://github.com/alejandroayalad/trinity/blob/014f3064689ff8f8fda6be264d9bb17c46497989/frontend/src/pages/catalog/TableView.tsx#L56-L60
Tests,frontend/src/pages/explorer-state.test.tsx,deferred,35,39,5,1,0,1,Low,TypeScript/JavaScript,https://github.com/alejandroayalad/trinity/blob/014f3064689ff8f8fda6be264d9bb17c46497989/frontend/src/pages/explorer-state.test.tsx#L35-L39
Tests,frontend/src/pages/pages.test.tsx,<callback@58>,58,62,5,1,0,1,Low,TypeScript/JavaScript,https://github.com/alejandroayalad/trinity/blob/014f3064689ff8f8fda6be264d9bb17c46497989/frontend/src/pages/pages.test.tsx#L58-L62
Tests,frontend/src/session/session.test.tsx,deferred,64,68,5,1,0,1,Low,TypeScript/JavaScript,https://github.com/alejandroayalad/trinity/blob/014f3064689ff8f8fda6be264d9bb17c46497989/frontend/src/session/session.test.tsx#L64-L68
Tools and migrations,backend/migrations/versions/0002_app_entry.py,downgrade,165,168,4,1,0,1,Low,Python,https://github.com/alejandroayalad/trinity/blob/014f3064689ff8f8fda6be264d9bb17c46497989/backend/migrations/versions/0002_app_entry.py#L165-L168
Production,backend/src/trinity/adapters/queue.py,job_id,21,24,4,1,0,1,Low,Python,https://github.com/alejandroayalad/trinity/blob/014f3064689ff8f8fda6be264d9bb17c46497989/backend/src/trinity/adapters/queue.py#L21-L24
Production,backend/src/trinity/adapters/queue.py,RefreshQueue.state,46,49,4,1,0,1,Low,Python,https://github.com/alejandroayalad/trinity/blob/014f3064689ff8f8fda6be264d9bb17c46497989/backend/src/trinity/adapters/queue.py#L46-L49
Production,backend/src/trinity/adapters/s3.py,StorageOperation.__init__,271,274,4,1,0,1,Low,Python,https://github.com/alejandroayalad/trinity/blob/014f3064689ff8f8fda6be264d9bb17c46497989/backend/src/trinity/adapters/s3.py#L271-L274
Production,backend/src/trinity/auth/router.py,logout,17,20,4,1,0,1,Low,Python,https://github.com/alejandroayalad/trinity/blob/014f3064689ff8f8fda6be264d9bb17c46497989/backend/src/trinity/auth/router.py#L17-L20
Production,backend/src/trinity/connector/client.py,EIAClient.__aenter__,296,299,4,1,0,1,Low,Python,https://github.com/alejandroayalad/trinity/blob/014f3064689ff8f8fda6be264d9bb17c46497989/backend/src/trinity/connector/client.py#L296-L299
Production,backend/src/trinity/connector/parquet.py,FreezeError.__init__,42,45,4,1,0,1,Low,Python,https://github.com/alejandroayalad/trinity/blob/014f3064689ff8f8fda6be264d9bb17c46497989/backend/src/trinity/connector/parquet.py#L42-L45
Production,backend/src/trinity/connector/parquet.py,_write_bytes,125,128,4,1,0,1,Low,Python,https://github.com/alejandroayalad/trinity/blob/014f3064689ff8f8fda6be264d9bb17c46497989/backend/src/trinity/connector/parquet.py#L125-L128
Production,backend/src/trinity/connector/prepare.py,_Arguments.error,53,56,4,1,0,1,Low,Python,https://github.com/alejandroayalad/trinity/blob/014f3064689ff8f8fda6be264d9bb17c46497989/backend/src/trinity/connector/prepare.py#L53-L56
Production,backend/src/trinity/connector/validate.py,ValidationError.__init__,60,63,4,1,0,1,Low,Python,https://github.com/alejandroayalad/trinity/blob/014f3064689ff8f8fda6be264d9bb17c46497989/backend/src/trinity/connector/validate.py#L60-L63
Production,backend/src/trinity/contracts/queries.py,ValidatedQuery.to_bytes,24,27,4,1,0,1,Low,Python,https://github.com/alejandroayalad/trinity/blob/014f3064689ff8f8fda6be264d9bb17c46497989/backend/src/trinity/contracts/queries.py#L24-L27
Production,backend/src/trinity/dashboard/router.py,national_dashboard,26,29,4,1,0,1,Low,Python,https://github.com/alejandroayalad/trinity/blob/014f3064689ff8f8fda6be264d9bb17c46497989/backend/src/trinity/dashboard/router.py#L26-L29
Production,backend/src/trinity/dashboard/router.py,national_metric,33,36,4,1,0,1,Low,Python,https://github.com/alejandroayalad/trinity/blob/014f3064689ff8f8fda6be264d9bb17c46497989/backend/src/trinity/dashboard/router.py#L33-L36
Production,backend/src/trinity/dashboard/schemas.py,MetricValue.consistent_reason,88,91,4,1,0,1,Low,Python,https://github.com/alejandroayalad/trinity/blob/014f3064689ff8f8fda6be264d9bb17c46497989/backend/src/trinity/dashboard/schemas.py#L88-L91
Production,backend/src/trinity/dashboard/service.py,NationalService.__init__,40,43,4,1,0,1,Low,Python,https://github.com/alejandroayalad/trinity/blob/014f3064689ff8f8fda6be264d9bb17c46497989/backend/src/trinity/dashboard/service.py#L40-L43
Production,backend/src/trinity/publication/service.py,PublicationService.lookup,78,81,4,1,0,1,Low,Python,https://github.com/alejandroayalad/trinity/blob/014f3064689ff8f8fda6be264d9bb17c46497989/backend/src/trinity/publication/service.py#L78-L81
Production,backend/src/trinity/queries/choice_service.py,ChoiceService.execute,85,88,4,1,0,1,Low,Python,https://github.com/alejandroayalad/trinity/blob/014f3064689ff8f8fda6be264d9bb17c46497989/backend/src/trinity/queries/choice_service.py#L85-L88
Production,backend/src/trinity/queries/client.py,QueryExecution.__init__,22,25,4,1,0,1,Low,Python,https://github.com/alejandroayalad/trinity/blob/014f3064689ff8f8fda6be264d9bb17c46497989/backend/src/trinity/queries/client.py#L22-L25
Production,backend/src/trinity/queries/service.py,QueryService.execute,80,83,4,1,0,1,Low,Python,https://github.com/alejandroayalad/trinity/blob/014f3064689ff8f8fda6be264d9bb17c46497989/backend/src/trinity/queries/service.py#L80-L83
Production,backend/src/trinity/queries/service.py,PreviewService.execute,162,165,4,1,0,1,Low,Python,https://github.com/alejandroayalad/trinity/blob/014f3064689ff8f8fda6be264d9bb17c46497989/backend/src/trinity/queries/service.py#L162-L165
Production,backend/src/trinity/refresh/service.py,RefreshService.recover,88,91,4,1,0,1,Low,Python,https://github.com/alejandroayalad/trinity/blob/014f3064689ff8f8fda6be264d9bb17c46497989/backend/src/trinity/refresh/service.py#L88-L91
Production,backend/src/trinity/refresh/tracking.py,summary,32,35,4,1,0,1,Low,Python,https://github.com/alejandroayalad/trinity/blob/014f3064689ff8f8fda6be264d9bb17c46497989/backend/src/trinity/refresh/tracking.py#L32-L35
Production,backend/src/trinity/settings/service.py,get_settings,52,55,4,1,0,1,Low,Python,https://github.com/alejandroayalad/trinity/blob/014f3064689ff8f8fda6be264d9bb17c46497989/backend/src/trinity/settings/service.py#L52-L55
Production,backend/src/trinity/workers/publication.py,PublicationWorker.__init__,13,16,4,1,0,1,Low,Python,https://github.com/alejandroayalad/trinity/blob/014f3064689ff8f8fda6be264d9bb17c46497989/backend/src/trinity/workers/publication.py#L13-L16
Production,backend/src/trinity/workers/scheduler.py,SchedulerService.__init__,77,80,4,1,0,1,Low,Python,https://github.com/alejandroayalad/trinity/blob/014f3064689ff8f8fda6be264d9bb17c46497989/backend/src/trinity/workers/scheduler.py#L77-L80
Tests,backend/tests/preview_runtime_fixture.py,ObjectClient.__init__,24,27,4,1,0,1,Low,Python,https://github.com/alejandroayalad/trinity/blob/014f3064689ff8f8fda6be264d9bb17c46497989/backend/tests/preview_runtime_fixture.py#L24-L27
Tests,backend/tests/refresh_worker_fixture.py,DiskObjects.__setitem__,22,25,4,1,0,1,Low,Python,https://github.com/alejandroayalad/trinity/blob/014f3064689ff8f8fda6be264d9bb17c46497989/backend/tests/refresh_worker_fixture.py#L22-L25
Tests,backend/tests/refresh_worker_fixture.py,shared_child.client,47,50,4,1,0,1,Low,Python,https://github.com/alejandroayalad/trinity/blob/014f3064689ff8f8fda6be264d9bb17c46497989/backend/tests/refresh_worker_fixture.py#L47-L50
Tests,backend/tests/test_auth_postgres.py,PostgresAuthTests.test_dependency_teardown_failure_is_not_a_successful_me.fail_after_read,276,279,4,1,0,1,Low,Python,https://github.com/alejandroayalad/trinity/blob/014f3064689ff8f8fda6be264d9bb17c46497989/backend/tests/test_auth_postgres.py#L276-L279
Tests,backend/tests/test_auth_rotate.py,RotateOfflineTests.test_two_different_entries_are_refused,41,44,4,1,0,1,Low,Python,https://github.com/alejandroayalad/trinity/blob/014f3064689ff8f8fda6be264d9bb17c46497989/backend/tests/test_auth_rotate.py#L41-L44
Tests,backend/tests/test_catalog_postgres.py,PostgresCatalogTests.test_transaction_is_readonly_shared_and_teardown_failure_never_succeeds.broken_cleanup,205,208,4,1,0,1,Low,Python,https://github.com/alejandroayalad/trinity/blob/014f3064689ff8f8fda6be264d9bb17c46497989/backend/tests/test_catalog_postgres.py#L205-L208
Tests,backend/tests/test_catalog_unit.py,MetadataConnection.__init__,37,40,4,1,0,1,Low,Python,https://github.com/alejandroayalad/trinity/blob/014f3064689ff8f8fda6be264d9bb17c46497989/backend/tests/test_catalog_unit.py#L37-L40
Tests,backend/tests/test_catalog_unit.py,CatalogIdentity.__init__,66,69,4,1,0,1,Low,Python,https://github.com/alejandroayalad/trinity/blob/014f3064689ff8f8fda6be264d9bb17c46497989/backend/tests/test_catalog_unit.py#L66-L69
Tests,backend/tests/test_choice_service.py,ChoiceServiceTests.failure,40,43,4,1,0,1,Low,Python,https://github.com/alejandroayalad/trinity/blob/014f3064689ff8f8fda6be264d9bb17c46497989/backend/tests/test_choice_service.py#L40-L43
Tests,backend/tests/test_choice_service.py,ChoiceServiceTests.test_rate_denial_precedes_cursor_checks,72,75,4,1,0,1,Low,Python,https://github.com/alejandroayalad/trinity/blob/014f3064689ff8f8fda6be264d9bb17c46497989/backend/tests/test_choice_service.py#L72-L75
Tests,backend/tests/test_choice_service.py,ChoiceServiceTests.token,84,87,4,1,0,1,Low,Python,https://github.com/alejandroayalad/trinity/blob/014f3064689ff8f8fda6be264d9bb17c46497989/backend/tests/test_choice_service.py#L84-L87
Tests,backend/tests/test_choices.py,operation,26,29,4,1,0,1,Low,Python,https://github.com/alejandroayalad/trinity/blob/014f3064689ff8f8fda6be264d9bb17c46497989/backend/tests/test_choices.py#L26-L29
Tests,backend/tests/test_choices.py,ChoiceTests.setUp,33,36,4,1,0,1,Low,Python,https://github.com/alejandroayalad/trinity/blob/014f3064689ff8f8fda6be264d9bb17c46497989/backend/tests/test_choices.py#L33-L36
Tests,backend/tests/test_dashboard_service.py,Database.__init__,35,38,4,1,0,1,Low,Python,https://github.com/alejandroayalad/trinity/blob/014f3064689ff8f8fda6be264d9bb17c46497989/backend/tests/test_dashboard_service.py#L35-L38
Tests,backend/tests/test_dashboard_service.py,NationalServiceTests.test_configuration_and_execution_have_no_open_metadata_transaction.factory,244,247,4,1,0,1,Low,Python,https://github.com/alejandroayalad/trinity/blob/014f3064689ff8f8fda6be264d9bb17c46497989/backend/tests/test_dashboard_service.py#L244-L247
Tests,backend/tests/test_eia_client.py,EIAClientTests.test_missing_environment_key_prevents_client_creation,281,284,4,1,0,1,Low,Python,https://github.com/alejandroayalad/trinity/blob/014f3064689ff8f8fda6be264d9bb17c46497989/backend/tests/test_eia_client.py#L281-L284
Tests,backend/tests/test_eia_pagination.py,PaginationTests.test_exact_multiple_still_requires_an_empty_probe.handler,85,88,4,1,0,1,Low,Python,https://github.com/alejandroayalad/trinity/blob/014f3064689ff8f8fda6be264d9bb17c46497989/backend/tests/test_eia_pagination.py#L85-L88
Tests,backend/tests/test_eia_pagination.py,PaginationTests.test_short_nonterminal_pages_advance_by_actual_count.handler,102,105,4,1,0,1,Low,Python,https://github.com/alejandroayalad/trinity/blob/014f3064689ff8f8fda6be264d9bb17c46497989/backend/tests/test_eia_pagination.py#L102-L105
Tests,backend/tests/test_eia_pagination.py,PaginationTests.test_page_budget_fails_instead_of_truncating.handler,242,245,4,1,0,1,Low,Python,https://github.com/alejandroayalad/trinity/blob/014f3064689ff8f8fda6be264d9bb17c46497989/backend/tests/test_eia_pagination.py#L242-L245
Tests,backend/tests/test_evidence_cache.py,EvidenceCacheTests.setUp,60,63,4,1,0,1,Low,Python,https://github.com/alejandroayalad/trinity/blob/014f3064689ff8f8fda6be264d9bb17c46497989/backend/tests/test_evidence_cache.py#L60-L63
Tests,backend/tests/test_evidence_cache.py,EvidenceCacheTests.assert_timeout,69,72,4,1,0,1,Low,Python,https://github.com/alejandroayalad/trinity/blob/014f3064689ff8f8fda6be264d9bb17c46497989/backend/tests/test_evidence_cache.py#L69-L72
Tests,backend/tests/test_prepare.py,killed_worker,128,131,4,1,0,1,Low,Python,https://github.com/alejandroayalad/trinity/blob/014f3064689ff8f8fda6be264d9bb17c46497989/backend/tests/test_prepare.py#L128-L131
Tests,backend/tests/test_prepare.py,late_exit_worker,139,142,4,1,0,1,Low,Python,https://github.com/alejandroayalad/trinity/blob/014f3064689ff8f8fda6be264d9bb17c46497989/backend/tests/test_prepare.py#L139-L142
Tests,backend/tests/test_prepare.py,bad_receipt_worker,145,148,4,1,0,1,Low,Python,https://github.com/alejandroayalad/trinity/blob/014f3064689ff8f8fda6be264d9bb17c46497989/backend/tests/test_prepare.py#L145-L148
Tests,backend/tests/test_prepare.py,PreparationCommandTests.test_missing_sdk_credentials_are_safe_configuration_failure,245,248,4,1,0,1,Low,Python,https://github.com/alejandroayalad/trinity/blob/014f3064689ff8f8fda6be264d9bb17c46497989/backend/tests/test_prepare.py#L245-L248
Tests,backend/tests/test_preview_engine.py,operation,26,29,4,1,0,1,Low,Python,https://github.com/alejandroayalad/trinity/blob/014f3064689ff8f8fda6be264d9bb17c46497989/backend/tests/test_preview_engine.py#L26-L29
Tests,backend/tests/test_preview_engine.py,PreviewEngineTests.setUp,33,36,4,1,0,1,Low,Python,https://github.com/alejandroayalad/trinity/blob/014f3064689ff8f8fda6be264d9bb17c46497989/backend/tests/test_preview_engine.py#L33-L36
Tests,backend/tests/test_preview_runtime.py,PreviewRuntimeTests.test_ambiguous_create_is_resolved_by_owned_name_before_release,274,277,4,1,0,1,Low,Python,https://github.com/alejandroayalad/trinity/blob/014f3064689ff8f8fda6be264d9bb17c46497989/backend/tests/test_preview_runtime.py#L274-L277
Tests,backend/tests/test_preview_service.py,PreviewServiceTests.failure,66,69,4,1,0,1,Low,Python,https://github.com/alejandroayalad/trinity/blob/014f3064689ff8f8fda6be264d9bb17c46497989/backend/tests/test_preview_service.py#L66-L69
Tests,backend/tests/test_preview_service.py,PreviewServiceTests.test_metadata_transactions_close_before_configuration_or_execution.factory,131,134,4,1,0,1,Low,Python,https://github.com/alejandroayalad/trinity/blob/014f3064689ff8f8fda6be264d9bb17c46497989/backend/tests/test_preview_service.py#L131-L134
Tests,backend/tests/test_preview_unit.py,request,64,67,4,1,0,1,Low,Python,https://github.com/alejandroayalad/trinity/blob/014f3064689ff8f8fda6be264d9bb17c46497989/backend/tests/test_preview_unit.py#L64-L67
Tests,backend/tests/test_refresh_candidates.py,CandidateTests.test_deadline_expiring_during_verification_cannot_commit_readiness.slow_verify,287,290,4,1,0,1,Low,Python,https://github.com/alejandroayalad/trinity/blob/014f3064689ff8f8fda6be264d9bb17c46497989/backend/tests/test_refresh_candidates.py#L287-L290
Tests,backend/tests/test_refresh_candidates.py,CandidateTests.test_registration_remote_reads_have_no_open_database_transaction.factory,344,347,4,1,0,1,Low,Python,https://github.com/alejandroayalad/trinity/blob/014f3064689ff8f8fda6be264d9bb17c46497989/backend/tests/test_refresh_candidates.py#L344-L347
Tests,backend/tests/test_refresh_evidence.py,RefreshEvidenceTests.setUp,12,15,4,1,0,1,Low,Python,https://github.com/alejandroayalad/trinity/blob/014f3064689ff8f8fda6be264d9bb17c46497989/backend/tests/test_refresh_evidence.py#L12-L15
Tests,backend/tests/test_refresh_evidence.py,RefreshEvidenceTests.test_reconstructs_original_report_and_preview_bundle_identity,17,20,4,1,0,1,Low,Python,https://github.com/alejandroayalad/trinity/blob/014f3064689ff8f8fda6be264d9bb17c46497989/backend/tests/test_refresh_evidence.py#L17-L20
Tests,backend/tests/test_refresh_evidence.py,RefreshEvidenceTests.test_rejects_child_only_completion,22,25,4,1,0,1,Low,Python,https://github.com/alejandroayalad/trinity/blob/014f3064689ff8f8fda6be264d9bb17c46497989/backend/tests/test_refresh_evidence.py#L22-L25
Tests,backend/tests/test_refresh_evidence.py,RefreshEvidenceTests.test_contradictory_parent_failure_blocks_completion,44,47,4,1,0,1,Low,Python,https://github.com/alejandroayalad/trinity/blob/014f3064689ff8f8fda6be264d9bb17c46497989/backend/tests/test_refresh_evidence.py#L44-L47
Tests,backend/tests/test_refresh_postgres.py,RefreshPostgresTests.register,70,73,4,1,0,1,Low,Python,https://github.com/alejandroayalad/trinity/blob/014f3064689ff8f8fda6be264d9bb17c46497989/backend/tests/test_refresh_postgres.py#L70-L73
Tests,backend/tests/test_refresh_recovery.py,ParsingTests.test_rerun_retains_identity_and_old_revision_for_replay,29,32,4,1,0,1,Low,Python,https://github.com/alejandroayalad/trinity/blob/014f3064689ff8f8fda6be264d9bb17c46497989/backend/tests/test_refresh_recovery.py#L29-L32
Tests,backend/tests/test_refresh_recovery.py,EligibilityTests.test_confirmed_stop_keeps_owner_and_preserves_inputs,158,161,4,1,0,1,Low,Python,https://github.com/alejandroayalad/trinity/blob/014f3064689ff8f8fda6be264d9bb17c46497989/backend/tests/test_refresh_recovery.py#L158-L161
Tests,backend/tests/test_refresh_recovery.py,EligibilityTests.test_discovery_failure_without_candidate,167,170,4,1,0,1,Low,Python,https://github.com/alejandroayalad/trinity/blob/014f3064689ff8f8fda6be264d9bb17c46497989/backend/tests/test_refresh_recovery.py#L167-L170
Tests,backend/tests/test_refresh_recovery_service.py,RecoveryProjectionTests.test_all_surfaces_enable_only_proven_failure,409,412,4,1,0,1,Low,Python,https://github.com/alejandroayalad/trinity/blob/014f3064689ff8f8fda6be264d9bb17c46497989/backend/tests/test_refresh_recovery_service.py#L409-L412
Tests,backend/tests/test_registration_budget.py,RegistrationBudgetTests.test_budget_is_150_seconds,22,25,4,1,0,1,Low,Python,https://github.com/alejandroayalad/trinity/blob/014f3064689ff8f8fda6be264d9bb17c46497989/backend/tests/test_registration_budget.py#L22-L25
Tests,backend/tests/test_registration_budget.py,RegistrationBudgetTests.test_worker_requests_the_full_budget_when_time_remains,27,30,4,1,0,1,Low,Python,https://github.com/alejandroayalad/trinity/blob/014f3064689ff8f8fda6be264d9bb17c46497989/backend/tests/test_registration_budget.py#L27-L30
Tests,backend/tests/test_registration_budget.py,RegistrationBudgetTests.test_worker_never_exceeds_the_remaining_execution_budget,32,35,4,1,0,1,Low,Python,https://github.com/alejandroayalad/trinity/blob/014f3064689ff8f8fda6be264d9bb17c46497989/backend/tests/test_registration_budget.py#L32-L35
Tests,backend/tests/test_s3.py,sdk_error,36,39,4,1,0,1,Low,Python,https://github.com/alejandroayalad/trinity/blob/014f3064689ff8f8fda6be264d9bb17c46497989/backend/tests/test_s3.py#L36-L39
Tests,backend/tests/test_s3.py,MemoryS3.__init__,59,62,4,1,0,1,Low,Python,https://github.com/alejandroayalad/trinity/blob/014f3064689ff8f8fda6be264d9bb17c46497989/backend/tests/test_s3.py#L59-L62
Tests,backend/tests/test_schedule_unit.py,NextCheckTests.test_naive_now_is_rejected,84,87,4,1,0,1,Low,Python,https://github.com/alejandroayalad/trinity/blob/014f3064689ff8f8fda6be264d9bb17c46497989/backend/tests/test_schedule_unit.py#L84-L87
Tests,backend/tests/test_scheduler_unit.py,SchedulerLogTests.test_problem_logs_only_its_code,54,57,4,1,0,1,Low,Python,https://github.com/alejandroayalad/trinity/blob/014f3064689ff8f8fda6be264d9bb17c46497989/backend/tests/test_scheduler_unit.py#L54-L57
Tests,backend/tests/test_settings_postgres.py,SettingsPostgresTests.test_failure_before_commit_leaves_no_change.write_then_fail,131,134,4,1,0,1,Low,Python,https://github.com/alejandroayalad/trinity/blob/014f3064689ff8f8fda6be264d9bb17c46497989/backend/tests/test_settings_postgres.py#L131-L134
Tests,backend/tests/test_settings_service.py,ParseTests.test_query_parameters_are_rejected,85,88,4,1,0,1,Low,Python,https://github.com/alejandroayalad/trinity/blob/014f3064689ff8f8fda6be264d9bb17c46497989/backend/tests/test_settings_service.py#L85-L88
Tests,backend/tests/test_settings_service.py,UpdateOrderTests.test_denied_admin_reads_no_settings,129,132,4,1,0,1,Low,Python,https://github.com/alejandroayalad/trinity/blob/014f3064689ff8f8fda6be264d9bb17c46497989/backend/tests/test_settings_service.py#L129-L132
Tests,backend/tests/test_sql_containers.py,ContainerTests.test_wrong_ownership_cannot_remove_a_container,126,129,4,1,0,1,Low,Python,https://github.com/alejandroayalad/trinity/blob/014f3064689ff8f8fda6be264d9bb17c46497989/backend/tests/test_sql_containers.py#L126-L129
Tests,backend/tests/test_sql_engine.py,EngineTests.test_division_by_zero_returns_safe_failure,68,71,4,1,0,1,Low,Python,https://github.com/alejandroayalad/trinity/blob/014f3064689ff8f8fda6be264d9bb17c46497989/backend/tests/test_sql_engine.py#L68-L71
Tests,backend/tests/test_sql_staging.py,StagingTests.test_wrong_publication_coverage_fails_before_data_reads,82,85,4,1,0,1,Low,Python,https://github.com/alejandroayalad/trinity/blob/014f3064689ff8f8fda6be264d9bb17c46497989/backend/tests/test_sql_staging.py#L82-L85
Tests,backend/tests/test_sql_staging.py,StagingTests.test_expired_deadline_does_not_read,104,107,4,1,0,1,Low,Python,https://github.com/alejandroayalad/trinity/blob/014f3064689ff8f8fda6be264d9bb17c46497989/backend/tests/test_sql_staging.py#L104-L107
Tests,backend/tests/test_validate.py,ValidationTests.setUp,67,70,4,1,0,1,Low,Python,https://github.com/alejandroayalad/trinity/blob/014f3064689ff8f8fda6be264d9bb17c46497989/backend/tests/test_validate.py#L67-L70
Tests,backend/tests/test_validate.py,ValidationTests.test_s36_cancel_between_checks_or_during_diagnostics_retains_journal.cancelled,519,522,4,1,0,1,Low,Python,https://github.com/alejandroayalad/trinity/blob/014f3064689ff8f8fda6be264d9bb17c46497989/backend/tests/test_validate.py#L519-L522
Tests,backend/tests/test_validate.py,ValidationTests.test_existing_connector_retries_feed_successful_validation_offline.run,675,678,4,1,0,1,Low,Python,https://github.com/alejandroayalad/trinity/blob/014f3064689ff8f8fda6be264d9bb17c46497989/backend/tests/test_validate.py#L675-L678
Tests,frontend/src/api/client.test.ts,<callback@24>.<callback@25>,25,28,4,1,0,1,Low,TypeScript/JavaScript,https://github.com/alejandroayalad/trinity/blob/014f3064689ff8f8fda6be264d9bb17c46497989/frontend/src/api/client.test.ts#L25-L28
Tests,frontend/src/api/client.test.ts,<callback@24>.<callback@30>,30,33,4,1,0,1,Low,TypeScript/JavaScript,https://github.com/alejandroayalad/trinity/blob/014f3064689ff8f8fda6be264d9bb17c46497989/frontend/src/api/client.test.ts#L30-L33
Tests,frontend/src/components/components.test.tsx,<callback@160>.<callback@171>,171,174,4,1,0,1,Low,TypeScript/JavaScript,https://github.com/alejandroayalad/trinity/blob/014f3064689ff8f8fda6be264d9bb17c46497989/frontend/src/components/components.test.tsx#L171-L174
Production,frontend/src/components/overlay/useFocusTrap.ts,useFocusTrap.<callback@23>.<callback@56>,56,59,4,1,0,1,Low,TypeScript/JavaScript,https://github.com/alejandroayalad/trinity/blob/014f3064689ff8f8fda6be264d9bb17c46497989/frontend/src/components/overlay/useFocusTrap.ts#L56-L59
Tests,frontend/src/lib/copy.test.ts,<callback@33>.<callback@40>,40,43,4,1,0,1,Low,TypeScript/JavaScript,https://github.com/alejandroayalad/trinity/blob/014f3064689ff8f8fda6be264d9bb17c46497989/frontend/src/lib/copy.test.ts#L40-L43
Production,frontend/src/lib/dates.ts,DateTextError.constructor,19,22,4,1,0,1,Low,TypeScript/JavaScript,https://github.com/alejandroayalad/trinity/blob/014f3064689ff8f8fda6be264d9bb17c46497989/frontend/src/lib/dates.ts#L19-L22
Production,frontend/src/lib/dates.ts,dayNumber,52,55,4,1,0,1,Low,TypeScript/JavaScript,https://github.com/alejandroayalad/trinity/blob/014f3064689ff8f8fda6be264d9bb17c46497989/frontend/src/lib/dates.ts#L52-L55
Production,frontend/src/lib/dates.ts,formatDay,79,82,4,1,0,1,Low,TypeScript/JavaScript,https://github.com/alejandroayalad/trinity/blob/014f3064689ff8f8fda6be264d9bb17c46497989/frontend/src/lib/dates.ts#L79-L82
Production,frontend/src/lib/dates.ts,formatShortDay,85,88,4,1,0,1,Low,TypeScript/JavaScript,https://github.com/alejandroayalad/trinity/blob/014f3064689ff8f8fda6be264d9bb17c46497989/frontend/src/lib/dates.ts#L85-L88
Tests,frontend/src/lib/decimal.test.ts,<callback@26>.<callback@48>,48,51,4,1,0,1,Low,TypeScript/JavaScript,https://github.com/alejandroayalad/trinity/blob/014f3064689ff8f8fda6be264d9bb17c46497989/frontend/src/lib/decimal.test.ts#L48-L51
Tests,frontend/src/lib/decimal.test.ts,<callback@26>.<callback@96>,96,99,4,1,0,1,Low,TypeScript/JavaScript,https://github.com/alejandroayalad/trinity/blob/014f3064689ff8f8fda6be264d9bb17c46497989/frontend/src/lib/decimal.test.ts#L96-L99
Production,frontend/src/lib/decimal.ts,add,68,71,4,1,0,1,Low,TypeScript/JavaScript,https://github.com/alejandroayalad/trinity/blob/014f3064689ff8f8fda6be264d9bb17c46497989/frontend/src/lib/decimal.ts#L68-L71
Tests,frontend/src/lib/ids.test.ts,<callback@4>.<callback@5>,5,8,4,1,0,1,Low,TypeScript/JavaScript,https://github.com/alejandroayalad/trinity/blob/014f3064689ff8f8fda6be264d9bb17c46497989/frontend/src/lib/ids.test.ts#L5-L8
Production,frontend/src/pages/catalog/Choices.tsx,FacilityChoices.<callback@34>,34,37,4,1,0,1,Low,TypeScript/JavaScript,https://github.com/alejandroayalad/trinity/blob/014f3064689ff8f8fda6be264d9bb17c46497989/frontend/src/pages/catalog/Choices.tsx#L34-L37
Tests,frontend/src/pages/pages.test.tsx,<callback@176>.'GET /api/v1/refresh-runs/replacement',184,187,4,1,0,1,Low,TypeScript/JavaScript,https://github.com/alejandroayalad/trinity/blob/014f3064689ff8f8fda6be264d9bb17c46497989/frontend/src/pages/pages.test.tsx#L184-L187
Tests,frontend/tests/e2e/explorer-state.spec.ts,<callback@8>,8,11,4,1,0,1,Low,TypeScript/JavaScript,https://github.com/alejandroayalad/trinity/blob/014f3064689ff8f8fda6be264d9bb17c46497989/frontend/tests/e2e/explorer-state.spec.ts#L8-L11
Tests,frontend/tests/e2e/fidelity.spec.ts,signedIn,21,24,4,1,0,1,Low,TypeScript/JavaScript,https://github.com/alejandroayalad/trinity/blob/014f3064689ff8f8fda6be264d9bb17c46497989/frontend/tests/e2e/fidelity.spec.ts#L21-L24
Tests,frontend/tests/e2e/presentation.spec.ts,<callback@8>,8,11,4,1,0,1,Low,TypeScript/JavaScript,https://github.com/alejandroayalad/trinity/blob/014f3064689ff8f8fda6be264d9bb17c46497989/frontend/tests/e2e/presentation.spec.ts#L8-L11
Tests,frontend/tests/e2e/presentation.spec.ts,<callback@13>.<callback@30>.<callback@32>,32,35,4,1,0,1,Low,TypeScript/JavaScript,https://github.com/alejandroayalad/trinity/blob/014f3064689ff8f8fda6be264d9bb17c46497989/frontend/tests/e2e/presentation.spec.ts#L32-L35
Tools and migrations,scripts/trinity_function_audit.py,PythonMetric.__init__,70,73,4,1,0,1,Low,Python,https://github.com/alejandroayalad/trinity/blob/014f3064689ff8f8fda6be264d9bb17c46497989/scripts/trinity_function_audit.py#L70-L73
Tools and migrations,backend/migrations/versions/0001_local_auth.py,downgrade,44,46,3,1,0,1,Low,Python,https://github.com/alejandroayalad/trinity/blob/014f3064689ff8f8fda6be264d9bb17c46497989/backend/migrations/versions/0001_local_auth.py#L44-L46
Tools and migrations,backend/migrations/versions/0003_query_admission.py,downgrade,51,53,3,1,0,1,Low,Python,https://github.com/alejandroayalad/trinity/blob/014f3064689ff8f8fda6be264d9bb17c46497989/backend/migrations/versions/0003_query_admission.py#L51-L53
Production,backend/src/trinity/adapters/postgres.py,Database.open,49,51,3,1,0,1,Low,Python,https://github.com/alejandroayalad/trinity/blob/014f3064689ff8f8fda6be264d9bb17c46497989/backend/src/trinity/adapters/postgres.py#L49-L51
Production,backend/src/trinity/adapters/postgres.py,Database.close,53,55,3,1,0,1,Low,Python,https://github.com/alejandroayalad/trinity/blob/014f3064689ff8f8fda6be264d9bb17c46497989/backend/src/trinity/adapters/postgres.py#L53-L55
Production,backend/src/trinity/adapters/queue.py,RefreshQueue.__init__,34,36,3,1,0,1,Low,Python,https://github.com/alejandroayalad/trinity/blob/014f3064689ff8f8fda6be264d9bb17c46497989/backend/src/trinity/adapters/queue.py#L34-L36
Production,backend/src/trinity/adapters/queue.py,RefreshQueue.consumer,51,53,3,1,0,1,Low,Python,https://github.com/alejandroayalad/trinity/blob/014f3064689ff8f8fda6be264d9bb17c46497989/backend/src/trinity/adapters/queue.py#L51-L53
Production,backend/src/trinity/adapters/queue.py,RefreshQueue.close,55,57,3,1,0,1,Low,Python,https://github.com/alejandroayalad/trinity/blob/014f3064689ff8f8fda6be264d9bb17c46497989/backend/src/trinity/adapters/queue.py#L55-L57
Production,backend/src/trinity/auth/dependencies.py,require_capability.dependency,33,35,3,1,0,1,Low,Python,https://github.com/alejandroayalad/trinity/blob/014f3064689ff8f8fda6be264d9bb17c46497989/backend/src/trinity/auth/dependencies.py#L33-L35
Production,backend/src/trinity/auth/repository.py,revoke_session,41,43,3,1,0,1,Low,Python,https://github.com/alejandroayalad/trinity/blob/014f3064689ff8f8fda6be264d9bb17c46497989/backend/src/trinity/auth/repository.py#L41-L43
Production,backend/src/trinity/auth/router.py,me,24,26,3,1,0,1,Low,Python,https://github.com/alejandroayalad/trinity/blob/014f3064689ff8f8fda6be264d9bb17c46497989/backend/src/trinity/auth/router.py#L24-L26
Production,backend/src/trinity/auth/schemas.py,LoginRequest.username_encoding,42,44,3,1,0,1,Low,Python,https://github.com/alejandroayalad/trinity/blob/014f3064689ff8f8fda6be264d9bb17c46497989/backend/src/trinity/auth/schemas.py#L42-L44
Production,backend/src/trinity/catalog/router.py,catalog,13,15,3,1,0,1,Low,Python,https://github.com/alejandroayalad/trinity/blob/014f3064689ff8f8fda6be264d9bb17c46497989/backend/src/trinity/catalog/router.py#L13-L15
Production,backend/src/trinity/connector/client.py,EIAInputError.__init__,78,80,3,1,0,1,Low,Python,https://github.com/alejandroayalad/trinity/blob/014f3064689ff8f8fda6be264d9bb17c46497989/backend/src/trinity/connector/client.py#L78-L80
Production,backend/src/trinity/connector/client.py,EIARetrievalCancelled.__init__,86,88,3,1,0,1,Low,Python,https://github.com/alejandroayalad/trinity/blob/014f3064689ff8f8fda6be264d9bb17c46497989/backend/src/trinity/connector/client.py#L86-L88
Production,backend/src/trinity/connector/client.py,EIAResponsePage.data,103,105,3,1,0,1,Low,Python,https://github.com/alejandroayalad/trinity/blob/014f3064689ff8f8fda6be264d9bb17c46497989/backend/src/trinity/connector/client.py#L103-L105
Production,backend/src/trinity/connector/client.py,EIACollection.record_count,120,122,3,1,0,1,Low,Python,https://github.com/alejandroayalad/trinity/blob/014f3064689ff8f8fda6be264d9bb17c46497989/backend/src/trinity/connector/client.py#L120-L122
Production,backend/src/trinity/connector/client.py,EIACollection.page_count,125,127,3,1,0,1,Low,Python,https://github.com/alejandroayalad/trinity/blob/014f3064689ff8f8fda6be264d9bb17c46497989/backend/src/trinity/connector/client.py#L125-L127
Production,backend/src/trinity/connector/client.py,EIAClient.__aexit__,301,303,3,1,0,1,Low,Python,https://github.com/alejandroayalad/trinity/blob/014f3064689ff8f8fda6be264d9bb17c46497989/backend/src/trinity/connector/client.py#L301-L303
Production,backend/src/trinity/connector/client.py,EIAClient.aclose,305,307,3,1,0,1,Low,Python,https://github.com/alejandroayalad/trinity/blob/014f3064689ff8f8fda6be264d9bb17c46497989/backend/src/trinity/connector/client.py#L305-L307
Production,backend/src/trinity/connector/pipeline.py,_local_execution_file,177,179,3,1,0,1,Low,Python,https://github.com/alejandroayalad/trinity/blob/014f3064689ff8f8fda6be264d9bb17c46497989/backend/src/trinity/connector/pipeline.py#L177-L179
Production,backend/src/trinity/connector/pipeline.py,PreparationError.__init__,442,444,3,1,0,1,Low,Python,https://github.com/alejandroayalad/trinity/blob/014f3064689ff8f8fda6be264d9bb17c46497989/backend/src/trinity/connector/pipeline.py#L442-L444
Production,backend/src/trinity/connector/retrieval.py,utc_now,19,21,3,1,0,1,Low,Python,https://github.com/alejandroayalad/trinity/blob/014f3064689ff8f8fda6be264d9bb17c46497989/backend/src/trinity/connector/retrieval.py#L19-L21
Production,backend/src/trinity/connector/validate.py,ValidationReport.evidence_path,120,122,3,1,0,1,Low,Python,https://github.com/alejandroayalad/trinity/blob/014f3064689ff8f8fda6be264d9bb17c46497989/backend/src/trinity/connector/validate.py#L120-L122
Production,backend/src/trinity/contracts/choices.py,ChoiceOperation.to_bytes,49,51,3,1,0,1,Low,Python,https://github.com/alejandroayalad/trinity/blob/014f3064689ff8f8fda6be264d9bb17c46497989/backend/src/trinity/contracts/choices.py#L49-L51
Production,backend/src/trinity/contracts/choices.py,ChoiceOperation.digest,54,56,3,1,0,1,Low,Python,https://github.com/alejandroayalad/trinity/blob/014f3064689ff8f8fda6be264d9bb17c46497989/backend/src/trinity/contracts/choices.py#L54-L56
Production,backend/src/trinity/contracts/manifest.py,sha256,25,27,3,1,0,1,Low,Python,https://github.com/alejandroayalad/trinity/blob/014f3064689ff8f8fda6be264d9bb17c46497989/backend/src/trinity/contracts/manifest.py#L25-L27
Production,backend/src/trinity/contracts/manifest.py,_invalid_constant,72,74,3,1,0,1,Low,Python,https://github.com/alejandroayalad/trinity/blob/014f3064689ff8f8fda6be264d9bb17c46497989/backend/src/trinity/contracts/manifest.py#L72-L74
Production,backend/src/trinity/contracts/manifest.py,Manifest.to_bytes,201,203,3,1,0,1,Low,Python,https://github.com/alejandroayalad/trinity/blob/014f3064689ff8f8fda6be264d9bb17c46497989/backend/src/trinity/contracts/manifest.py#L201-L203
Production,backend/src/trinity/contracts/manifest.py,Manifest.digest,206,208,3,1,0,1,Low,Python,https://github.com/alejandroayalad/trinity/blob/014f3064689ff8f8fda6be264d9bb17c46497989/backend/src/trinity/contracts/manifest.py#L206-L208
Production,backend/src/trinity/contracts/queries.py,ValidatedQuery.digest,30,32,3,1,0,1,Low,Python,https://github.com/alejandroayalad/trinity/blob/014f3064689ff8f8fda6be264d9bb17c46497989/backend/src/trinity/contracts/queries.py#L30-L32
Production,backend/src/trinity/contracts/queries.py,PreviewOperation.to_bytes,120,122,3,1,0,1,Low,Python,https://github.com/alejandroayalad/trinity/blob/014f3064689ff8f8fda6be264d9bb17c46497989/backend/src/trinity/contracts/queries.py#L120-L122
Production,backend/src/trinity/contracts/queries.py,PreviewOperation.digest,125,127,3,1,0,1,Low,Python,https://github.com/alejandroayalad/trinity/blob/014f3064689ff8f8fda6be264d9bb17c46497989/backend/src/trinity/contracts/queries.py#L125-L127
Production,backend/src/trinity/contracts/queries.py,canonical_message,155,157,3,1,0,1,Low,Python,https://github.com/alejandroayalad/trinity/blob/014f3064689ff8f8fda6be264d9bb17c46497989/backend/src/trinity/contracts/queries.py#L155-L157
Production,backend/src/trinity/dashboard/calculation.py,parse_dashboard_input,64,66,3,1,0,1,Low,Python,https://github.com/alejandroayalad/trinity/blob/014f3064689ff8f8fda6be264d9bb17c46497989/backend/src/trinity/dashboard/calculation.py#L64-L66
Production,backend/src/trinity/dashboard/router.py,_service.<lambda@19>,19,21,3,1,0,1,Low,Python,https://github.com/alejandroayalad/trinity/blob/014f3064689ff8f8fda6be264d9bb17c46497989/backend/src/trinity/dashboard/router.py#L19-L21
Production,backend/src/trinity/dashboard/schemas.py,DashboardResponse.valid_freshness,127,129,3,1,0,1,Low,Python,https://github.com/alejandroayalad/trinity/blob/014f3064689ff8f8fda6be264d9bb17c46497989/backend/src/trinity/dashboard/schemas.py#L127-L129
Production,backend/src/trinity/dashboard/service.py,RefusingCodec.encode,24,26,3,1,0,1,Low,Python,https://github.com/alejandroayalad/trinity/blob/014f3064689ff8f8fda6be264d9bb17c46497989/backend/src/trinity/dashboard/service.py#L24-L26
Production,backend/src/trinity/dashboard/service.py,NationalService.dashboard,125,127,3,1,0,1,Low,Python,https://github.com/alejandroayalad/trinity/blob/014f3064689ff8f8fda6be264d9bb17c46497989/backend/src/trinity/dashboard/service.py#L125-L127
Production,backend/src/trinity/dashboard/service.py,NationalService.metric,129,131,3,1,0,1,Low,Python,https://github.com/alejandroayalad/trinity/blob/014f3064689ff8f8fda6be264d9bb17c46497989/backend/src/trinity/dashboard/service.py#L129-L131
Production,backend/src/trinity/main.py,create_app.health,81,83,3,1,0,1,Low,Python,https://github.com/alejandroayalad/trinity/blob/014f3064689ff8f8fda6be264d9bb17c46497989/backend/src/trinity/main.py#L81-L83
Production,backend/src/trinity/publication/custody.py,CustodyError.__init__,12,14,3,1,0,1,Low,Python,https://github.com/alejandroayalad/trinity/blob/014f3064689ff8f8fda6be264d9bb17c46497989/backend/src/trinity/publication/custody.py#L12-L14
Production,backend/src/trinity/publication/dispatch.py,PublicationDispatch.__init__,13,15,3,1,0,1,Low,Python,https://github.com/alejandroayalad/trinity/blob/014f3064689ff8f8fda6be264d9bb17c46497989/backend/src/trinity/publication/dispatch.py#L13-L15
Production,backend/src/trinity/publication/dispatch.py,PublicationDispatch.recover,50,52,3,1,0,1,Low,Python,https://github.com/alejandroayalad/trinity/blob/014f3064689ff8f8fda6be264d9bb17c46497989/backend/src/trinity/publication/dispatch.py#L50-L52
Production,backend/src/trinity/publication/service.py,PublicationService.transaction,74,76,3,1,0,1,Low,Python,https://github.com/alejandroayalad/trinity/blob/014f3064689ff8f8fda6be264d9bb17c46497989/backend/src/trinity/publication/service.py#L74-L76
Production,backend/src/trinity/queries/client.py,QueryExecution.change,33,35,3,1,0,1,Low,Python,https://github.com/alejandroayalad/trinity/blob/014f3064689ff8f8fda6be264d9bb17c46497989/backend/src/trinity/queries/client.py#L33-L35
Production,backend/src/trinity/queries/cursors.py,_canonical,59,61,3,1,0,1,Low,Python,https://github.com/alejandroayalad/trinity/blob/014f3064689ff8f8fda6be264d9bb17c46497989/backend/src/trinity/queries/cursors.py#L59-L61
Production,backend/src/trinity/queries/router.py,facility_choices,69,71,3,1,0,1,Low,Python,https://github.com/alejandroayalad/trinity/blob/014f3064689ff8f8fda6be264d9bb17c46497989/backend/src/trinity/queries/router.py#L69-L71
Production,backend/src/trinity/queries/router.py,generator_choices,75,77,3,1,0,1,Low,Python,https://github.com/alejandroayalad/trinity/blob/014f3064689ff8f8fda6be264d9bb17c46497989/backend/src/trinity/queries/router.py#L75-L77
Production,backend/src/trinity/queries/runtime/engine.py,QueryExecutionError.__init__,25,27,3,1,0,1,Low,Python,https://github.com/alejandroayalad/trinity/blob/014f3064689ff8f8fda6be264d9bb17c46497989/backend/src/trinity/queries/runtime/engine.py#L25-L27
Production,backend/src/trinity/refresh/candidates.py,approve,215,217,3,1,0,1,Low,Python,https://github.com/alejandroayalad/trinity/blob/014f3064689ff8f8fda6be264d9bb17c46497989/backend/src/trinity/refresh/candidates.py#L215-L217
Production,backend/src/trinity/refresh/candidates.py,retry,221,223,3,1,0,1,Low,Python,https://github.com/alejandroayalad/trinity/blob/014f3064689ff8f8fda6be264d9bb17c46497989/backend/src/trinity/refresh/candidates.py#L221-L223
Production,backend/src/trinity/refresh/candidates.py,discard,227,229,3,1,0,1,Low,Python,https://github.com/alejandroayalad/trinity/blob/014f3064689ff8f8fda6be264d9bb17c46497989/backend/src/trinity/refresh/candidates.py#L227-L229
Production,backend/src/trinity/refresh/dispatch.py,DispatchService.transaction,33,35,3,1,0,1,Low,Python,https://github.com/alejandroayalad/trinity/blob/014f3064689ff8f8fda6be264d9bb17c46497989/backend/src/trinity/refresh/dispatch.py#L33-L35
Production,backend/src/trinity/refresh/evidence.py,EvidenceError.__init__,27,29,3,1,0,1,Low,Python,https://github.com/alejandroayalad/trinity/blob/014f3064689ff8f8fda6be264d9bb17c46497989/backend/src/trinity/refresh/evidence.py#L27-L29
Production,backend/src/trinity/refresh/execution.py,ExecutionService.transaction,36,38,3,1,0,1,Low,Python,https://github.com/alejandroayalad/trinity/blob/014f3064689ff8f8fda6be264d9bb17c46497989/backend/src/trinity/refresh/execution.py#L36-L38
Production,backend/src/trinity/refresh/repository.py,read_command,18,20,3,1,0,1,Low,Python,https://github.com/alejandroayalad/trinity/blob/014f3064689ff8f8fda6be264d9bb17c46497989/backend/src/trinity/refresh/repository.py#L18-L20
Production,backend/src/trinity/refresh/router.py,rerun,86,88,3,1,0,1,Low,Python,https://github.com/alejandroayalad/trinity/blob/014f3064689ff8f8fda6be264d9bb17c46497989/backend/src/trinity/refresh/router.py#L86-L88
Production,backend/src/trinity/refresh/router.py,delete_warning,93,95,3,1,0,1,Low,Python,https://github.com/alejandroayalad/trinity/blob/014f3064689ff8f8fda6be264d9bb17c46497989/backend/src/trinity/refresh/router.py#L93-L95
Production,backend/src/trinity/settings/router.py,status,45,47,3,1,0,1,Low,Python,https://github.com/alejandroayalad/trinity/blob/014f3064689ff8f8fda6be264d9bb17c46497989/backend/src/trinity/settings/router.py#L45-L47
Production,backend/src/trinity/workers/publication.py,PublicationWorker.process,34,36,3,1,0,1,Low,Python,https://github.com/alejandroayalad/trinity/blob/014f3064689ff8f8fda6be264d9bb17c46497989/backend/src/trinity/workers/publication.py#L34-L36
Production,backend/src/trinity/workers/refresh.py,RefreshWorker.process,195,197,3,1,0,1,Low,Python,https://github.com/alejandroayalad/trinity/blob/014f3064689ff8f8fda6be264d9bb17c46497989/backend/src/trinity/workers/refresh.py#L195-L197
Tests,backend/tests/postgres_fixture.py,PostgresFixture.setup_done,75,77,3,1,0,1,Low,Python,https://github.com/alejandroayalad/trinity/blob/014f3064689ff8f8fda6be264d9bb17c46497989/backend/tests/postgres_fixture.py#L75-L77
Tests,backend/tests/preview_runtime_fixture.py,BridgeDocker.__init__,42,44,3,1,0,1,Low,Python,https://github.com/alejandroayalad/trinity/blob/014f3064689ff8f8fda6be264d9bb17c46497989/backend/tests/preview_runtime_fixture.py#L42-L44
Tests,backend/tests/publication_process_fixture.py,crash_publisher.die,37,39,3,1,0,1,Low,Python,https://github.com/alejandroayalad/trinity/blob/014f3064689ff8f8fda6be264d9bb17c46497989/backend/tests/publication_process_fixture.py#L37-L39
Tests,backend/tests/publication_process_fixture.py,crash_publisher.transaction,61,63,3,1,0,1,Low,Python,https://github.com/alejandroayalad/trinity/blob/014f3064689ff8f8fda6be264d9bb17c46497989/backend/tests/publication_process_fixture.py#L61-L63
Tests,backend/tests/refresh_worker_fixture.py,DiskObjects.__init__,12,14,3,1,0,1,Low,Python,https://github.com/alejandroayalad/trinity/blob/014f3064689ff8f8fda6be264d9bb17c46497989/backend/tests/refresh_worker_fixture.py#L12-L14
Tests,backend/tests/test_auth_unit.py,PolicyTests.test_unknown_capability_denies,43,45,3,1,0,1,Low,Python,https://github.com/alejandroayalad/trinity/blob/014f3064689ff8f8fda6be264d9bb17c46497989/backend/tests/test_auth_unit.py#L43-L45
Tests,backend/tests/test_auth_unit.py,PasswordTests.setUpClass,50,52,3,1,0,1,Low,Python,https://github.com/alejandroayalad/trinity/blob/014f3064689ff8f8fda6be264d9bb17c46497989/backend/tests/test_auth_unit.py#L50-L52
Tests,backend/tests/test_auth_unit.py,PasswordTests.test_untrusted_hash_parameters_never_run,60,62,3,1,0,1,Low,Python,https://github.com/alejandroayalad/trinity/blob/014f3064689ff8f8fda6be264d9bb17c46497989/backend/tests/test_auth_unit.py#L60-L62
Tests,backend/tests/test_auth_unit.py,TransportTests.setUp,80,82,3,1,0,1,Low,Python,https://github.com/alejandroayalad/trinity/blob/014f3064689ff8f8fda6be264d9bb17c46497989/backend/tests/test_auth_unit.py#L80-L82
Tests,backend/tests/test_auth_unit.py,ApiConfigTests.test_import_and_app_creation_require_no_configuration,172,174,3,1,0,1,Low,Python,https://github.com/alejandroayalad/trinity/blob/014f3064689ff8f8fda6be264d9bb17c46497989/backend/tests/test_auth_unit.py#L172-L174
Tests,backend/tests/test_catalog_postgres.py,PostgresCatalogTests.test_refresh_update_during_request_keeps_one_snapshot.fail_run,171,173,3,1,0,1,Low,Python,https://github.com/alejandroayalad/trinity/blob/014f3064689ff8f8fda6be264d9bb17c46497989/backend/tests/test_catalog_postgres.py#L171-L173
Tests,backend/tests/test_catalog_postgres.py,PostgresCatalogTests.test_transaction_is_readonly_shared_and_teardown_failure_never_succeeds.refresh,193,195,3,1,0,1,Low,Python,https://github.com/alejandroayalad/trinity/blob/014f3064689ff8f8fda6be264d9bb17c46497989/backend/tests/test_catalog_postgres.py#L193-L195
Tests,backend/tests/test_catalog_unit.py,CatalogTests.test_dependency_cleanup_failure_cannot_send_success,291,293,3,1,0,1,Low,Python,https://github.com/alejandroayalad/trinity/blob/014f3064689ff8f8fda6be264d9bb17c46497989/backend/tests/test_catalog_unit.py#L291-L293
Tests,backend/tests/test_eia_client.py,EIAClientTests.test_invalid_arguments_make_no_request.handler,123,125,3,1,0,1,Low,Python,https://github.com/alejandroayalad/trinity/blob/014f3064689ff8f8fda6be264d9bb17c46497989/backend/tests/test_eia_client.py#L123-L125
Tests,backend/tests/test_eia_pagination.py,PaginationTests.test_no_total_uses_exhaustion_without_inventing_metadata.handler,126,128,3,1,0,1,Low,Python,https://github.com/alejandroayalad/trinity/blob/014f3064689ff8f8fda6be264d9bb17c46497989/backend/tests/test_eia_pagination.py#L126-L128
Tests,backend/tests/test_eia_pagination.py,PaginationTests.test_facility_total_mismatch_is_retained_as_evidence.handler,154,156,3,1,0,1,Low,Python,https://github.com/alejandroayalad/trinity/blob/014f3064689ff8f8fda6be264d9bb17c46497989/backend/tests/test_eia_pagination.py#L154-L156
Tests,backend/tests/test_eia_pagination.py,PaginationTests.test_national_and_generator_total_mismatches_fail.handler,171,173,3,1,0,1,Low,Python,https://github.com/alejandroayalad/trinity/blob/014f3064689ff8f8fda6be264d9bb17c46497989/backend/tests/test_eia_pagination.py#L171-L173
Tests,backend/tests/test_eia_pagination.py,PaginationTests.test_repeated_overlapping_and_duplicate_rows_fail.handler,211,213,3,1,0,1,Low,Python,https://github.com/alejandroayalad/trinity/blob/014f3064689ff8f8fda6be264d9bb17c46497989/backend/tests/test_eia_pagination.py#L211-L213
Tests,backend/tests/test_eia_pagination.py,PaginationTests.test_invalid_limits_make_no_request.handler,276,278,3,1,0,1,Low,Python,https://github.com/alejandroayalad/trinity/blob/014f3064689ff8f8fda6be264d9bb17c46497989/backend/tests/test_eia_pagination.py#L276-L278
Tests,backend/tests/test_eia_retries.py,RetryTests.test_each_retryable_status_stops_after_three_attempts.handler,39,41,3,1,0,1,Low,Python,https://github.com/alejandroayalad/trinity/blob/014f3064689ff8f8fda6be264d9bb17c46497989/backend/tests/test_eia_retries.py#L39-L41
Tests,backend/tests/test_eia_retries.py,RetryTests.test_first_attempt_success_does_not_wait.handler,73,75,3,1,0,1,Low,Python,https://github.com/alejandroayalad/trinity/blob/014f3064689ff8f8fda6be264d9bb17c46497989/backend/tests/test_eia_retries.py#L73-L75
Tests,backend/tests/test_eia_retries.py,RetryTests.test_http_200_body_errors_and_bad_json_are_never_retried.handler,111,113,3,1,0,1,Low,Python,https://github.com/alejandroayalad/trinity/blob/014f3064689ff8f8fda6be264d9bb17c46497989/backend/tests/test_eia_retries.py#L111-L113
Tests,backend/tests/test_eia_retries.py,RetryTests.test_selected_temporary_transport_errors_are_bounded.handler,129,131,3,1,0,1,Low,Python,https://github.com/alejandroayalad/trinity/blob/014f3064689ff8f8fda6be264d9bb17c46497989/backend/tests/test_eia_retries.py#L129-L131
Tests,backend/tests/test_eia_retries.py,RetryTests.test_other_transport_errors_do_not_retry.handler,145,147,3,1,0,1,Low,Python,https://github.com/alejandroayalad/trinity/blob/014f3064689ff8f8fda6be264d9bb17c46497989/backend/tests/test_eia_retries.py#L145-L147
Tests,backend/tests/test_eia_retries.py,RetryTests.test_page_deadline_interrupts_backoff_without_another_attempt.handler,194,196,3,1,0,1,Low,Python,https://github.com/alejandroayalad/trinity/blob/014f3064689ff8f8fda6be264d9bb17c46497989/backend/tests/test_eia_retries.py#L194-L196
Tests,backend/tests/test_eia_retries.py,RetryTests.test_request_defaults_keep_connection_setup_short.handler,264,266,3,1,0,1,Low,Python,https://github.com/alejandroayalad/trinity/blob/014f3064689ff8f8fda6be264d9bb17c46497989/backend/tests/test_eia_retries.py#L264-L266
Tests,backend/tests/test_eia_retries.py,RetryTests.test_collection_deadline_interrupts_backoff_without_resetting.handler,280,282,3,1,0,1,Low,Python,https://github.com/alejandroayalad/trinity/blob/014f3064689ff8f8fda6be264d9bb17c46497989/backend/tests/test_eia_retries.py#L280-L282
Tests,backend/tests/test_eia_retries.py,RetryTests.test_caller_cancellation_is_not_retried.handler,300,302,3,1,0,1,Low,Python,https://github.com/alejandroayalad/trinity/blob/014f3064689ff8f8fda6be264d9bb17c46497989/backend/tests/test_eia_retries.py#L300-L302
Tests,backend/tests/test_eia_retries.py,RetryTests.test_caller_cancellation_is_not_retried.waiting_backoff,304,306,3,1,0,1,Low,Python,https://github.com/alejandroayalad/trinity/blob/014f3064689ff8f8fda6be264d9bb17c46497989/backend/tests/test_eia_retries.py#L304-L306
Tests,backend/tests/test_evidence_cache.py,GateReader.__init__,37,39,3,1,0,1,Low,Python,https://github.com/alejandroayalad/trinity/blob/014f3064689ff8f8fda6be264d9bb17c46497989/backend/tests/test_evidence_cache.py#L37-L39
Tests,backend/tests/test_evidence_cache.py,EvidenceCacheTests.test_expiry_is_fixed_from_success_and_never_extended_by_hits.advances,97,99,3,1,0,1,Low,Python,https://github.com/alejandroayalad/trinity/blob/014f3064689ff8f8fda6be264d9bb17c46497989/backend/tests/test_evidence_cache.py#L97-L99
Tests,backend/tests/test_parquet.py,FreezeFilesTests.test_partial_write_retains_failure_but_no_manifest.interrupted_write,366,368,3,1,0,1,Low,Python,https://github.com/alejandroayalad/trinity/blob/014f3064689ff8f8fda6be264d9bb17c46497989/backend/tests/test_parquet.py#L366-L368
Tests,backend/tests/test_prepare.py,fixture_worker.fail_sink.save,99,101,3,1,0,1,Low,Python,https://github.com/alejandroayalad/trinity/blob/014f3064689ff8f8fda6be264d9bb17c46497989/backend/tests/test_prepare.py#L99-L101
Tests,backend/tests/test_prepare.py,empty_worker,134,136,3,1,0,1,Low,Python,https://github.com/alejandroayalad/trinity/blob/014f3064689ff8f8fda6be264d9bb17c46497989/backend/tests/test_prepare.py#L134-L136
Tests,backend/tests/test_preview_check.py,PreviewCheckTests.test_missing_publication_empty_page_or_continuation_is_not_ready.empty,73,75,3,1,0,1,Low,Python,https://github.com/alejandroayalad/trinity/blob/014f3064689ff8f8fda6be264d9bb17c46497989/backend/tests/test_preview_check.py#L73-L75
Tests,backend/tests/test_preview_check.py,PreviewCheckTests.test_missing_publication_empty_page_or_continuation_is_not_ready.no_cursor,76,78,3,1,0,1,Low,Python,https://github.com/alejandroayalad/trinity/blob/014f3064689ff8f8fda6be264d9bb17c46497989/backend/tests/test_preview_check.py#L76-L78
Tests,backend/tests/test_preview_lifecycle.py,PreviewLifecycleTests.setUp.change,45,47,3,1,0,1,Low,Python,https://github.com/alejandroayalad/trinity/blob/014f3064689ff8f8fda6be264d9bb17c46497989/backend/tests/test_preview_lifecycle.py#L45-L47
Tests,backend/tests/test_preview_lifecycle.py,PreviewLifecycleTests.test_cancelled_fill_owner_keeps_reservation_until_shared_verification_stops.transaction,99,101,3,1,0,1,Low,Python,https://github.com/alejandroayalad/trinity/blob/014f3064689ff8f8fda6be264d9bb17c46497989/backend/tests/test_preview_lifecycle.py#L99-L101
Tests,backend/tests/test_preview_lifecycle.py,PreviewLifecycleTests.test_disconnect_while_container_runs_ends_it_and_releases_capacity.running,193,195,3,1,0,1,Low,Python,https://github.com/alejandroayalad/trinity/blob/014f3064689ff8f8fda6be264d9bb17c46497989/backend/tests/test_preview_lifecycle.py#L193-L195
Tests,backend/tests/test_preview_postgres.py,PreviewPostgresTests.test_each_request_rechecks_role_and_session_before_pin.changed,106,108,3,1,0,1,Low,Python,https://github.com/alejandroayalad/trinity/blob/014f3064689ff8f8fda6be264d9bb17c46497989/backend/tests/test_preview_postgres.py#L106-L108
Tests,backend/tests/test_preview_service.py,Database.__init__,23,25,3,1,0,1,Low,Python,https://github.com/alejandroayalad/trinity/blob/014f3064689ff8f8fda6be264d9bb17c46497989/backend/tests/test_preview_service.py#L23-L25
Tests,backend/tests/test_publication_postgres.py,PublicationPostgresTests.test_each_final_write_rollback_and_lost_commit_response.lost,158,160,3,1,0,1,Low,Python,https://github.com/alejandroayalad/trinity/blob/014f3064689ff8f8fda6be264d9bb17c46497989/backend/tests/test_publication_postgres.py#L158-L160
Tests,backend/tests/test_publication_process.py,PublicationProcessTests.test_live_thread_keeps_lock_after_lease_expiry.blocked,81,83,3,1,0,1,Low,Python,https://github.com/alejandroayalad/trinity/blob/014f3064689ff8f8fda6be264d9bb17c46497989/backend/tests/test_publication_process.py#L81-L83
Tests,backend/tests/test_publication_process.py,PublicationProcessTests.test_cancelled_async_wrapper_does_not_release_live_thread_lock.blocked,100,102,3,1,0,1,Low,Python,https://github.com/alejandroayalad/trinity/blob/014f3064689ff8f8fda6be264d9bb17c46497989/backend/tests/test_publication_process.py#L100-L102
Tests,backend/tests/test_refresh_candidates.py,CandidateTests.recovery,92,94,3,1,0,1,Low,Python,https://github.com/alejandroayalad/trinity/blob/014f3064689ff8f8fda6be264d9bb17c46497989/backend/tests/test_refresh_candidates.py#L92-L94
Tests,backend/tests/test_refresh_evidence.py,RefreshEvidenceTests.test_retained_digest_cannot_be_replaced_by_current_file_hash,27,29,3,1,0,1,Low,Python,https://github.com/alejandroayalad/trinity/blob/014f3064689ff8f8fda6be264d9bb17c46497989/backend/tests/test_refresh_evidence.py#L27-L29
Tests,backend/tests/test_refresh_postgres.py,RefreshPostgresTests.test_writer_review_handoff_is_accepted_by_actual_preview_service.<lambda@111>,111,113,3,1,0,1,Low,Python,https://github.com/alejandroayalad/trinity/blob/014f3064689ff8f8fda6be264d9bb17c46497989/backend/tests/test_refresh_postgres.py#L111-L113
Tests,backend/tests/test_refresh_recovery.py,ParsingTests.setUp,15,17,3,1,0,1,Low,Python,https://github.com/alejandroayalad/trinity/blob/014f3064689ff8f8fda6be264d9bb17c46497989/backend/tests/test_refresh_recovery.py#L15-L17
Tests,backend/tests/test_refresh_recovery.py,ParsingTests.parse,19,21,3,1,0,1,Low,Python,https://github.com/alejandroayalad/trinity/blob/014f3064689ff8f8fda6be264d9bb17c46497989/backend/tests/test_refresh_recovery.py#L19-L21
Tests,backend/tests/test_refresh_recovery.py,EvidenceConnection.fetchone,112,114,3,1,0,1,Low,Python,https://github.com/alejandroayalad/trinity/blob/014f3064689ff8f8fda6be264d9bb17c46497989/backend/tests/test_refresh_recovery.py#L112-L114
Tests,backend/tests/test_refresh_recovery.py,EligibilityTests.actions,134,136,3,1,0,1,Low,Python,https://github.com/alejandroayalad/trinity/blob/014f3064689ff8f8fda6be264d9bb17c46497989/backend/tests/test_refresh_recovery.py#L134-L136
Tests,backend/tests/test_refresh_recovery.py,EligibilityTests.denied,138,140,3,1,0,1,Low,Python,https://github.com/alejandroayalad/trinity/blob/014f3064689ff8f8fda6be264d9bb17c46497989/backend/tests/test_refresh_recovery.py#L138-L140
Tests,backend/tests/test_refresh_recovery.py,EligibilityTests.test_setup_only_gates_new_run,163,165,3,1,0,1,Low,Python,https://github.com/alejandroayalad/trinity/blob/014f3064689ff8f8fda6be264d9bb17c46497989/backend/tests/test_refresh_recovery.py#L163-L165
Tests,backend/tests/test_refresh_recovery.py,EligibilityTests.test_expired_nonnull_lease_is_not_stop_proof,198,200,3,1,0,1,Low,Python,https://github.com/alejandroayalad/trinity/blob/014f3064689ff8f8fda6be264d9bb17c46497989/backend/tests/test_refresh_recovery.py#L198-L200
Tests,backend/tests/test_refresh_recovery_postgres.py,WriteFailureDatabase.__init__,21,23,3,1,0,1,Low,Python,https://github.com/alejandroayalad/trinity/blob/014f3064689ff8f8fda6be264d9bb17c46497989/backend/tests/test_refresh_recovery_postgres.py#L21-L23
Tests,backend/tests/test_refresh_recovery_service.py,RecoveryServiceTests.client,257,259,3,1,0,1,Low,Python,https://github.com/alejandroayalad/trinity/blob/014f3064689ff8f8fda6be264d9bb17c46497989/backend/tests/test_refresh_recovery_service.py#L257-L259
Tests,backend/tests/test_refresh_recovery_service.py,RecoveryServiceTests.headers,261,263,3,1,0,1,Low,Python,https://github.com/alejandroayalad/trinity/blob/014f3064689ff8f8fda6be264d9bb17c46497989/backend/tests/test_refresh_recovery_service.py#L261-L263
Tests,backend/tests/test_refresh_recovery_service.py,ProjectionConnection.fetchone,370,372,3,1,0,1,Low,Python,https://github.com/alejandroayalad/trinity/blob/014f3064689ff8f8fda6be264d9bb17c46497989/backend/tests/test_refresh_recovery_service.py#L370-L372
Tests,backend/tests/test_refresh_recovery_service.py,RecoveryProjectionTests.test_setup_changes_rerun_only_on_all_surfaces,414,416,3,1,0,1,Low,Python,https://github.com/alejandroayalad/trinity/blob/014f3064689ff8f8fda6be264d9bb17c46497989/backend/tests/test_refresh_recovery_service.py#L414-L416
Tests,backend/tests/test_refresh_worker.py,WorkerTests.test_temporary_discovery_failure_has_three_persisted_attempts.unavailable,157,159,3,1,0,1,Low,Python,https://github.com/alejandroayalad/trinity/blob/014f3064689ff8f8fda6be264d9bb17c46497989/backend/tests/test_refresh_worker.py#L157-L159
Tests,backend/tests/test_retrieval.py,RetrievalTests.test_cancellation_records_interrupted_and_skipped_routes.handler,211,213,3,1,0,1,Low,Python,https://github.com/alejandroayalad/trinity/blob/014f3064689ff8f8fda6be264d9bb17c46497989/backend/tests/test_retrieval.py#L211-L213
Tests,backend/tests/test_retrieval.py,CommandTests.test_success_and_failure_exit_codes_with_saved_attempts.factory,251,253,3,1,0,1,Low,Python,https://github.com/alejandroayalad/trinity/blob/014f3064689ff8f8fda6be264d9bb17c46497989/backend/tests/test_retrieval.py#L251-L253
Tests,backend/tests/test_s3.py,FakeClock.sleep,51,53,3,1,0,1,Low,Python,https://github.com/alejandroayalad/trinity/blob/014f3064689ff8f8fda6be264d9bb17c46497989/backend/tests/test_s3.py#L51-L53
Tests,backend/tests/test_s3.py,StorageTests.test_deadline_during_streaming_and_invalid_budgets_block_success.SlowBody.read,384,386,3,1,0,1,Low,Python,https://github.com/alejandroayalad/trinity/blob/014f3064689ff8f8fda6be264d9bb17c46497989/backend/tests/test_s3.py#L384-L386
Tests,backend/tests/test_schedule_unit.py,utc,27,29,3,1,0,1,Low,Python,https://github.com/alejandroayalad/trinity/blob/014f3064689ff8f8fda6be264d9bb17c46497989/backend/tests/test_schedule_unit.py#L27-L29
Tests,backend/tests/test_schedule_unit.py,SettingsRequestTests.parse,169,171,3,1,0,1,Low,Python,https://github.com/alejandroayalad/trinity/blob/014f3064689ff8f8fda6be264d9bb17c46497989/backend/tests/test_schedule_unit.py#L169-L171
Tests,backend/tests/test_schedule_unit.py,SettingsRequestTests.test_valid_bodies_including_disabled,173,175,3,1,0,1,Low,Python,https://github.com/alejandroayalad/trinity/blob/014f3064689ff8f8fda6be264d9bb17c46497989/backend/tests/test_schedule_unit.py#L173-L175
Tests,backend/tests/test_scheduler_postgres.py,at,44,46,3,1,0,1,Low,Python,https://github.com/alejandroayalad/trinity/blob/014f3064689ff8f8fda6be264d9bb17c46497989/backend/tests/test_scheduler_postgres.py#L44-L46
Tests,backend/tests/test_scheduler_postgres.py,SchedulerPostgresTests.test_save_waits_for_admission_and_cannot_change_its_revision.slow_clock.<lambda@276>,276,278,3,1,0,1,Low,Python,https://github.com/alejandroayalad/trinity/blob/014f3064689ff8f8fda6be264d9bb17c46497989/backend/tests/test_scheduler_postgres.py#L276-L278
Tests,backend/tests/test_scheduler_unit.py,StopAfterOne.once,33,35,3,1,0,1,Low,Python,https://github.com/alejandroayalad/trinity/blob/014f3064689ff8f8fda6be264d9bb17c46497989/backend/tests/test_scheduler_unit.py#L33-L35
Tests,backend/tests/test_scheduler_unit.py,SchedulerLogTests.run_loop.scenario,40,42,3,1,0,1,Low,Python,https://github.com/alejandroayalad/trinity/blob/014f3064689ff8f8fda6be264d9bb17c46497989/backend/tests/test_scheduler_unit.py#L40-L42
Tests,backend/tests/test_settings_postgres.py,SettingsPostgresTests.put,35,37,3,1,0,1,Low,Python,https://github.com/alejandroayalad/trinity/blob/014f3064689ff8f8fda6be264d9bb17c46497989/backend/tests/test_settings_postgres.py#L35-L37
Tests,backend/tests/test_settings_service.py,FakeDatabase.__init__,52,54,3,1,0,1,Low,Python,https://github.com/alejandroayalad/trinity/blob/014f3064689ff8f8fda6be264d9bb17c46497989/backend/tests/test_settings_service.py#L52-L54
Tests,backend/tests/test_settings_service.py,FakeDatabase.transaction,57,59,3,1,0,1,Low,Python,https://github.com/alejandroayalad/trinity/blob/014f3064689ff8f8fda6be264d9bb17c46497989/backend/tests/test_settings_service.py#L57-L59
Tests,backend/tests/test_settings_service.py,ParseTests.test_valid_command,90,92,3,1,0,1,Low,Python,https://github.com/alejandroayalad/trinity/blob/014f3064689ff8f8fda6be264d9bb17c46497989/backend/tests/test_settings_service.py#L90-L92
Tests,backend/tests/test_settings_service.py,UpdateOrderTests.run_update.lock,108,110,3,1,0,1,Low,Python,https://github.com/alejandroayalad/trinity/blob/014f3064689ff8f8fda6be264d9bb17c46497989/backend/tests/test_settings_service.py#L108-L110
Tests,backend/tests/test_settings_service.py,UpdateOrderTests.test_first_save_completes_setup,159,161,3,1,0,1,Low,Python,https://github.com/alejandroayalad/trinity/blob/014f3064689ff8f8fda6be264d9bb17c46497989/backend/tests/test_settings_service.py#L159-L161
Tests,backend/tests/test_settings_service.py,Identity.__init__,236,238,3,1,0,1,Low,Python,https://github.com/alejandroayalad/trinity/blob/014f3064689ff8f8fda6be264d9bb17c46497989/backend/tests/test_settings_service.py#L236-L238
Tests,backend/tests/test_settings_service.py,OperatorScheduleCheckTests.test_non_admin_must_be_denied_and_saves_nothing.handler,388,390,3,1,0,1,Low,Python,https://github.com/alejandroayalad/trinity/blob/014f3064689ff8f8fda6be264d9bb17c46497989/backend/tests/test_settings_service.py#L388-L390
Tests,backend/tests/test_sql_engine.py,EngineTests.execute,26,28,3,1,0,1,Low,Python,https://github.com/alejandroayalad/trinity/blob/014f3064689ff8f8fda6be264d9bb17c46497989/backend/tests/test_sql_engine.py#L26-L28
Tests,backend/tests/test_sql_engine.py,EngineTests.test_canonical_qualifier_resolves_even_with_a_table_alias,97,99,3,1,0,1,Low,Python,https://github.com/alejandroayalad/trinity/blob/014f3064689ff8f8fda6be264d9bb17c46497989/backend/tests/test_sql_engine.py#L97-L99
Tests,backend/tests/test_sql_policy.py,SqlPolicyTests.test_comment_or_string_keywords_do_not_trigger_false_rejection,64,66,3,1,0,1,Low,Python,https://github.com/alejandroayalad/trinity/blob/014f3064689ff8f8fda6be264d9bb17c46497989/backend/tests/test_sql_policy.py#L64-L66
Tests,backend/tests/test_sql_postgres.py,rate_attempt,23,25,3,1,0,1,Low,Python,https://github.com/alejandroayalad/trinity/blob/014f3064689ff8f8fda6be264d9bb17c46497989/backend/tests/test_sql_postgres.py#L23-L25
Tests,backend/tests/test_sql_postgres.py,QueryPostgresTests.test_role_change_during_policy_is_denied_at_second_snapshot.policy,63,65,3,1,0,1,Low,Python,https://github.com/alejandroayalad/trinity/blob/014f3064689ff8f8fda6be264d9bb17c46497989/backend/tests/test_sql_postgres.py#L63-L65
Tests,backend/tests/test_sql_single_statement.py,SingleStatementTests.test_one_trailing_semicolon_passes,31,33,3,1,0,1,Low,Python,https://github.com/alejandroayalad/trinity/blob/014f3064689ff8f8fda6be264d9bb17c46497989/backend/tests/test_sql_single_statement.py#L31-L33
Tests,backend/tests/test_sql_single_statement.py,SingleStatementTests.test_original_b03_rejects_extra_empty_statement,35,37,3,1,0,1,Low,Python,https://github.com/alejandroayalad/trinity/blob/014f3064689ff8f8fda6be264d9bb17c46497989/backend/tests/test_sql_single_statement.py#L35-L37
Tests,backend/tests/test_validate.py,ValidationTests.run_candidate,76,78,3,1,0,1,Low,Python,https://github.com/alejandroayalad/trinity/blob/014f3064689ff8f8fda6be264d9bb17c46497989/backend/tests/test_validate.py#L76-L78
Tests,backend/tests/test_validate.py,ValidationTests.test_s22_s23_registry_rejects_partial_duplicate_mixed_or_wrong_results.passes,307,309,3,1,0,1,Low,Python,https://github.com/alejandroayalad/trinity/blob/014f3064689ff8f8fda6be264d9bb17c46497989/backend/tests/test_validate.py#L307-L309
Tools and migrations,deploy/check_web.py,docker,44,46,3,1,0,1,Low,Python,https://github.com/alejandroayalad/trinity/blob/014f3064689ff8f8fda6be264d9bb17c46497989/deploy/check_web.py#L44-L46
Tests,frontend/src/api/client.test.ts,signIn,10,12,3,1,0,1,Low,TypeScript/JavaScript,https://github.com/alejandroayalad/trinity/blob/014f3064689ff8f8fda6be264d9bb17c46497989/frontend/src/api/client.test.ts#L10-L12
Production,frontend/src/api/client.ts,ApiError.isNetworkError,83,85,3,1,0,1,Low,TypeScript/JavaScript,https://github.com/alejandroayalad/trinity/blob/014f3064689ff8f8fda6be264d9bb17c46497989/frontend/src/api/client.ts#L83-L85
Production,frontend/src/api/client.ts,setUnauthorizedHandler,96,98,3,1,0,1,Low,TypeScript/JavaScript,https://github.com/alejandroayalad/trinity/blob/014f3064689ff8f8fda6be264d9bb17c46497989/frontend/src/api/client.ts#L96-L98
Production,frontend/src/api/client.ts,setPublicationListener,101,103,3,1,0,1,Low,TypeScript/JavaScript,https://github.com/alejandroayalad/trinity/blob/014f3064689ff8f8fda6be264d9bb17c46497989/frontend/src/api/client.ts#L101-L103
Production,frontend/src/api/endpoints.ts,login,22,24,3,1,0,1,Low,TypeScript/JavaScript,https://github.com/alejandroayalad/trinity/blob/014f3064689ff8f8fda6be264d9bb17c46497989/frontend/src/api/endpoints.ts#L22-L24
Production,frontend/src/api/endpoints.ts,logout,26,28,3,1,0,1,Low,TypeScript/JavaScript,https://github.com/alejandroayalad/trinity/blob/014f3064689ff8f8fda6be264d9bb17c46497989/frontend/src/api/endpoints.ts#L26-L28
Production,frontend/src/api/endpoints.ts,getMe,30,32,3,1,0,1,Low,TypeScript/JavaScript,https://github.com/alejandroayalad/trinity/blob/014f3064689ff8f8fda6be264d9bb17c46497989/frontend/src/api/endpoints.ts#L30-L32
Production,frontend/src/api/endpoints.ts,getCatalog,34,36,3,1,0,1,Low,TypeScript/JavaScript,https://github.com/alejandroayalad/trinity/blob/014f3064689ff8f8fda6be264d9bb17c46497989/frontend/src/api/endpoints.ts#L34-L36
Production,frontend/src/api/endpoints.ts,runQuery,53,55,3,1,0,1,Low,TypeScript/JavaScript,https://github.com/alejandroayalad/trinity/blob/014f3064689ff8f8fda6be264d9bb17c46497989/frontend/src/api/endpoints.ts#L53-L55
Production,frontend/src/api/endpoints.ts,getRuns,57,59,3,1,0,1,Low,TypeScript/JavaScript,https://github.com/alejandroayalad/trinity/blob/014f3064689ff8f8fda6be264d9bb17c46497989/frontend/src/api/endpoints.ts#L57-L59
Production,frontend/src/api/endpoints.ts,getRun,61,63,3,1,0,1,Low,TypeScript/JavaScript,https://github.com/alejandroayalad/trinity/blob/014f3064689ff8f8fda6be264d9bb17c46497989/frontend/src/api/endpoints.ts#L61-L63
Production,frontend/src/api/endpoints.ts,startRefresh,65,67,3,1,0,1,Low,TypeScript/JavaScript,https://github.com/alejandroayalad/trinity/blob/014f3064689ff8f8fda6be264d9bb17c46497989/frontend/src/api/endpoints.ts#L65-L67
Production,frontend/src/api/endpoints.ts,getCandidate,69,71,3,1,0,1,Low,TypeScript/JavaScript,https://github.com/alejandroayalad/trinity/blob/014f3064689ff8f8fda6be264d9bb17c46497989/frontend/src/api/endpoints.ts#L69-L71
Production,frontend/src/api/endpoints.ts,getSettings,83,85,3,1,0,1,Low,TypeScript/JavaScript,https://github.com/alejandroayalad/trinity/blob/014f3064689ff8f8fda6be264d9bb17c46497989/frontend/src/api/endpoints.ts#L83-L85
Production,frontend/src/api/endpoints.ts,getDashboard,87,89,3,1,0,1,Low,TypeScript/JavaScript,https://github.com/alejandroayalad/trinity/blob/014f3064689ff8f8fda6be264d9bb17c46497989/frontend/src/api/endpoints.ts#L87-L89
Production,frontend/src/api/endpoints.ts,getMetric,90,92,3,1,0,1,Low,TypeScript/JavaScript,https://github.com/alejandroayalad/trinity/blob/014f3064689ff8f8fda6be264d9bb17c46497989/frontend/src/api/endpoints.ts#L90-L92
Production,frontend/src/api/endpoints.ts,saveSettings,93,95,3,1,0,1,Low,TypeScript/JavaScript,https://github.com/alejandroayalad/trinity/blob/014f3064689ff8f8fda6be264d9bb17c46497989/frontend/src/api/endpoints.ts#L93-L95
Production,frontend/src/api/endpoints.ts,getScheduleStatus,96,98,3,1,0,1,Low,TypeScript/JavaScript,https://github.com/alejandroayalad/trinity/blob/014f3064689ff8f8fda6be264d9bb17c46497989/frontend/src/api/endpoints.ts#L96-L98
Production,frontend/src/api/endpoints.ts,getGenerators,102,104,3,1,0,1,Low,TypeScript/JavaScript,https://github.com/alejandroayalad/trinity/blob/014f3064689ff8f8fda6be264d9bb17c46497989/frontend/src/api/endpoints.ts#L102-L104
Production,frontend/src/components/controls/Button.tsx,Button,22,24,3,1,0,1,Low,TypeScript/JavaScript,https://github.com/alejandroayalad/trinity/blob/014f3064689ff8f8fda6be264d9bb17c46497989/frontend/src/components/controls/Button.tsx#L22-L24
Production,frontend/src/components/controls/Button.tsx,ButtonLink,29,31,3,1,0,1,Low,TypeScript/JavaScript,https://github.com/alejandroayalad/trinity/blob/014f3064689ff8f8fda6be264d9bb17c46497989/frontend/src/components/controls/Button.tsx#L29-L31
Production,frontend/src/components/controls/Tabs.tsx,Tabs.<callback@33>.<callback@38>,38,40,3,1,0,1,Low,TypeScript/JavaScript,https://github.com/alejandroayalad/trinity/blob/014f3064689ff8f8fda6be264d9bb17c46497989/frontend/src/components/controls/Tabs.tsx#L38-L40
Production,frontend/src/components/feedback/States.tsx,EmptyState,21,23,3,1,0,1,Low,TypeScript/JavaScript,https://github.com/alejandroayalad/trinity/blob/014f3064689ff8f8fda6be264d9bb17c46497989/frontend/src/components/feedback/States.tsx#L21-L23
Production,frontend/src/components/feedback/StatusBadge.tsx,MissingChip,29,31,3,1,0,1,Low,TypeScript/JavaScript,https://github.com/alejandroayalad/trinity/blob/014f3064689ff8f8fda6be264d9bb17c46497989/frontend/src/components/feedback/StatusBadge.tsx#L29-L31
Production,frontend/src/components/feedback/StatusBadge.tsx,UnavailableValue,34,36,3,1,0,1,Low,TypeScript/JavaScript,https://github.com/alejandroayalad/trinity/blob/014f3064689ff8f8fda6be264d9bb17c46497989/frontend/src/components/feedback/StatusBadge.tsx#L34-L36
Production,frontend/src/components/feedback/Toast.tsx,useToast,35,37,3,1,0,1,Low,TypeScript/JavaScript,https://github.com/alejandroayalad/trinity/blob/014f3064689ff8f8fda6be264d9bb17c46497989/frontend/src/components/feedback/Toast.tsx#L35-L37
Production,frontend/src/components/overlay/useFocusTrap.ts,useFocusTrap.<callback@19>,19,21,3,1,0,1,Low,TypeScript/JavaScript,https://github.com/alejandroayalad/trinity/blob/014f3064689ff8f8fda6be264d9bb17c46497989/frontend/src/components/overlay/useFocusTrap.ts#L19-L21
Tests,frontend/src/lib/copy.test.ts,<callback@46>.<callback@47>,47,49,3,1,0,1,Low,TypeScript/JavaScript,https://github.com/alejandroayalad/trinity/blob/014f3064689ff8f8fda6be264d9bb17c46497989/frontend/src/lib/copy.test.ts#L47-L49
Tests,frontend/src/lib/dates.test.ts,<callback@17>.<callback@18>,18,20,3,1,0,1,Low,TypeScript/JavaScript,https://github.com/alejandroayalad/trinity/blob/014f3064689ff8f8fda6be264d9bb17c46497989/frontend/src/lib/dates.test.ts#L18-L20
Production,frontend/src/lib/dates.ts,fromDayNumber,58,60,3,1,0,1,Low,TypeScript/JavaScript,https://github.com/alejandroayalad/trinity/blob/014f3064689ff8f8fda6be264d9bb17c46497989/frontend/src/lib/dates.ts#L58-L60
Production,frontend/src/lib/dates.ts,addDays,62,64,3,1,0,1,Low,TypeScript/JavaScript,https://github.com/alejandroayalad/trinity/blob/014f3064689ff8f8fda6be264d9bb17c46497989/frontend/src/lib/dates.ts#L62-L64
Production,frontend/src/lib/dates.ts,daysInclusive,67,69,3,1,0,1,Low,TypeScript/JavaScript,https://github.com/alejandroayalad/trinity/blob/014f3064689ff8f8fda6be264d9bb17c46497989/frontend/src/lib/dates.ts#L67-L69
Production,frontend/src/lib/dates.ts,formatDayRange,91,93,3,1,0,1,Low,TypeScript/JavaScript,https://github.com/alejandroayalad/trinity/blob/014f3064689ff8f8fda6be264d9bb17c46497989/frontend/src/lib/dates.ts#L91-L93
Tests,frontend/src/lib/decimal.test.ts,<callback@26>.<callback@53>,53,55,3,1,0,1,Low,TypeScript/JavaScript,https://github.com/alejandroayalad/trinity/blob/014f3064689ff8f8fda6be264d9bb17c46497989/frontend/src/lib/decimal.test.ts#L53-L55
Production,frontend/src/lib/decimal.ts,powerOfTen,36,38,3,1,0,1,Low,TypeScript/JavaScript,https://github.com/alejandroayalad/trinity/blob/014f3064689ff8f8fda6be264d9bb17c46497989/frontend/src/lib/decimal.ts#L36-L38
Production,frontend/src/lib/decimal.ts,isDecimalText,50,52,3,1,0,1,Low,TypeScript/JavaScript,https://github.com/alejandroayalad/trinity/blob/014f3064689ff8f8fda6be264d9bb17c46497989/frontend/src/lib/decimal.ts#L50-L52
Production,frontend/src/lib/decimal.ts,withScale,55,57,3,1,0,1,Low,TypeScript/JavaScript,https://github.com/alejandroayalad/trinity/blob/014f3064689ff8f8fda6be264d9bb17c46497989/frontend/src/lib/decimal.ts#L55-L57
Production,frontend/src/lib/decimal.ts,subtract,73,75,3,1,0,1,Low,TypeScript/JavaScript,https://github.com/alejandroayalad/trinity/blob/014f3064689ff8f8fda6be264d9bb17c46497989/frontend/src/lib/decimal.ts#L73-L75
Production,frontend/src/lib/decimal.ts,sum,78,80,3,1,0,1,Low,TypeScript/JavaScript,https://github.com/alejandroayalad/trinity/blob/014f3064689ff8f8fda6be264d9bb17c46497989/frontend/src/lib/decimal.ts#L78-L80
Production,frontend/src/lib/decimal.ts,isZero,82,84,3,1,0,1,Low,TypeScript/JavaScript,https://github.com/alejandroayalad/trinity/blob/014f3064689ff8f8fda6be264d9bb17c46497989/frontend/src/lib/decimal.ts#L82-L84
Production,frontend/src/lib/decimal.ts,multiply,122,124,3,1,0,1,Low,TypeScript/JavaScript,https://github.com/alejandroayalad/trinity/blob/014f3064689ff8f8fda6be264d9bb17c46497989/frontend/src/lib/decimal.ts#L122-L124
Production,frontend/src/lib/decimal.ts,combinedShare,143,145,3,1,0,1,Low,TypeScript/JavaScript,https://github.com/alejandroayalad/trinity/blob/014f3064689ff8f8fda6be264d9bb17c46497989/frontend/src/lib/decimal.ts#L143-L145
Production,frontend/src/lib/decimal.ts,groupThousands,153,155,3,1,0,1,Low,TypeScript/JavaScript,https://github.com/alejandroayalad/trinity/blob/014f3064689ff8f8fda6be264d9bb17c46497989/frontend/src/lib/decimal.ts#L153-L155
Production,frontend/src/lib/decimal.ts,formatFixed,174,176,3,1,0,1,Low,TypeScript/JavaScript,https://github.com/alejandroayalad/trinity/blob/014f3064689ff8f8fda6be264d9bb17c46497989/frontend/src/lib/decimal.ts#L174-L176
Production,frontend/src/lib/decimal.ts,toText,194,196,3,1,0,1,Low,TypeScript/JavaScript,https://github.com/alejandroayalad/trinity/blob/014f3064689ff8f8fda6be264d9bb17c46497989/frontend/src/lib/decimal.ts#L194-L196
Production,frontend/src/lib/decimal.ts,scaleBy,203,205,3,1,0,1,Low,TypeScript/JavaScript,https://github.com/alejandroayalad/trinity/blob/014f3064689ff8f8fda6be264d9bb17c46497989/frontend/src/lib/decimal.ts#L203-L205
Production,frontend/src/lib/ids.ts,shortId,10,12,3,1,0,1,Low,TypeScript/JavaScript,https://github.com/alejandroayalad/trinity/blob/014f3064689ff8f8fda6be264d9bb17c46497989/frontend/src/lib/ids.ts#L10-L12
Production,frontend/src/lib/ids.ts,runLabel,15,17,3,1,0,1,Low,TypeScript/JavaScript,https://github.com/alejandroayalad/trinity/blob/014f3064689ff8f8fda6be264d9bb17c46497989/frontend/src/lib/ids.ts#L15-L17
Production,frontend/src/pages/shared.tsx,reviewWarnings,46,48,3,1,0,1,Low,TypeScript/JavaScript,https://github.com/alejandroayalad/trinity/blob/014f3064689ff8f8fda6be264d9bb17c46497989/frontend/src/pages/shared.tsx#L46-L48
Production,frontend/src/pages/shared.tsx,Diagnostics,49,51,3,1,0,1,Low,TypeScript/JavaScript,https://github.com/alejandroayalad/trinity/blob/014f3064689ff8f8fda6be264d9bb17c46497989/frontend/src/pages/shared.tsx#L49-L51
Production,frontend/src/pages/shared.tsx,OutOfRangeTag,54,56,3,1,0,1,Low,TypeScript/JavaScript,https://github.com/alejandroayalad/trinity/blob/014f3064689ff8f8fda6be264d9bb17c46497989/frontend/src/pages/shared.tsx#L54-L56
Tools and migrations,frontend/src/test/setup.ts,setMediaMatches,12,14,3,1,0,1,Low,TypeScript/JavaScript,https://github.com/alejandroayalad/trinity/blob/014f3064689ff8f8fda6be264d9bb17c46497989/frontend/src/test/setup.ts#L12-L14
Tests,frontend/tests/e2e/fidelity-fixtures.ts,facilityDayRows,123,125,3,1,0,1,Low,TypeScript/JavaScript,https://github.com/alejandroayalad/trinity/blob/014f3064689ff8f8fda6be264d9bb17c46497989/frontend/tests/e2e/fidelity-fixtures.ts#L123-L125
Tests,frontend/tests/e2e/fidelity-fixtures.ts,problem,184,186,3,1,0,1,Low,TypeScript/JavaScript,https://github.com/alejandroayalad/trinity/blob/014f3064689ff8f8fda6be264d9bb17c46497989/frontend/tests/e2e/fidelity-fixtures.ts#L184-L186
Tests,frontend/tests/e2e/fidelity.spec.ts,<callback@17>,17,19,3,1,0,1,Low,TypeScript/JavaScript,https://github.com/alejandroayalad/trinity/blob/014f3064689ff8f8fda6be264d9bb17c46497989/frontend/tests/e2e/fidelity.spec.ts#L17-L19
Tests,frontend/tests/e2e/fidelity.spec.ts,<callback@54>.<callback@58>,58,60,3,1,0,1,Low,TypeScript/JavaScript,https://github.com/alejandroayalad/trinity/blob/014f3064689ff8f8fda6be264d9bb17c46497989/frontend/tests/e2e/fidelity.spec.ts#L58-L60
Tests,frontend/tests/e2e/session-reliability.spec.ts,<callback@6>,6,8,3,1,0,1,Low,TypeScript/JavaScript,https://github.com/alejandroayalad/trinity/blob/014f3064689ff8f8fda6be264d9bb17c46497989/frontend/tests/e2e/session-reliability.spec.ts#L6-L8
Production,backend/src/trinity/adapters/docker.py,_Stream.__init__,16,17,2,1,0,1,Low,Python,https://github.com/alejandroayalad/trinity/blob/014f3064689ff8f8fda6be264d9bb17c46497989/backend/src/trinity/adapters/docker.py#L16-L17
Production,backend/src/trinity/adapters/docker.py,Docker.inspect,98,99,2,1,0,1,Low,Python,https://github.com/alejandroayalad/trinity/blob/014f3064689ff8f8fda6be264d9bb17c46497989/backend/src/trinity/adapters/docker.py#L98-L99
Production,backend/src/trinity/adapters/postgres.py,Deadline.__init__,17,18,2,1,0,1,Low,Python,https://github.com/alejandroayalad/trinity/blob/014f3064689ff8f8fda6be264d9bb17c46497989/backend/src/trinity/adapters/postgres.py#L17-L18
Production,backend/src/trinity/adapters/queue.py,PublicationQueue.__init__,73,74,2,1,0,1,Low,Python,https://github.com/alejandroayalad/trinity/blob/014f3064689ff8f8fda6be264d9bb17c46497989/backend/src/trinity/adapters/queue.py#L73-L74
Production,backend/src/trinity/connector/prepare.py,_run_worker.<lambda@139>,139,140,2,1,0,1,Low,Python,https://github.com/alejandroayalad/trinity/blob/014f3064689ff8f8fda6be264d9bb17c46497989/backend/src/trinity/connector/prepare.py#L139-L140
Production,backend/src/trinity/connector/prepare.py,_run_worker.<lambda@142>,142,143,2,1,0,1,Low,Python,https://github.com/alejandroayalad/trinity/blob/014f3064689ff8f8fda6be264d9bb17c46497989/backend/src/trinity/connector/prepare.py#L142-L143
Production,backend/src/trinity/connector/prepare.py,_worker.interrupted,175,176,2,1,0,1,Low,Python,https://github.com/alejandroayalad/trinity/blob/014f3064689ff8f8fda6be264d9bb17c46497989/backend/src/trinity/connector/prepare.py#L175-L176
Production,backend/src/trinity/connector/prepare.py,main.interrupted,412,413,2,1,0,1,Low,Python,https://github.com/alejandroayalad/trinity/blob/014f3064689ff8f8fda6be264d9bb17c46497989/backend/src/trinity/connector/prepare.py#L412-L413
Production,backend/src/trinity/connector/validate.py,_Journal.__exit__,649,650,2,1,0,1,Low,Python,https://github.com/alejandroayalad/trinity/blob/014f3064689ff8f8fda6be264d9bb17c46497989/backend/src/trinity/connector/validate.py#L649-L650
Production,backend/src/trinity/errors.py,install_handlers.domain_error,43,44,2,1,0,1,Low,Python,https://github.com/alejandroayalad/trinity/blob/014f3064689ff8f8fda6be264d9bb17c46497989/backend/src/trinity/errors.py#L43-L44
Production,backend/src/trinity/errors.py,SafeTransport.__init__,69,70,2,1,0,1,Low,Python,https://github.com/alejandroayalad/trinity/blob/014f3064689ff8f8fda6be264d9bb17c46497989/backend/src/trinity/errors.py#L69-L70
Production,backend/src/trinity/publication/checks.py,recorded.identity,91,92,2,1,0,1,Low,Python,https://github.com/alejandroayalad/trinity/blob/014f3064689ff8f8fda6be264d9bb17c46497989/backend/src/trinity/publication/checks.py#L91-L92
Production,backend/src/trinity/publication/evidence_cache.py,_FillDeadline.__init__,45,46,2,1,0,1,Low,Python,https://github.com/alejandroayalad/trinity/blob/014f3064689ff8f8fda6be264d9bb17c46497989/backend/src/trinity/publication/evidence_cache.py#L45-L46
Production,backend/src/trinity/publication/recovery.py,cli.Parser.error,113,114,2,1,0,1,Low,Python,https://github.com/alejandroayalad/trinity/blob/014f3064689ff8f8fda6be264d9bb17c46497989/backend/src/trinity/publication/recovery.py#L113-L114
Production,backend/src/trinity/publication/service.py,PublicationService.__init__,71,72,2,1,0,1,Low,Python,https://github.com/alejandroayalad/trinity/blob/014f3064689ff8f8fda6be264d9bb17c46497989/backend/src/trinity/publication/service.py#L71-L72
Production,backend/src/trinity/queries/choice_schemas.py,FacilityOption.exact_identifier,19,20,2,1,0,1,Low,Python,https://github.com/alejandroayalad/trinity/blob/014f3064689ff8f8fda6be264d9bb17c46497989/backend/src/trinity/queries/choice_schemas.py#L19-L20
Production,backend/src/trinity/queries/choice_schemas.py,GeneratorOption.exact_identifier,30,31,2,1,0,1,Low,Python,https://github.com/alejandroayalad/trinity/blob/014f3064689ff8f8fda6be264d9bb17c46497989/backend/src/trinity/queries/choice_schemas.py#L30-L31
Production,backend/src/trinity/queries/choices.py,ChoiceCursorCodec.__init__,80,81,2,1,0,1,Low,Python,https://github.com/alejandroayalad/trinity/blob/014f3064689ff8f8fda6be264d9bb17c46497989/backend/src/trinity/queries/choices.py#L80-L81
Production,backend/src/trinity/queries/cursors.py,_encode,29,30,2,1,0,1,Low,Python,https://github.com/alejandroayalad/trinity/blob/014f3064689ff8f8fda6be264d9bb17c46497989/backend/src/trinity/queries/cursors.py#L29-L30
Production,backend/src/trinity/queries/cursors.py,_constant,51,52,2,1,0,1,Low,Python,https://github.com/alejandroayalad/trinity/blob/014f3064689ff8f8fda6be264d9bb17c46497989/backend/src/trinity/queries/cursors.py#L51-L52
Production,backend/src/trinity/queries/cursors.py,_json,55,56,2,1,0,1,Low,Python,https://github.com/alejandroayalad/trinity/blob/014f3064689ff8f8fda6be264d9bb17c46497989/backend/src/trinity/queries/cursors.py#L55-L56
Production,backend/src/trinity/queries/cursors.py,CursorCodec.__init__,115,116,2,1,0,1,Low,Python,https://github.com/alejandroayalad/trinity/blob/014f3064689ff8f8fda6be264d9bb17c46497989/backend/src/trinity/queries/cursors.py#L115-L116
Production,backend/src/trinity/queries/router.py,preview_dataset.<lambda@49>,49,50,2,1,0,1,Low,Python,https://github.com/alejandroayalad/trinity/blob/014f3064689ff8f8fda6be264d9bb17c46497989/backend/src/trinity/queries/router.py#L49-L50
Production,backend/src/trinity/queries/router.py,choice_call.<lambda@62>,62,63,2,1,0,1,Low,Python,https://github.com/alejandroayalad/trinity/blob/014f3064689ff8f8fda6be264d9bb17c46497989/backend/src/trinity/queries/router.py#L62-L63
Production,backend/src/trinity/queries/runtime/sql_policy.py,_deny,87,88,2,1,0,1,Low,Python,https://github.com/alejandroayalad/trinity/blob/014f3064689ff8f8fda6be264d9bb17c46497989/backend/src/trinity/queries/runtime/sql_policy.py#L87-L88
Production,backend/src/trinity/queries/service.py,QueryService.__init__,41,42,2,1,0,1,Low,Python,https://github.com/alejandroayalad/trinity/blob/014f3064689ff8f8fda6be264d9bb17c46497989/backend/src/trinity/queries/service.py#L41-L42
Production,backend/src/trinity/queries/staging.py,PublishedReader.__init__,28,29,2,1,0,1,Low,Python,https://github.com/alejandroayalad/trinity/blob/014f3064689ff8f8fda6be264d9bb17c46497989/backend/src/trinity/queries/staging.py#L28-L29
Production,backend/src/trinity/refresh/cursors.py,RefreshCursorCodec.__init__,30,31,2,1,0,1,Low,Python,https://github.com/alejandroayalad/trinity/blob/014f3064689ff8f8fda6be264d9bb17c46497989/backend/src/trinity/refresh/cursors.py#L30-L31
Production,backend/src/trinity/refresh/dispatch.py,DispatchService.__init__,30,31,2,1,0,1,Low,Python,https://github.com/alejandroayalad/trinity/blob/014f3064689ff8f8fda6be264d9bb17c46497989/backend/src/trinity/refresh/dispatch.py#L30-L31
Production,backend/src/trinity/refresh/execution.py,ExecutionService.__init__,33,34,2,1,0,1,Low,Python,https://github.com/alejandroayalad/trinity/blob/014f3064689ff8f8fda6be264d9bb17c46497989/backend/src/trinity/refresh/execution.py#L33-L34
Production,backend/src/trinity/refresh/recovery.py,RecoveryService.__init__,106,107,2,1,0,1,Low,Python,https://github.com/alejandroayalad/trinity/blob/014f3064689ff8f8fda6be264d9bb17c46497989/backend/src/trinity/refresh/recovery.py#L106-L107
Production,backend/src/trinity/refresh/registration.py,CandidateRegistration.__init__,143,144,2,1,0,1,Low,Python,https://github.com/alejandroayalad/trinity/blob/014f3064689ff8f8fda6be264d9bb17c46497989/backend/src/trinity/refresh/registration.py#L143-L144
Production,backend/src/trinity/settings/service.py,SettingsService.__init__,102,103,2,1,0,1,Low,Python,https://github.com/alejandroayalad/trinity/blob/014f3064689ff8f8fda6be264d9bb17c46497989/backend/src/trinity/settings/service.py#L102-L103
Tests,backend/tests/postgres_fixture.py,PostgresFixture.tearDownClass,43,44,2,1,0,1,Low,Python,https://github.com/alejandroayalad/trinity/blob/014f3064689ff8f8fda6be264d9bb17c46497989/backend/tests/postgres_fixture.py#L43-L44
Tests,backend/tests/postgres_fixture.py,PostgresFixture.tearDown,65,66,2,1,0,1,Low,Python,https://github.com/alejandroayalad/trinity/blob/014f3064689ff8f8fda6be264d9bb17c46497989/backend/tests/postgres_fixture.py#L65-L66
Tests,backend/tests/preview_runtime_fixture.py,cli,18,19,2,1,0,1,Low,Python,https://github.com/alejandroayalad/trinity/blob/014f3064689ff8f8fda6be264d9bb17c46497989/backend/tests/preview_runtime_fixture.py#L18-L19
Tests,backend/tests/preview_runtime_fixture.py,RuntimeSandbox.remaining_containers,113,114,2,1,0,1,Low,Python,https://github.com/alejandroayalad/trinity/blob/014f3064689ff8f8fda6be264d9bb17c46497989/backend/tests/preview_runtime_fixture.py#L113-L114
Tests,backend/tests/publication_fixture.py,PublicationFixture.payload,44,45,2,1,0,1,Low,Python,https://github.com/alejandroayalad/trinity/blob/014f3064689ff8f8fda6be264d9bb17c46497989/backend/tests/publication_fixture.py#L44-L45
Tests,backend/tests/publication_fixture.py,PublicationFixture.row,54,55,2,1,0,1,Low,Python,https://github.com/alejandroayalad/trinity/blob/014f3064689ff8f8fda6be264d9bb17c46497989/backend/tests/publication_fixture.py#L54-L55
Tests,backend/tests/publication_fixture.py,PublicationFixture.expire,66,67,2,1,0,1,Low,Python,https://github.com/alejandroayalad/trinity/blob/014f3064689ff8f8fda6be264d9bb17c46497989/backend/tests/publication_fixture.py#L66-L67
Tests,backend/tests/publication_process_fixture.py,crash_publisher.claim,43,44,2,1,0,1,Low,Python,https://github.com/alejandroayalad/trinity/blob/014f3064689ff8f8fda6be264d9bb17c46497989/backend/tests/publication_process_fixture.py#L43-L44
Tests,backend/tests/publication_process_fixture.py,crash_publisher.finish,66,67,2,1,0,1,Low,Python,https://github.com/alejandroayalad/trinity/blob/014f3064689ff8f8fda6be264d9bb17c46497989/backend/tests/publication_process_fixture.py#L66-L67
Tests,backend/tests/refresh_worker_fixture.py,DiskObjects.__delitem__,27,28,2,1,0,1,Low,Python,https://github.com/alejandroayalad/trinity/blob/014f3064689ff8f8fda6be264d9bb17c46497989/backend/tests/refresh_worker_fixture.py#L27-L28
Tests,backend/tests/test_auth_rotate.py,RotateOfflineTests.test_names_are_validated_before_any_database_access.NoDatabase.transaction,29,30,2,1,0,1,Low,Python,https://github.com/alejandroayalad/trinity/blob/014f3064689ff8f8fda6be264d9bb17c46497989/backend/tests/test_auth_rotate.py#L29-L30
Tests,backend/tests/test_auth_rotate.py,RotatePostgresTests.assert_unchanged,81,82,2,1,0,1,Low,Python,https://github.com/alejandroayalad/trinity/blob/014f3064689ff8f8fda6be264d9bb17c46497989/backend/tests/test_auth_rotate.py#L81-L82
Tests,backend/tests/test_auth_rotate.py,RotatePostgresTests.test_rotation_changes_only_the_chosen_hashes.<lambda@97>,97,98,2,1,0,1,Low,Python,https://github.com/alejandroayalad/trinity/blob/014f3064689ff8f8fda6be264d9bb17c46497989/backend/tests/test_auth_rotate.py#L97-L98
Tests,backend/tests/test_auth_rotate.py,RotatePostgresTests.test_refused_requests_write_nothing.short,106,107,2,1,0,1,Low,Python,https://github.com/alejandroayalad/trinity/blob/014f3064689ff8f8fda6be264d9bb17c46497989/backend/tests/test_auth_rotate.py#L106-L107
Tests,backend/tests/test_auth_rotate.py,RotatePostgresTests.test_refused_requests_write_nothing.mismatch,109,110,2,1,0,1,Low,Python,https://github.com/alejandroayalad/trinity/blob/014f3064689ff8f8fda6be264d9bb17c46497989/backend/tests/test_auth_rotate.py#L109-L110
Tests,backend/tests/test_auth_unit.py,TransportTests.tearDown,84,85,2,1,0,1,Low,Python,https://github.com/alejandroayalad/trinity/blob/014f3064689ff8f8fda6be264d9bb17c46497989/backend/tests/test_auth_unit.py#L84-L85
Tests,backend/tests/test_auth_unit.py,TransportTests.test_unexpected_exceptions_are_contained.Broken.login,126,127,2,1,0,1,Low,Python,https://github.com/alejandroayalad/trinity/blob/014f3064689ff8f8fda6be264d9bb17c46497989/backend/tests/test_auth_unit.py#L126-L127
Tests,backend/tests/test_auth_unit.py,TransportTests.test_byte_limit_is_checked_on_chunks_without_content_length.app,135,136,2,1,0,1,Low,Python,https://github.com/alejandroayalad/trinity/blob/014f3064689ff8f8fda6be264d9bb17c46497989/backend/tests/test_auth_unit.py#L135-L136
Tests,backend/tests/test_auth_unit.py,TransportTests.test_analyst_guard_uses_production_dependencies_only_in_test_app.Stub.authenticated,150,151,2,1,0,1,Low,Python,https://github.com/alejandroayalad/trinity/blob/014f3064689ff8f8fda6be264d9bb17c46497989/backend/tests/test_auth_unit.py#L150-L151
Tests,backend/tests/test_auth_unit.py,TransportTests.test_analyst_guard_uses_production_dependencies_only_in_test_app.guard,155,156,2,1,0,1,Low,Python,https://github.com/alejandroayalad/trinity/blob/014f3064689ff8f8fda6be264d9bb17c46497989/backend/tests/test_auth_unit.py#L155-L156
Tests,backend/tests/test_auth_unit.py,CorruptIdentityTests.test_unknown_stored_role_is_denied_by_real_resolver.<lambda@200>,200,201,2,1,0,1,Low,Python,https://github.com/alejandroayalad/trinity/blob/014f3064689ff8f8fda6be264d9bb17c46497989/backend/tests/test_auth_unit.py#L200-L201
Tests,backend/tests/test_auth_unit.py,CorruptIdentityTests.test_unknown_stored_role_is_denied_by_real_resolver.<lambda@200>,200,201,2,1,0,1,Low,Python,https://github.com/alejandroayalad/trinity/blob/014f3064689ff8f8fda6be264d9bb17c46497989/backend/tests/test_auth_unit.py#L200-L201
Tests,backend/tests/test_catalog_postgres.py,PostgresCatalogTests.catalog,29,30,2,1,0,1,Low,Python,https://github.com/alejandroayalad/trinity/blob/014f3064689ff8f8fda6be264d9bb17c46497989/backend/tests/test_catalog_postgres.py#L29-L30
Tests,backend/tests/test_catalog_unit.py,CatalogTests.get,87,88,2,1,0,1,Low,Python,https://github.com/alejandroayalad/trinity/blob/014f3064689ff8f8fda6be264d9bb17c46497989/backend/tests/test_catalog_unit.py#L87-L88
Tests,backend/tests/test_choice_runtime.py,ChoiceRuntimeTests.execute,34,35,2,1,0,1,Low,Python,https://github.com/alejandroayalad/trinity/blob/014f3064689ff8f8fda6be264d9bb17c46497989/backend/tests/test_choice_runtime.py#L34-L35
Tests,backend/tests/test_choice_service.py,ChoiceServiceTests.prepare,37,38,2,1,0,1,Low,Python,https://github.com/alejandroayalad/trinity/blob/014f3064689ff8f8fda6be264d9bb17c46497989/backend/tests/test_choice_service.py#L37-L38
Tests,backend/tests/test_choices.py,choice_codec,22,23,2,1,0,1,Low,Python,https://github.com/alejandroayalad/trinity/blob/014f3064689ff8f8fda6be264d9bb17c46497989/backend/tests/test_choices.py#L22-L23
Tests,backend/tests/test_choices.py,ChoiceTests.write,38,39,2,1,0,1,Low,Python,https://github.com/alejandroayalad/trinity/blob/014f3064689ff8f8fda6be264d9bb17c46497989/backend/tests/test_choices.py#L38-L39
Tests,backend/tests/test_eia_client.py,EIAClientTests.test_timeout_and_transport_errors_are_safe.handler,160,161,2,1,0,1,Low,Python,https://github.com/alejandroayalad/trinity/blob/014f3064689ff8f8fda6be264d9bb17c46497989/backend/tests/test_eia_client.py#L160-L161
Tests,backend/tests/test_eia_client.py,EIAClientTests.test_context_manager_closes_transport.Transport.handle_async_request,270,271,2,1,0,1,Low,Python,https://github.com/alejandroayalad/trinity/blob/014f3064689ff8f8fda6be264d9bb17c46497989/backend/tests/test_eia_client.py#L270-L271
Tests,backend/tests/test_eia_client.py,EIAClientTests.test_context_manager_closes_transport.Transport.aclose,273,274,2,1,0,1,Low,Python,https://github.com/alejandroayalad/trinity/blob/014f3064689ff8f8fda6be264d9bb17c46497989/backend/tests/test_eia_client.py#L273-L274
Tests,backend/tests/test_eia_retries.py,RetryTests.test_page_deadline_interrupts_backoff_without_another_attempt.waiting_backoff,198,199,2,1,0,1,Low,Python,https://github.com/alejandroayalad/trinity/blob/014f3064689ff8f8fda6be264d9bb17c46497989/backend/tests/test_eia_retries.py#L198-L199
Tests,backend/tests/test_eia_retries.py,RetryTests.test_collection_deadline_interrupts_backoff_without_resetting.waiting_backoff,284,285,2,1,0,1,Low,Python,https://github.com/alejandroayalad/trinity/blob/014f3064689ff8f8fda6be264d9bb17c46497989/backend/tests/test_eia_retries.py#L284-L285
Tests,backend/tests/test_evidence_cache.py,WarmEvidenceAdmissionTests.test_warm_evidence_does_not_skip_current_authority_pin_rate_or_capacity.<lambda@315>,315,316,2,1,0,1,Low,Python,https://github.com/alejandroayalad/trinity/blob/014f3064689ff8f8fda6be264d9bb17c46497989/backend/tests/test_evidence_cache.py#L315-L316
Tests,backend/tests/test_evidence_compression.py,CompressionTests.test_ambiguous_compressed_upload_reuses_exact_bytes_without_overwrite.timeout,100,101,2,1,0,1,Low,Python,https://github.com/alejandroayalad/trinity/blob/014f3064689ff8f8fda6be264d9bb17c46497989/backend/tests/test_evidence_compression.py#L100-L101
Tests,backend/tests/test_evidence_compression.py,CompressionTests.test_chunked_streams_and_full_read_retry_reset_decoder_and_output.TinyChunks.read,181,182,2,1,0,1,Low,Python,https://github.com/alejandroayalad/trinity/blob/014f3064689ff8f8fda6be264d9bb17c46497989/backend/tests/test_evidence_compression.py#L181-L182
Tests,backend/tests/test_findings_report.py,simple_sources,28,29,2,1,0,1,Low,Python,https://github.com/alejandroayalad/trinity/blob/014f3064689ff8f8fda6be264d9bb17c46497989/backend/tests/test_findings_report.py#L28-L29
Tests,backend/tests/test_prepare.py,fixture_worker.denied,44,45,2,1,0,1,Low,Python,https://github.com/alejandroayalad/trinity/blob/014f3064689ff8f8fda6be264d9bb17c46497989/backend/tests/test_prepare.py#L44-L45
Tests,backend/tests/test_prepare.py,fixture_worker.denied,48,49,2,1,0,1,Low,Python,https://github.com/alejandroayalad/trinity/blob/014f3064689ff8f8fda6be264d9bb17c46497989/backend/tests/test_prepare.py#L48-L49
Tests,backend/tests/test_prepare.py,fixture_worker.ambiguous,56,57,2,1,0,1,Low,Python,https://github.com/alejandroayalad/trinity/blob/014f3064689ff8f8fda6be264d9bb17c46497989/backend/tests/test_prepare.py#L56-L57
Tests,backend/tests/test_prepare.py,fixture_worker.missing,61,62,2,1,0,1,Low,Python,https://github.com/alejandroayalad/trinity/blob/014f3064689ff8f8fda6be264d9bb17c46497989/backend/tests/test_prepare.py#L61-L62
Tests,backend/tests/test_prepare.py,fixture_worker.unavailable,65,66,2,1,0,1,Low,Python,https://github.com/alejandroayalad/trinity/blob/014f3064689ff8f8fda6be264d9bb17c46497989/backend/tests/test_prepare.py#L65-L66
Tests,backend/tests/test_prepare.py,fixture_worker.corrupt,69,70,2,1,0,1,Low,Python,https://github.com/alejandroayalad/trinity/blob/014f3064689ff8f8fda6be264d9bb17c46497989/backend/tests/test_prepare.py#L69-L70
Tests,backend/tests/test_prepare.py,fixture_worker.failed,88,89,2,1,0,1,Low,Python,https://github.com/alejandroayalad/trinity/blob/014f3064689ff8f8fda6be264d9bb17c46497989/backend/tests/test_prepare.py#L88-L89
Tests,backend/tests/test_prepare.py,fixture_worker.cancelled,92,93,2,1,0,1,Low,Python,https://github.com/alejandroayalad/trinity/blob/014f3064689ff8f8fda6be264d9bb17c46497989/backend/tests/test_prepare.py#L92-L93
Tests,backend/tests/test_preview_postgres.py,PreviewPostgresTests.token,60,61,2,1,0,1,Low,Python,https://github.com/alejandroayalad/trinity/blob/014f3064689ff8f8fda6be264d9bb17c46497989/backend/tests/test_preview_postgres.py#L60-L61
Tests,backend/tests/test_preview_postgres.py,PreviewPostgresTests.prepare,67,68,2,1,0,1,Low,Python,https://github.com/alejandroayalad/trinity/blob/014f3064689ff8f8fda6be264d9bb17c46497989/backend/tests/test_preview_postgres.py#L67-L68
Tests,backend/tests/test_preview_runtime.py,PreviewRuntimeTests.test_staging_and_start_timeouts_cleanup_without_resetting_budget.delay_start,247,248,2,1,0,1,Low,Python,https://github.com/alejandroayalad/trinity/blob/014f3064689ff8f8fda6be264d9bb17c46497989/backend/tests/test_preview_runtime.py#L247-L248
Tests,backend/tests/test_preview_service.py,PreviewServiceTests.prepare,63,64,2,1,0,1,Low,Python,https://github.com/alejandroayalad/trinity/blob/014f3064689ff8f8fda6be264d9bb17c46497989/backend/tests/test_preview_service.py#L63-L64
Tests,backend/tests/test_preview_unit.py,encoded,42,43,2,1,0,1,Low,Python,https://github.com/alejandroayalad/trinity/blob/014f3064689ff8f8fda6be264d9bb17c46497989/backend/tests/test_preview_unit.py#L42-L43
Tests,backend/tests/test_preview_unit.py,codec,51,52,2,1,0,1,Low,Python,https://github.com/alejandroayalad/trinity/blob/014f3064689ff8f8fda6be264d9bb17c46497989/backend/tests/test_preview_unit.py#L51-L52
Tests,backend/tests/test_publication_evidence.py,PublicationEvidenceTests.test_actual_storage_wrapper_classifies_retry_without_raw_error_text.fail,22,23,2,1,0,1,Low,Python,https://github.com/alejandroayalad/trinity/blob/014f3064689ff8f8fda6be264d9bb17c46497989/backend/tests/test_publication_evidence.py#L22-L23
Tests,backend/tests/test_publication_postgres.py,PublicationPostgresTests.test_each_final_write_rollback_and_lost_commit_response.failing,145,146,2,1,0,1,Low,Python,https://github.com/alejandroayalad/trinity/blob/014f3064689ff8f8fda6be264d9bb17c46497989/backend/tests/test_publication_postgres.py#L145-L146
Tests,backend/tests/test_refresh_admission.py,AdmissionTests.test_same_key_process_race,105,106,2,1,0,1,Low,Python,https://github.com/alejandroayalad/trinity/blob/014f3064689ff8f8fda6be264d9bb17c46497989/backend/tests/test_refresh_admission.py#L105-L106
Tests,backend/tests/test_refresh_admission.py,AdmissionTests.test_distinct_key_process_race,108,109,2,1,0,1,Low,Python,https://github.com/alejandroayalad/trinity/blob/014f3064689ff8f8fda6be264d9bb17c46497989/backend/tests/test_refresh_admission.py#L108-L109
Tests,backend/tests/test_refresh_candidates.py,CandidateTests.run_row,83,84,2,1,0,1,Low,Python,https://github.com/alejandroayalad/trinity/blob/014f3064689ff8f8fda6be264d9bb17c46497989/backend/tests/test_refresh_candidates.py#L83-L84
Tests,backend/tests/test_refresh_candidates.py,CandidateTests.version_row,86,87,2,1,0,1,Low,Python,https://github.com/alejandroayalad/trinity/blob/014f3064689ff8f8fda6be264d9bb17c46497989/backend/tests/test_refresh_candidates.py#L86-L87
Tests,backend/tests/test_refresh_candidates.py,CandidateTests.expire_lease,89,90,2,1,0,1,Low,Python,https://github.com/alejandroayalad/trinity/blob/014f3064689ff8f8fda6be264d9bb17c46497989/backend/tests/test_refresh_candidates.py#L89-L90
Tests,backend/tests/test_refresh_candidates.py,CandidateTests.test_deadline_expiring_during_verification_cannot_commit_readiness.register,285,286,2,1,0,1,Low,Python,https://github.com/alejandroayalad/trinity/blob/014f3064689ff8f8fda6be264d9bb17c46497989/backend/tests/test_refresh_candidates.py#L285-L286
Tests,backend/tests/test_refresh_dispatch.py,DispatchTests.outbox,41,42,2,1,0,1,Low,Python,https://github.com/alejandroayalad/trinity/blob/014f3064689ff8f8fda6be264d9bb17c46497989/backend/tests/test_refresh_dispatch.py#L41-L42
Tests,backend/tests/test_refresh_dispatch.py,DispatchTests.expire_dispatch,44,45,2,1,0,1,Low,Python,https://github.com/alejandroayalad/trinity/blob/014f3064689ff8f8fda6be264d9bb17c46497989/backend/tests/test_refresh_dispatch.py#L44-L45
Tests,backend/tests/test_refresh_dispatch.py,DispatchTests.test_queue_loss_and_retained_completed_job_use_new_generation.scenario.acknowledge_only,91,92,2,1,0,1,Low,Python,https://github.com/alejandroayalad/trinity/blob/014f3064689ff8f8fda6be264d9bb17c46497989/backend/tests/test_refresh_dispatch.py#L91-L92
Tests,backend/tests/test_refresh_recovery.py,ParsingTests.test_missing_precondition_precedes_body_validation,50,51,2,1,0,1,Low,Python,https://github.com/alejandroayalad/trinity/blob/014f3064689ff8f8fda6be264d9bb17c46497989/backend/tests/test_refresh_recovery.py#L50-L51
Tests,backend/tests/test_refresh_recovery.py,EligibilityTests.test_database_failure_propagates_to_service_wrapper.unavailable,307,308,2,1,0,1,Low,Python,https://github.com/alejandroayalad/trinity/blob/014f3064689ff8f8fda6be264d9bb17c46497989/backend/tests/test_refresh_recovery.py#L307-L308
Tests,backend/tests/test_refresh_recovery_postgres.py,RecoveryPostgresTests.test_rerun_rollback_after_each_write,158,159,2,1,0,1,Low,Python,https://github.com/alejandroayalad/trinity/blob/014f3064689ff8f8fda6be264d9bb17c46497989/backend/tests/test_refresh_recovery_postgres.py#L158-L159
Tests,backend/tests/test_refresh_recovery_postgres.py,RecoveryPostgresTests.test_warning_resolution_rollback_after_each_write,161,162,2,1,0,1,Low,Python,https://github.com/alejandroayalad/trinity/blob/014f3064689ff8f8fda6be264d9bb17c46497989/backend/tests/test_refresh_recovery_postgres.py#L161-L162
Tests,backend/tests/test_refresh_recovery_runtime.py,RecoveryRuntimeTests.test_rerun_excludes_manual_start.<lambda@84>,84,85,2,1,0,1,Low,Python,https://github.com/alejandroayalad/trinity/blob/014f3064689ff8f8fda6be264d9bb17c46497989/backend/tests/test_refresh_recovery_runtime.py#L84-L85
Tests,backend/tests/test_refresh_recovery_runtime.py,RecoveryRuntimeTests.test_delete_cannot_release_a_new_manual_owner.<lambda@92>,92,93,2,1,0,1,Low,Python,https://github.com/alejandroayalad/trinity/blob/014f3064689ff8f8fda6be264d9bb17c46497989/backend/tests/test_refresh_recovery_runtime.py#L92-L93
Tests,backend/tests/test_refresh_recovery_runtime.py,RecoveryPublicationTests.publication_race.<lambda@383>,383,384,2,1,0,1,Low,Python,https://github.com/alejandroayalad/trinity/blob/014f3064689ff8f8fda6be264d9bb17c46497989/backend/tests/test_refresh_recovery_runtime.py#L383-L384
Tests,backend/tests/test_refresh_recovery_runtime.py,RecoveryPublicationTests.test_delete_races_publication_retry,417,418,2,1,0,1,Low,Python,https://github.com/alejandroayalad/trinity/blob/014f3064689ff8f8fda6be264d9bb17c46497989/backend/tests/test_refresh_recovery_runtime.py#L417-L418
Tests,backend/tests/test_refresh_recovery_runtime.py,RecoveryPublicationTests.test_rerun_races_candidate_discard,420,421,2,1,0,1,Low,Python,https://github.com/alejandroayalad/trinity/blob/014f3064689ff8f8fda6be264d9bb17c46497989/backend/tests/test_refresh_recovery_runtime.py#L420-L421
Tests,backend/tests/test_refresh_recovery_runtime.py,RecoveryPublicationTests.test_rerun_races_publication_retry,423,424,2,1,0,1,Low,Python,https://github.com/alejandroayalad/trinity/blob/014f3064689ff8f8fda6be264d9bb17c46497989/backend/tests/test_refresh_recovery_runtime.py#L423-L424
Tests,backend/tests/test_refresh_recovery_runtime.py,RecoveryPublicationTests.test_delete_races_candidate_discard,426,427,2,1,0,1,Low,Python,https://github.com/alejandroayalad/trinity/blob/014f3064689ff8f8fda6be264d9bb17c46497989/backend/tests/test_refresh_recovery_runtime.py#L426-L427
Tests,backend/tests/test_retrieval.py,RetrievalTests.test_transport_failure_records_actual_attempts.handler,113,114,2,1,0,1,Low,Python,https://github.com/alejandroayalad/trinity/blob/014f3064689ff8f8fda6be264d9bb17c46497989/backend/tests/test_retrieval.py#L113-L114
Tests,backend/tests/test_retrieval.py,RetrievalTests.test_deadline_in_backoff_does_not_count_unstarted_retry.block,127,128,2,1,0,1,Low,Python,https://github.com/alejandroayalad/trinity/blob/014f3064689ff8f8fda6be264d9bb17c46497989/backend/tests/test_retrieval.py#L127-L128
Tests,backend/tests/test_retrieval.py,RetrievalTests.test_deadline_during_request_records_interruption.handler,141,142,2,1,0,1,Low,Python,https://github.com/alejandroayalad/trinity/blob/014f3064689ff8f8fda6be264d9bb17c46497989/backend/tests/test_retrieval.py#L141-L142
Tests,backend/tests/test_retrieval.py,RetrievalTests.test_invalid_arguments_and_unexpected_errors.handler,157,158,2,1,0,1,Low,Python,https://github.com/alejandroayalad/trinity/blob/014f3064689ff8f8fda6be264d9bb17c46497989/backend/tests/test_retrieval.py#L157-L158
Tests,backend/tests/test_retrieval.py,CommandTests.args,227,228,2,1,0,1,Low,Python,https://github.com/alejandroayalad/trinity/blob/014f3064689ff8f8fda6be264d9bb17c46497989/backend/tests/test_retrieval.py#L227-L228
Tests,backend/tests/test_s3.py,FakeClock.__init__,45,46,2,1,0,1,Low,Python,https://github.com/alejandroayalad/trinity/blob/014f3064689ff8f8fda6be264d9bb17c46497989/backend/tests/test_s3.py#L45-L46
Tests,backend/tests/test_s3.py,FakeClock.__call__,48,49,2,1,0,1,Low,Python,https://github.com/alejandroayalad/trinity/blob/014f3064689ff8f8fda6be264d9bb17c46497989/backend/tests/test_s3.py#L48-L49
Tests,backend/tests/test_s3.py,StorageTests.key,109,110,2,1,0,1,Low,Python,https://github.com/alejandroayalad/trinity/blob/014f3064689ff8f8fda6be264d9bb17c46497989/backend/tests/test_s3.py#L109-L110
Tests,backend/tests/test_s3.py,StorageTests.test_ambiguous_saved_writes_resolve_by_readback_including_final_bundle.timeout_after_save,243,244,2,1,0,1,Low,Python,https://github.com/alejandroayalad/trinity/blob/014f3064689ff8f8fda6be264d9bb17c46497989/backend/tests/test_s3.py#L243-L244
Tests,backend/tests/test_s3.py,StorageTests.test_cancel_and_interrupt_keep_prior_evidence_without_bundle.interrupt,406,407,2,1,0,1,Low,Python,https://github.com/alejandroayalad/trinity/blob/014f3064689ff8f8fda6be264d9bb17c46497989/backend/tests/test_s3.py#L406-L407
Tests,backend/tests/test_scheduler_postgres.py,SchedulerPostgresTests.once,94,95,2,1,0,1,Low,Python,https://github.com/alejandroayalad/trinity/blob/014f3064689ff8f8fda6be264d9bb17c46497989/backend/tests/test_scheduler_postgres.py#L94-L95
Tests,backend/tests/test_scheduler_postgres.py,SchedulerPostgresTests.holder,101,102,2,1,0,1,Low,Python,https://github.com/alejandroayalad/trinity/blob/014f3064689ff8f8fda6be264d9bb17c46497989/backend/tests/test_scheduler_postgres.py#L101-L102
Tests,backend/tests/test_scheduler_unit.py,StopAfterOne.__init__,30,31,2,1,0,1,Low,Python,https://github.com/alejandroayalad/trinity/blob/014f3064689ff8f8fda6be264d9bb17c46497989/backend/tests/test_scheduler_unit.py#L30-L31
Tests,backend/tests/test_settings_postgres.py,SettingsPostgresTests.settings_row,39,40,2,1,0,1,Low,Python,https://github.com/alejandroayalad/trinity/blob/014f3064689ff8f8fda6be264d9bb17c46497989/backend/tests/test_settings_postgres.py#L39-L40
Tests,backend/tests/test_settings_service.py,UpdateOrderTests.test_dependency_failure_adds_retry_after.broken,164,165,2,1,0,1,Low,Python,https://github.com/alejandroayalad/trinity/blob/014f3064689ff8f8fda6be264d9bb17c46497989/backend/tests/test_settings_service.py#L164-L165
Tests,backend/tests/test_settings_service.py,FakeSettingsService.__init__,250,251,2,1,0,1,Low,Python,https://github.com/alejandroayalad/trinity/blob/014f3064689ff8f8fda6be264d9bb17c46497989/backend/tests/test_settings_service.py#L250-L251
Tests,backend/tests/test_sql_containers.py,ContainerTests.cli,45,46,2,1,0,1,Low,Python,https://github.com/alejandroayalad/trinity/blob/014f3064689ff8f8fda6be264d9bb17c46497989/backend/tests/test_sql_containers.py#L45-L46
Tests,backend/tests/test_sql_lifecycle.py,LifecycleTests.test_known_container_must_be_removed_before_release.transition,39,40,2,1,0,1,Low,Python,https://github.com/alejandroayalad/trinity/blob/014f3064689ff8f8fda6be264d9bb17c46497989/backend/tests/test_sql_lifecycle.py#L39-L40
Tests,backend/tests/test_sql_postgres.py,QueryPostgresTests.test_loopback_http_real_database_supervisor_and_query_container.<lambda@155>,155,156,2,1,0,1,Low,Python,https://github.com/alejandroayalad/trinity/blob/014f3064689ff8f8fda6be264d9bb17c46497989/backend/tests/test_sql_postgres.py#L155-L156
Tests,backend/tests/test_validate.py,ValidationTests.details,84,85,2,1,0,1,Low,Python,https://github.com/alejandroayalad/trinity/blob/014f3064689ff8f8fda6be264d9bb17c46497989/backend/tests/test_validate.py#L84-L85
Tests,frontend/src/api/client.test.ts,<callback@24>.<callback@174>.<callback@176>,176,177,2,1,0,1,Low,TypeScript/JavaScript,https://github.com/alejandroayalad/trinity/blob/014f3064689ff8f8fda6be264d9bb17c46497989/frontend/src/api/client.test.ts#L176-L177
Production,frontend/src/api/queryKeys.ts,preview,14,15,2,1,0,1,Low,TypeScript/JavaScript,https://github.com/alejandroayalad/trinity/blob/014f3064689ff8f8fda6be264d9bb17c46497989/frontend/src/api/queryKeys.ts#L14-L15
Production,backend/src/trinity/adapters/docker.py,Docker.start,149,149,1,1,0,1,Low,Python,https://github.com/alejandroayalad/trinity/blob/014f3064689ff8f8fda6be264d9bb17c46497989/backend/src/trinity/adapters/docker.py#L149-L149
Production,backend/src/trinity/auth/seed.py,main.<lambda@63>,63,63,1,1,0,1,Low,Python,https://github.com/alejandroayalad/trinity/blob/014f3064689ff8f8fda6be264d9bb17c46497989/backend/src/trinity/auth/seed.py#L63-L63
Production,backend/src/trinity/connector/pipeline.py,store_candidate.<lambda@294>,294,294,1,1,0,1,Low,Python,https://github.com/alejandroayalad/trinity/blob/014f3064689ff8f8fda6be264d9bb17c46497989/backend/src/trinity/connector/pipeline.py#L294-L294
Production,backend/src/trinity/connector/pipeline.py,verify_stored_candidate.<lambda@406>,406,406,1,1,0,1,Low,Python,https://github.com/alejandroayalad/trinity/blob/014f3064689ff8f8fda6be264d9bb17c46497989/backend/src/trinity/connector/pipeline.py#L406-L406
Production,backend/src/trinity/connector/prepare.py,_run_worker.<lambda@134>,134,134,1,1,0,1,Low,Python,https://github.com/alejandroayalad/trinity/blob/014f3064689ff8f8fda6be264d9bb17c46497989/backend/src/trinity/connector/prepare.py#L134-L134
Production,backend/src/trinity/connector/prepare.py,_run_worker.<lambda@135>,135,135,1,1,0,1,Low,Python,https://github.com/alejandroayalad/trinity/blob/014f3064689ff8f8fda6be264d9bb17c46497989/backend/src/trinity/connector/prepare.py#L135-L135
Production,backend/src/trinity/connector/prepare.py,_run_worker.<lambda@137>,137,137,1,1,0,1,Low,Python,https://github.com/alejandroayalad/trinity/blob/014f3064689ff8f8fda6be264d9bb17c46497989/backend/src/trinity/connector/prepare.py#L137-L137
Production,backend/src/trinity/connector/retrieval.py,RetrievalMetadata.to_dict.<lambda@72>,72,72,1,1,0,1,Low,Python,https://github.com/alejandroayalad/trinity/blob/014f3064689ff8f8fda6be264d9bb17c46497989/backend/src/trinity/connector/retrieval.py#L72-L72
Production,backend/src/trinity/connector/validate.py,diagnostic_identity.<lambda@209>,209,209,1,1,0,1,Low,Python,https://github.com/alejandroayalad/trinity/blob/014f3064689ff8f8fda6be264d9bb17c46497989/backend/src/trinity/connector/validate.py#L209-L209
Production,backend/src/trinity/connector/validate.py,_schema_units.<lambda@376>,376,376,1,1,0,1,Low,Python,https://github.com/alejandroayalad/trinity/blob/014f3064689ff8f8fda6be264d9bb17c46497989/backend/src/trinity/connector/validate.py#L376-L376
Production,backend/src/trinity/connector/validate.py,_schema_units.<lambda@377>,377,377,1,1,0,1,Low,Python,https://github.com/alejandroayalad/trinity/blob/014f3064689ff8f8fda6be264d9bb17c46497989/backend/src/trinity/connector/validate.py#L377-L377
Production,backend/src/trinity/connector/validate.py,_sums.<lambda@422>,422,422,1,1,0,1,Low,Python,https://github.com/alejandroayalad/trinity/blob/014f3064689ff8f8fda6be264d9bb17c46497989/backend/src/trinity/connector/validate.py#L422-L422
Production,backend/src/trinity/connector/validate.py,_validate_reserved.<lambda@745>,745,745,1,1,0,1,Low,Python,https://github.com/alejandroayalad/trinity/blob/014f3064689ff8f8fda6be264d9bb17c46497989/backend/src/trinity/connector/validate.py#L745-L745
Production,backend/src/trinity/connector/validate.py,_validate_reserved.<lambda@751>,751,751,1,1,0,1,Low,Python,https://github.com/alejandroayalad/trinity/blob/014f3064689ff8f8fda6be264d9bb17c46497989/backend/src/trinity/connector/validate.py#L751-L751
Production,backend/src/trinity/contracts/manifest.py,Manifest.__post_init__.<lambda@198>,198,198,1,1,0,1,Low,Python,https://github.com/alejandroayalad/trinity/blob/014f3064689ff8f8fda6be264d9bb17c46497989/backend/src/trinity/contracts/manifest.py#L198-L198
Production,backend/src/trinity/queries/choice_service.py,ChoiceService.__init__.<lambda@30>,30,30,1,1,0,1,Low,Python,https://github.com/alejandroayalad/trinity/blob/014f3064689ff8f8fda6be264d9bb17c46497989/backend/src/trinity/queries/choice_service.py#L30-L30
Production,backend/src/trinity/queries/router.py,run_query.<lambda@21>,21,21,1,1,0,1,Low,Python,https://github.com/alejandroayalad/trinity/blob/014f3064689ff8f8fda6be264d9bb17c46497989/backend/src/trinity/queries/router.py#L21-L21
Production,backend/src/trinity/queries/runtime/sql_policy.py,_Generator.<lambda@99>,99,99,1,1,0,1,Low,Python,https://github.com/alejandroayalad/trinity/blob/014f3064689ff8f8fda6be264d9bb17c46497989/backend/src/trinity/queries/runtime/sql_policy.py#L99-L99
Production,backend/src/trinity/queries/runtime/sql_policy.py,_Policy.scalar.<lambda@168>,168,168,1,1,0,1,Low,Python,https://github.com/alejandroayalad/trinity/blob/014f3064689ff8f8fda6be264d9bb17c46497989/backend/src/trinity/queries/runtime/sql_policy.py#L168-L168
Production,backend/src/trinity/queries/service.py,PreviewService.__init__.<lambda@98>,98,98,1,1,0,1,Low,Python,https://github.com/alejandroayalad/trinity/blob/014f3064689ff8f8fda6be264d9bb17c46497989/backend/src/trinity/queries/service.py#L98-L98
Production,backend/src/trinity/refresh/service.py,RefreshService.__init__.<lambda@45>,45,45,1,1,0,1,Low,Python,https://github.com/alejandroayalad/trinity/blob/014f3064689ff8f8fda6be264d9bb17c46497989/backend/src/trinity/refresh/service.py#L45-L45
Production,backend/src/trinity/workers/__main__.py,serve.<lambda@51>,51,51,1,1,0,1,Low,Python,https://github.com/alejandroayalad/trinity/blob/014f3064689ff8f8fda6be264d9bb17c46497989/backend/src/trinity/workers/__main__.py#L51-L51
Production,backend/src/trinity/workers/recovery.py,RecoveryService.__init__.<lambda@23>,23,23,1,1,0,1,Low,Python,https://github.com/alejandroayalad/trinity/blob/014f3064689ff8f8fda6be264d9bb17c46497989/backend/src/trinity/workers/recovery.py#L23-L23
Production,backend/src/trinity/workers/refresh.py,RefreshWorker.__init__.<lambda@105>,105,105,1,1,0,1,Low,Python,https://github.com/alejandroayalad/trinity/blob/014f3064689ff8f8fda6be264d9bb17c46497989/backend/src/trinity/workers/refresh.py#L105-L105
Production,backend/src/trinity/workers/refresh.py,RefreshWorker.__init__.<lambda@112>,112,112,1,1,0,1,Low,Python,https://github.com/alejandroayalad/trinity/blob/014f3064689ff8f8fda6be264d9bb17c46497989/backend/src/trinity/workers/refresh.py#L112-L112
Production,backend/src/trinity/workers/refresh.py,RefreshWorker._discover.<lambda@118>,118,118,1,1,0,1,Low,Python,https://github.com/alejandroayalad/trinity/blob/014f3064689ff8f8fda6be264d9bb17c46497989/backend/src/trinity/workers/refresh.py#L118-L118
Production,backend/src/trinity/workers/refresh.py,RefreshWorker.execute.<lambda@137>,137,137,1,1,0,1,Low,Python,https://github.com/alejandroayalad/trinity/blob/014f3064689ff8f8fda6be264d9bb17c46497989/backend/src/trinity/workers/refresh.py#L137-L137
Production,backend/src/trinity/workers/refresh.py,RefreshWorker.execute.<lambda@142>,142,142,1,1,0,1,Low,Python,https://github.com/alejandroayalad/trinity/blob/014f3064689ff8f8fda6be264d9bb17c46497989/backend/src/trinity/workers/refresh.py#L142-L142
Production,backend/src/trinity/workers/refresh.py,RefreshWorker.execute.<lambda@163>,163,163,1,1,0,1,Low,Python,https://github.com/alejandroayalad/trinity/blob/014f3064689ff8f8fda6be264d9bb17c46497989/backend/src/trinity/workers/refresh.py#L163-L163
Tests,backend/tests/publication_fixture.py,PublicationFixture.new_candidate.<lambda@41>,41,41,1,1,0,1,Low,Python,https://github.com/alejandroayalad/trinity/blob/014f3064689ff8f8fda6be264d9bb17c46497989/backend/tests/publication_fixture.py#L41-L41
Tests,backend/tests/publication_process_fixture.py,crash_publisher.<lambda@34>,34,34,1,1,0,1,Low,Python,https://github.com/alejandroayalad/trinity/blob/014f3064689ff8f8fda6be264d9bb17c46497989/backend/tests/publication_process_fixture.py#L34-L34
Tests,backend/tests/publication_process_fixture.py,crash_publisher.<lambda@41>,41,41,1,1,0,1,Low,Python,https://github.com/alejandroayalad/trinity/blob/014f3064689ff8f8fda6be264d9bb17c46497989/backend/tests/publication_process_fixture.py#L41-L41
Tests,backend/tests/publication_process_fixture.py,crash_publisher.<lambda@47>,47,47,1,1,0,1,Low,Python,https://github.com/alejandroayalad/trinity/blob/014f3064689ff8f8fda6be264d9bb17c46497989/backend/tests/publication_process_fixture.py#L47-L47
Tests,backend/tests/publication_process_fixture.py,crash_publisher.<lambda@50>,50,50,1,1,0,1,Low,Python,https://github.com/alejandroayalad/trinity/blob/014f3064689ff8f8fda6be264d9bb17c46497989/backend/tests/publication_process_fixture.py#L50-L50
Tests,backend/tests/publication_process_fixture.py,crash_publisher.Connection.__init__,55,55,1,1,0,1,Low,Python,https://github.com/alejandroayalad/trinity/blob/014f3064689ff8f8fda6be264d9bb17c46497989/backend/tests/publication_process_fixture.py#L55-L55
Tests,backend/tests/run_frontend_browser.py,main.<lambda@48>,48,48,1,1,0,1,Low,Python,https://github.com/alejandroayalad/trinity/blob/014f3064689ff8f8fda6be264d9bb17c46497989/backend/tests/run_frontend_browser.py#L48-L48
Tests,backend/tests/test_auth_postgres.py,PostgresAuthTests.test_seed_repeat_and_mismatch_preserve_history.forbidden_prompt,73,73,1,1,0,1,Low,Python,https://github.com/alejandroayalad/trinity/blob/014f3064689ff8f8fda6be264d9bb17c46497989/backend/tests/test_auth_postgres.py#L73-L73
Tests,backend/tests/test_auth_postgres.py,PostgresAuthTests.test_seed_empty_concurrently_is_atomic.<lambda@84>,84,84,1,1,0,1,Low,Python,https://github.com/alejandroayalad/trinity/blob/014f3064689ff8f8fda6be264d9bb17c46497989/backend/tests/test_auth_postgres.py#L84-L84
Tests,backend/tests/test_auth_postgres.py,PostgresAuthTests.test_seed_empty_concurrently_is_atomic.<lambda@84>,84,84,1,1,0,1,Low,Python,https://github.com/alejandroayalad/trinity/blob/014f3064689ff8f8fda6be264d9bb17c46497989/backend/tests/test_auth_postgres.py#L84-L84
Tests,backend/tests/test_auth_rotate.py,RotateOfflineTests.test_names_are_validated_before_any_database_access.<lambda@33>,33,33,1,1,0,1,Low,Python,https://github.com/alejandroayalad/trinity/blob/014f3064689ff8f8fda6be264d9bb17c46497989/backend/tests/test_auth_rotate.py#L33-L33
Tests,backend/tests/test_auth_rotate.py,RotatePostgresTests.test_rotation_changes_only_the_chosen_hashes.<lambda@87>,87,87,1,1,0,1,Low,Python,https://github.com/alejandroayalad/trinity/blob/014f3064689ff8f8fda6be264d9bb17c46497989/backend/tests/test_auth_rotate.py#L87-L87
Tests,backend/tests/test_auth_rotate.py,RotatePostgresTests.test_refused_requests_write_nothing.<lambda@121>,121,121,1,1,0,1,Low,Python,https://github.com/alejandroayalad/trinity/blob/014f3064689ff8f8fda6be264d9bb17c46497989/backend/tests/test_auth_rotate.py#L121-L121
Tests,backend/tests/test_auth_rotate.py,RotatePostgresTests.test_refused_requests_write_nothing.<lambda@122>,122,122,1,1,0,1,Low,Python,https://github.com/alejandroayalad/trinity/blob/014f3064689ff8f8fda6be264d9bb17c46497989/backend/tests/test_auth_rotate.py#L122-L122
Tests,backend/tests/test_auth_rotate.py,RotatePostgresTests.test_refused_requests_write_nothing.<lambda@123>,123,123,1,1,0,1,Low,Python,https://github.com/alejandroayalad/trinity/blob/014f3064689ff8f8fda6be264d9bb17c46497989/backend/tests/test_auth_rotate.py#L123-L123
Tests,backend/tests/test_auth_rotate.py,RotatePostgresTests.test_commit_failure_writes_nothing.<lambda@153>,153,153,1,1,0,1,Low,Python,https://github.com/alejandroayalad/trinity/blob/014f3064689ff8f8fda6be264d9bb17c46497989/backend/tests/test_auth_rotate.py#L153-L153
Tests,backend/tests/test_auth_unit.py,TransportTests.test_byte_limit_is_checked_on_chunks_without_content_length.receive,140,140,1,1,0,1,Low,Python,https://github.com/alejandroayalad/trinity/blob/014f3064689ff8f8fda6be264d9bb17c46497989/backend/tests/test_auth_unit.py#L140-L140
Tests,backend/tests/test_auth_unit.py,TransportTests.test_byte_limit_is_checked_on_chunks_without_content_length.send,141,141,1,1,0,1,Low,Python,https://github.com/alejandroayalad/trinity/blob/014f3064689ff8f8fda6be264d9bb17c46497989/backend/tests/test_auth_unit.py#L141-L141
Tests,backend/tests/test_catalog_unit.py,MetadataConnection.execute.<lambda@52>,52,52,1,1,0,1,Low,Python,https://github.com/alejandroayalad/trinity/blob/014f3064689ff8f8fda6be264d9bb17c46497989/backend/tests/test_catalog_unit.py#L52-L52
Tests,backend/tests/test_catalog_unit.py,OperatorCatalogTests.test_checker_rejects_hidden_fields_wrong_roles_and_inconsistent_readiness.<lambda@312>,312,312,1,1,0,1,Low,Python,https://github.com/alejandroayalad/trinity/blob/014f3064689ff8f8fda6be264d9bb17c46497989/backend/tests/test_catalog_unit.py#L312-L312
Tests,backend/tests/test_catalog_unit.py,OperatorCatalogTests.test_checker_rejects_hidden_fields_wrong_roles_and_inconsistent_readiness.<lambda@312>,312,312,1,1,0,1,Low,Python,https://github.com/alejandroayalad/trinity/blob/014f3064689ff8f8fda6be264d9bb17c46497989/backend/tests/test_catalog_unit.py#L312-L312
Tests,backend/tests/test_catalog_unit.py,OperatorCatalogTests.test_checker_rejects_hidden_fields_wrong_roles_and_inconsistent_readiness.<lambda@313>,313,313,1,1,0,1,Low,Python,https://github.com/alejandroayalad/trinity/blob/014f3064689ff8f8fda6be264d9bb17c46497989/backend/tests/test_catalog_unit.py#L313-L313
Tests,backend/tests/test_dashboard_postgres.py,mixed_prepare.<lambda@29>,29,29,1,1,0,1,Low,Python,https://github.com/alejandroayalad/trinity/blob/014f3064689ff8f8fda6be264d9bb17c46497989/backend/tests/test_dashboard_postgres.py#L29-L29
Tests,backend/tests/test_dashboard_postgres.py,mixed_prepare.<lambda@29>,29,29,1,1,0,1,Low,Python,https://github.com/alejandroayalad/trinity/blob/014f3064689ff8f8fda6be264d9bb17c46497989/backend/tests/test_dashboard_postgres.py#L29-L29
Tests,backend/tests/test_dashboard_postgres.py,DashboardPostgresTests.setUp.<lambda@55>,55,55,1,1,0,1,Low,Python,https://github.com/alejandroayalad/trinity/blob/014f3064689ff8f8fda6be264d9bb17c46497989/backend/tests/test_dashboard_postgres.py#L55-L55
Tests,backend/tests/test_dashboard_runtime.py,crash_national_owner.<lambda@47>,47,47,1,1,0,1,Low,Python,https://github.com/alejandroayalad/trinity/blob/014f3064689ff8f8fda6be264d9bb17c46497989/backend/tests/test_dashboard_runtime.py#L47-L47
Tests,backend/tests/test_dashboard_runtime.py,DashboardRuntimeTests.test_slow_download_and_start_failure_keep_cleanup_ownership.<lambda@239>,239,239,1,1,0,1,Low,Python,https://github.com/alejandroayalad/trinity/blob/014f3064689ff8f8fda6be264d9bb17c46497989/backend/tests/test_dashboard_runtime.py#L239-L239
Tests,backend/tests/test_dashboard_service.py,NationalServiceTests.test_wrong_pin_or_range_is_rejected_even_when_preview_valid.<lambda@287>,287,287,1,1,0,1,Low,Python,https://github.com/alejandroayalad/trinity/blob/014f3064689ff8f8fda6be264d9bb17c46497989/backend/tests/test_dashboard_service.py#L287-L287
Tests,backend/tests/test_eia_client.py,EIAClientTests.test_empty_page_and_misleading_facility_total_are_valid.<lambda@114>,114,114,1,1,0,1,Low,Python,https://github.com/alejandroayalad/trinity/blob/014f3064689ff8f8fda6be264d9bb17c46497989/backend/tests/test_eia_client.py#L114-L114
Tests,backend/tests/test_eia_client.py,EIAClientTests.test_api_body_errors_and_malformed_pages_are_rejected.<lambda@201>,201,201,1,1,0,1,Low,Python,https://github.com/alejandroayalad/trinity/blob/014f3064689ff8f8fda6be264d9bb17c46497989/backend/tests/test_eia_client.py#L201-L201
Tests,backend/tests/test_eia_client.py,EIAClientTests.test_route_specific_identifiers_are_required.<lambda@213>,213,213,1,1,0,1,Low,Python,https://github.com/alejandroayalad/trinity/blob/014f3064689ff8f8fda6be264d9bb17c46497989/backend/tests/test_eia_client.py#L213-L213
Tests,backend/tests/test_eia_client.py,EIAClientTests.test_invalid_json_is_rejected.<lambda@220>,220,220,1,1,0,1,Low,Python,https://github.com/alejandroayalad/trinity/blob/014f3064689ff8f8fda6be264d9bb17c46497989/backend/tests/test_eia_client.py#L220-L220
Tests,backend/tests/test_eia_client.py,EIAClientTests.test_optional_percent_is_preserved_and_secret_echoes_are_removed.<lambda@235>,235,235,1,1,0,1,Low,Python,https://github.com/alejandroayalad/trinity/blob/014f3064689ff8f8fda6be264d9bb17c46497989/backend/tests/test_eia_client.py#L235-L235
Tests,backend/tests/test_eia_client.py,EIAClientTests.test_httpx_logging_masks_the_encoded_key.<lambda@256>,256,256,1,1,0,1,Low,Python,https://github.com/alejandroayalad/trinity/blob/014f3064689ff8f8fda6be264d9bb17c46497989/backend/tests/test_eia_client.py#L256-L256
Tests,backend/tests/test_eia_pagination.py,PaginationTests.test_empty_route_has_one_probe_and_zero_records.<lambda@116>,116,116,1,1,0,1,Low,Python,https://github.com/alejandroayalad/trinity/blob/014f3064689ff8f8fda6be264d9bb17c46497989/backend/tests/test_eia_pagination.py#L116-L116
Tests,backend/tests/test_evidence_cache.py,WarmEvidenceAdmissionTests.test_warm_evidence_does_not_skip_current_authority_pin_rate_or_capacity.<lambda@317>,317,317,1,1,0,1,Low,Python,https://github.com/alejandroayalad/trinity/blob/014f3064689ff8f8fda6be264d9bb17c46497989/backend/tests/test_evidence_cache.py#L317-L317
Tests,backend/tests/test_evidence_compression.py,CompressionTests.test_declared_expansion_and_reader_budget_bound_output.<lambda@138>,138,138,1,1,0,1,Low,Python,https://github.com/alejandroayalad/trinity/blob/014f3064689ff8f8fda6be264d9bb17c46497989/backend/tests/test_evidence_compression.py#L138-L138
Tests,backend/tests/test_evidence_compression.py,CompressionTests.test_expired_or_cancelled_storage_does_not_start_compression.<lambda@202>,202,202,1,1,0,1,Low,Python,https://github.com/alejandroayalad/trinity/blob/014f3064689ff8f8fda6be264d9bb17c46497989/backend/tests/test_evidence_compression.py#L202-L202
Tests,backend/tests/test_normalize.py,ConnectorParsingRegressionTests.test_parses_existing_sanitized_page_without_changing_it.<lambda@320>,320,320,1,1,0,1,Low,Python,https://github.com/alejandroayalad/trinity/blob/014f3064689ff8f8fda6be264d9bb17c46497989/backend/tests/test_normalize.py#L320-L320
Tests,backend/tests/test_parquet.py,FreezeFilesTests.test_s19_concurrent_reservations_have_one_winner.<lambda@234>,234,234,1,1,0,1,Low,Python,https://github.com/alejandroayalad/trinity/blob/014f3064689ff8f8fda6be264d9bb17c46497989/backend/tests/test_parquet.py#L234-L234
Tests,backend/tests/test_prepare.py,fixture_worker.<lambda@113>,113,113,1,1,0,1,Low,Python,https://github.com/alejandroayalad/trinity/blob/014f3064689ff8f8fda6be264d9bb17c46497989/backend/tests/test_prepare.py#L113-L113
Tests,backend/tests/test_prepare.py,fixture_worker.<lambda@113>,113,113,1,1,0,1,Low,Python,https://github.com/alejandroayalad/trinity/blob/014f3064689ff8f8fda6be264d9bb17c46497989/backend/tests/test_prepare.py#L113-L113
Tests,backend/tests/test_prepare.py,PreparationCommandTests.test_parent_sigterm_stops_and_reaps_the_child.<lambda@334>,334,334,1,1,0,1,Low,Python,https://github.com/alejandroayalad/trinity/blob/014f3064689ff8f8fda6be264d9bb17c46497989/backend/tests/test_prepare.py#L334-L334
Tests,backend/tests/test_preview_check.py,PreviewCheckTests.test_missing_publication_empty_page_or_continuation_is_not_ready.<lambda@79>,79,79,1,1,0,1,Low,Python,https://github.com/alejandroayalad/trinity/blob/014f3064689ff8f8fda6be264d9bb17c46497989/backend/tests/test_preview_check.py#L79-L79
Tests,backend/tests/test_preview_check.py,PreviewCheckTests.test_fixture_rejects_missing_wrong_filter_and_duplicate_keys.<lambda@96>,96,96,1,1,0,1,Low,Python,https://github.com/alejandroayalad/trinity/blob/014f3064689ff8f8fda6be264d9bb17c46497989/backend/tests/test_preview_check.py#L96-L96
Tests,backend/tests/test_preview_check.py,PreviewCheckTests.test_fixture_rejects_missing_wrong_filter_and_duplicate_keys.<lambda@96>,96,96,1,1,0,1,Low,Python,https://github.com/alejandroayalad/trinity/blob/014f3064689ff8f8fda6be264d9bb17c46497989/backend/tests/test_preview_check.py#L96-L96
Tests,backend/tests/test_preview_check.py,PreviewCheckTests.test_fixture_rejects_missing_wrong_filter_and_duplicate_keys.<lambda@97>,97,97,1,1,0,1,Low,Python,https://github.com/alejandroayalad/trinity/blob/014f3064689ff8f8fda6be264d9bb17c46497989/backend/tests/test_preview_check.py#L97-L97
Tests,backend/tests/test_preview_lifecycle.py,PreviewLifecycleTests.setUp.<lambda@56>,56,56,1,1,0,1,Low,Python,https://github.com/alejandroayalad/trinity/blob/014f3064689ff8f8fda6be264d9bb17c46497989/backend/tests/test_preview_lifecycle.py#L56-L56
Tests,backend/tests/test_preview_lifecycle.py,PreviewLifecycleTests.setUp.<lambda@62>,62,62,1,1,0,1,Low,Python,https://github.com/alejandroayalad/trinity/blob/014f3064689ff8f8fda6be264d9bb17c46497989/backend/tests/test_preview_lifecycle.py#L62-L62
Tests,backend/tests/test_preview_postgres.py,prepare_in_process.<lambda@34>,34,34,1,1,0,1,Low,Python,https://github.com/alejandroayalad/trinity/blob/014f3064689ff8f8fda6be264d9bb17c46497989/backend/tests/test_preview_postgres.py#L34-L34
Tests,backend/tests/test_preview_postgres.py,prepare_in_process.<lambda@34>,34,34,1,1,0,1,Low,Python,https://github.com/alejandroayalad/trinity/blob/014f3064689ff8f8fda6be264d9bb17c46497989/backend/tests/test_preview_postgres.py#L34-L34
Tests,backend/tests/test_preview_postgres.py,PreviewPostgresTests.setUp.<lambda@57>,57,57,1,1,0,1,Low,Python,https://github.com/alejandroayalad/trinity/blob/014f3064689ff8f8fda6be264d9bb17c46497989/backend/tests/test_preview_postgres.py#L57-L57
Tests,backend/tests/test_preview_postgres.py,PreviewPostgresTests.test_missing_runner_configuration_retains_debit_without_capacity.<lambda@198>,198,198,1,1,0,1,Low,Python,https://github.com/alejandroayalad/trinity/blob/014f3064689ff8f8fda6be264d9bb17c46497989/backend/tests/test_preview_postgres.py#L198-L198
Tests,backend/tests/test_preview_provenance.py,ProvenanceTests.test_complete_hashes_do_not_excuse_partial_or_mixed_evaluations.<lambda@152>,152,152,1,1,0,1,Low,Python,https://github.com/alejandroayalad/trinity/blob/014f3064689ff8f8fda6be264d9bb17c46497989/backend/tests/test_preview_provenance.py#L152-L152
Tests,backend/tests/test_preview_provenance.py,ProvenanceTests.test_complete_hashes_do_not_excuse_partial_or_mixed_evaluations.<lambda@153>,153,153,1,1,0,1,Low,Python,https://github.com/alejandroayalad/trinity/blob/014f3064689ff8f8fda6be264d9bb17c46497989/backend/tests/test_preview_provenance.py#L153-L153
Tests,backend/tests/test_preview_provenance.py,ProvenanceTests.test_complete_hashes_do_not_excuse_partial_or_mixed_evaluations.<lambda@154>,154,154,1,1,0,1,Low,Python,https://github.com/alejandroayalad/trinity/blob/014f3064689ff8f8fda6be264d9bb17c46497989/backend/tests/test_preview_provenance.py#L154-L154
Tests,backend/tests/test_preview_provenance.py,ProvenanceTests.test_complete_hashes_do_not_excuse_partial_or_mixed_evaluations.<lambda@155>,155,155,1,1,0,1,Low,Python,https://github.com/alejandroayalad/trinity/blob/014f3064689ff8f8fda6be264d9bb17c46497989/backend/tests/test_preview_provenance.py#L155-L155
Tests,backend/tests/test_preview_provenance.py,ProvenanceTests.test_complete_hashes_do_not_excuse_partial_or_mixed_evaluations.<lambda@156>,156,156,1,1,0,1,Low,Python,https://github.com/alejandroayalad/trinity/blob/014f3064689ff8f8fda6be264d9bb17c46497989/backend/tests/test_preview_provenance.py#L156-L156
Tests,backend/tests/test_preview_provenance.py,ProvenanceTests.test_complete_hashes_do_not_excuse_partial_or_mixed_evaluations.<lambda@157>,157,157,1,1,0,1,Low,Python,https://github.com/alejandroayalad/trinity/blob/014f3064689ff8f8fda6be264d9bb17c46497989/backend/tests/test_preview_provenance.py#L157-L157
Tests,backend/tests/test_preview_provenance.py,ProvenanceTests.test_complete_hashes_do_not_excuse_partial_or_mixed_evaluations.<lambda@158>,158,158,1,1,0,1,Low,Python,https://github.com/alejandroayalad/trinity/blob/014f3064689ff8f8fda6be264d9bb17c46497989/backend/tests/test_preview_provenance.py#L158-L158
Tests,backend/tests/test_preview_provenance.py,ProvenanceTests.test_complete_hashes_do_not_excuse_partial_or_mixed_evaluations.<lambda@159>,159,159,1,1,0,1,Low,Python,https://github.com/alejandroayalad/trinity/blob/014f3064689ff8f8fda6be264d9bb17c46497989/backend/tests/test_preview_provenance.py#L159-L159
Tests,backend/tests/test_preview_provenance.py,ProvenanceTests.test_complete_hashes_do_not_excuse_partial_or_mixed_evaluations.<lambda@160>,160,160,1,1,0,1,Low,Python,https://github.com/alejandroayalad/trinity/blob/014f3064689ff8f8fda6be264d9bb17c46497989/backend/tests/test_preview_provenance.py#L160-L160
Tests,backend/tests/test_preview_runtime.py,crash_owner.<lambda@40>,40,40,1,1,0,1,Low,Python,https://github.com/alejandroayalad/trinity/blob/014f3064689ff8f8fda6be264d9bb17c46497989/backend/tests/test_preview_runtime.py#L40-L40
Tests,backend/tests/test_preview_runtime.py,PreviewRuntimeTests.test_staging_and_start_timeouts_cleanup_without_resetting_budget.<lambda@240>,240,240,1,1,0,1,Low,Python,https://github.com/alejandroayalad/trinity/blob/014f3064689ff8f8fda6be264d9bb17c46497989/backend/tests/test_preview_runtime.py#L240-L240
Tests,backend/tests/test_publication_evidence.py,PublicationEvidenceTests.test_actual_storage_wrapper_classifies_retry_without_raw_error_text.<lambda@15>,15,15,1,1,0,1,Low,Python,https://github.com/alejandroayalad/trinity/blob/014f3064689ff8f8fda6be264d9bb17c46497989/backend/tests/test_publication_evidence.py#L15-L15
Tests,backend/tests/test_publication_postgres.py,PublicationPostgresTests.test_approved_temporary_failure_retry_preserves_approval.<lambda@31>,31,31,1,1,0,1,Low,Python,https://github.com/alejandroayalad/trinity/blob/014f3064689ff8f8fda6be264d9bb17c46497989/backend/tests/test_publication_postgres.py#L31-L31
Tests,backend/tests/test_publication_postgres.py,PublicationPostgresTests.test_each_final_write_rollback_and_lost_commit_response.FailingConnection.__init__,139,139,1,1,0,1,Low,Python,https://github.com/alejandroayalad/trinity/blob/014f3064689ff8f8fda6be264d9bb17c46497989/backend/tests/test_publication_postgres.py#L139-L139
Tests,backend/tests/test_publication_postgres.py,PublicationPostgresTests.test_automatic_retry_rechecks_changed_bytes_and_retains_failure_history.<lambda@247>,247,247,1,1,0,1,Low,Python,https://github.com/alejandroayalad/trinity/blob/014f3064689ff8f8fda6be264d9bb17c46497989/backend/tests/test_publication_postgres.py#L247-L247
Tests,backend/tests/test_publication_postgres.py,PublicationPostgresTests.test_storage_configuration_failure_is_recorded_and_not_retryable.invalid,310,310,1,1,0,1,Low,Python,https://github.com/alejandroayalad/trinity/blob/014f3064689ff8f8fda6be264d9bb17c46497989/backend/tests/test_publication_postgres.py#L310-L310
Tests,backend/tests/test_publication_postgres.py,PublicationPostgresTests.test_automatic_storage_retry_succeeds_with_fresh_complete_verification.<lambda@335>,335,335,1,1,0,1,Low,Python,https://github.com/alejandroayalad/trinity/blob/014f3064689ff8f8fda6be264d9bb17c46497989/backend/tests/test_publication_postgres.py#L335-L335
Tests,backend/tests/test_refresh_admission.py,AdmissionTests.test_tracking_cursor_is_bound_and_private_fields_stay_hidden.<lambda@142>,142,142,1,1,0,1,Low,Python,https://github.com/alejandroayalad/trinity/blob/014f3064689ff8f8fda6be264d9bb17c46497989/backend/tests/test_refresh_admission.py#L142-L142
Tests,backend/tests/test_refresh_admission.py,AdmissionTests.test_loopback_http_commit_failure_acceptance_and_replay.<lambda@192>,192,192,1,1,0,1,Low,Python,https://github.com/alejandroayalad/trinity/blob/014f3064689ff8f8fda6be264d9bb17c46497989/backend/tests/test_refresh_admission.py#L192-L192
Tests,backend/tests/test_refresh_candidates.py,crashing_worker.<lambda@45>,45,45,1,1,0,1,Low,Python,https://github.com/alejandroayalad/trinity/blob/014f3064689ff8f8fda6be264d9bb17c46497989/backend/tests/test_refresh_candidates.py#L45-L45
Tests,backend/tests/test_refresh_candidates.py,crashing_worker.<lambda@51>,51,51,1,1,0,1,Low,Python,https://github.com/alejandroayalad/trinity/blob/014f3064689ff8f8fda6be264d9bb17c46497989/backend/tests/test_refresh_candidates.py#L51-L51
Tests,backend/tests/test_refresh_candidates.py,CandidateTests.recovery.<lambda@94>,94,94,1,1,0,1,Low,Python,https://github.com/alejandroayalad/trinity/blob/014f3064689ff8f8fda6be264d9bb17c46497989/backend/tests/test_refresh_candidates.py#L94-L94
Tests,backend/tests/test_refresh_candidates.py,CandidateTests.test_registration_remote_reads_have_no_open_database_transaction.factory.<lambda@346>,346,346,1,1,0,1,Low,Python,https://github.com/alejandroayalad/trinity/blob/014f3064689ff8f8fda6be264d9bb17c46497989/backend/tests/test_refresh_candidates.py#L346-L346
Tests,backend/tests/test_refresh_discovery.py,DiscoveryTests.test_empty_malformed_and_future_dates_never_supply_a_window.<lambda@27>,27,27,1,1,0,1,Low,Python,https://github.com/alejandroayalad/trinity/blob/014f3064689ff8f8fda6be264d9bb17c46497989/backend/tests/test_refresh_discovery.py#L27-L27
Tests,backend/tests/test_refresh_discovery.py,DiscoveryTests.test_failed_custody_prevents_http.reject,32,32,1,1,0,1,Low,Python,https://github.com/alejandroayalad/trinity/blob/014f3064689ff8f8fda6be264d9bb17c46497989/backend/tests/test_refresh_discovery.py#L32-L32
Tests,backend/tests/test_refresh_discovery.py,DiscoveryTests.test_failed_custody_prevents_http.<lambda@34>,34,34,1,1,0,1,Low,Python,https://github.com/alejandroayalad/trinity/blob/014f3064689ff8f8fda6be264d9bb17c46497989/backend/tests/test_refresh_discovery.py#L34-L34
Tests,backend/tests/test_refresh_postgres.py,RefreshPostgresTests.test_writer_review_handoff_is_accepted_by_actual_preview_service.<lambda@114>,114,114,1,1,0,1,Low,Python,https://github.com/alejandroayalad/trinity/blob/014f3064689ff8f8fda6be264d9bb17c46497989/backend/tests/test_refresh_postgres.py#L114-L114
Tests,backend/tests/test_refresh_recovery_runtime.py,RecoveryRuntimeTests.test_rerun_and_delete_have_one_winner.<lambda@66>,66,66,1,1,0,1,Low,Python,https://github.com/alejandroayalad/trinity/blob/014f3064689ff8f8fda6be264d9bb17c46497989/backend/tests/test_refresh_recovery_runtime.py#L66-L66
Tests,backend/tests/test_refresh_recovery_runtime.py,RecoveryRuntimeTests.test_delete_cannot_release_a_new_manual_owner.<lambda@92>,92,92,1,1,0,1,Low,Python,https://github.com/alejandroayalad/trinity/blob/014f3064689ff8f8fda6be264d9bb17c46497989/backend/tests/test_refresh_recovery_runtime.py#L92-L92
Tests,backend/tests/test_refresh_recovery_runtime.py,RecoveryRuntimeTests.test_delete_replay_preserves_new_scheduled_owner.<lambda@122>,122,122,1,1,0,1,Low,Python,https://github.com/alejandroayalad/trinity/blob/014f3064689ff8f8fda6be264d9bb17c46497989/backend/tests/test_refresh_recovery_runtime.py#L122-L122
Tests,backend/tests/test_refresh_recovery_runtime.py,RecoveryRuntimeTests.test_logout_race_never_authorizes_later_replay.<lambda@148>,148,148,1,1,0,1,Low,Python,https://github.com/alejandroayalad/trinity/blob/014f3064689ff8f8fda6be264d9bb17c46497989/backend/tests/test_refresh_recovery_runtime.py#L148-L148
Tests,backend/tests/test_refresh_recovery_runtime.py,RecoveryRuntimeTests.test_role_change_race_never_authorizes_later_replay.<lambda@155>,155,155,1,1,0,1,Low,Python,https://github.com/alejandroayalad/trinity/blob/014f3064689ff8f8fda6be264d9bb17c46497989/backend/tests/test_refresh_recovery_runtime.py#L155-L155
Tests,backend/tests/test_refresh_recovery_runtime.py,RecoveryPublicationTests.publication_race.<lambda@383>,383,383,1,1,0,1,Low,Python,https://github.com/alejandroayalad/trinity/blob/014f3064689ff8f8fda6be264d9bb17c46497989/backend/tests/test_refresh_recovery_runtime.py#L383-L383
Tests,backend/tests/test_refresh_recovery_service.py,RecoveryServiceTests.setUp.<lambda@73>,73,73,1,1,0,1,Low,Python,https://github.com/alejandroayalad/trinity/blob/014f3064689ff8f8fda6be264d9bb17c46497989/backend/tests/test_refresh_recovery_service.py#L73-L73
Tests,backend/tests/test_refresh_recovery_service.py,RecoveryServiceTests.setUp.<lambda@74>,74,74,1,1,0,1,Low,Python,https://github.com/alejandroayalad/trinity/blob/014f3064689ff8f8fda6be264d9bb17c46497989/backend/tests/test_refresh_recovery_service.py#L74-L74
Tests,backend/tests/test_refresh_recovery_service.py,RecoveryServiceTests.setUp.<lambda@76>,76,76,1,1,0,1,Low,Python,https://github.com/alejandroayalad/trinity/blob/014f3064689ff8f8fda6be264d9bb17c46497989/backend/tests/test_refresh_recovery_service.py#L76-L76
Tests,backend/tests/test_refresh_recovery_service.py,RecoveryServiceTests.test_stale_revision_setup_and_ineligible_state_have_no_mutation.<lambda@196>,196,196,1,1,0,1,Low,Python,https://github.com/alejandroayalad/trinity/blob/014f3064689ff8f8fda6be264d9bb17c46497989/backend/tests/test_refresh_recovery_service.py#L196-L196
Tests,backend/tests/test_refresh_worker.py,WorkerTests.worker.<lambda@62>,62,62,1,1,0,1,Low,Python,https://github.com/alejandroayalad/trinity/blob/014f3064689ff8f8fda6be264d9bb17c46497989/backend/tests/test_refresh_worker.py#L62-L62
Tests,backend/tests/test_refresh_worker.py,WorkerTests.test_empty_discovery_has_no_version_and_one_failed_run.<lambda@132>,132,132,1,1,0,1,Low,Python,https://github.com/alejandroayalad/trinity/blob/014f3064689ff8f8fda6be264d9bb17c46497989/backend/tests/test_refresh_worker.py#L132-L132
Tests,backend/tests/test_refresh_worker.py,WorkerTests.test_lease_loss_stops_live_child_before_any_recovery.<lambda@173>,173,173,1,1,0,1,Low,Python,https://github.com/alejandroayalad/trinity/blob/014f3064689ff8f8fda6be264d9bb17c46497989/backend/tests/test_refresh_worker.py#L173-L173
Tests,backend/tests/test_refresh_worker.py,WorkerTests.test_actual_crash_after_discovery_keeps_original_window.<lambda@253>,253,253,1,1,0,1,Low,Python,https://github.com/alejandroayalad/trinity/blob/014f3064689ff8f8fda6be264d9bb17c46497989/backend/tests/test_refresh_worker.py#L253-L253
Tests,backend/tests/test_refresh_worker.py,small_object_child.<lambda@308>,308,308,1,1,0,1,Low,Python,https://github.com/alejandroayalad/trinity/blob/014f3064689ff8f8fda6be264d9bb17c46497989/backend/tests/test_refresh_worker.py#L308-L308
Tests,backend/tests/test_registration_budget.py,RegistrationBudgetTests.test_worker_requests_the_full_budget_when_time_remains.<lambda@29>,29,29,1,1,0,1,Low,Python,https://github.com/alejandroayalad/trinity/blob/014f3064689ff8f8fda6be264d9bb17c46497989/backend/tests/test_registration_budget.py#L29-L29
Tests,backend/tests/test_registration_budget.py,RegistrationBudgetTests.test_worker_never_exceeds_the_remaining_execution_budget.<lambda@34>,34,34,1,1,0,1,Low,Python,https://github.com/alejandroayalad/trinity/blob/014f3064689ff8f8fda6be264d9bb17c46497989/backend/tests/test_registration_budget.py#L34-L34
Tests,backend/tests/test_retrieval.py,RetrievalTests.test_saved_response_checksum_and_redaction.<lambda@76>,76,76,1,1,0,1,Low,Python,https://github.com/alejandroayalad/trinity/blob/014f3064689ff8f8fda6be264d9bb17c46497989/backend/tests/test_retrieval.py#L76-L76
Tests,backend/tests/test_retrieval.py,RetrievalTests.test_http_api_json_and_shape_failures_have_safe_metadata.<lambda@99>,99,99,1,1,0,1,Low,Python,https://github.com/alejandroayalad/trinity/blob/014f3064689ff8f8fda6be264d9bb17c46497989/backend/tests/test_retrieval.py#L99-L99
Tests,backend/tests/test_retrieval.py,RetrievalTests.test_deadline_in_backoff_does_not_count_unstarted_retry.<lambda@130>,130,130,1,1,0,1,Low,Python,https://github.com/alejandroayalad/trinity/blob/014f3064689ff8f8fda6be264d9bb17c46497989/backend/tests/test_retrieval.py#L130-L130
Tests,backend/tests/test_retrieval.py,RetrievalTests.test_invalid_arguments_and_unexpected_errors.<lambda@152>,152,152,1,1,0,1,Low,Python,https://github.com/alejandroayalad/trinity/blob/014f3064689ff8f8fda6be264d9bb17c46497989/backend/tests/test_retrieval.py#L152-L152
Tests,backend/tests/test_s3.py,StorageTests.test_concurrent_writers_have_only_one_reservation_winner.<lambda@192>,192,192,1,1,0,1,Low,Python,https://github.com/alejandroayalad/trinity/blob/014f3064689ff8f8fda6be264d9bb17c46497989/backend/tests/test_s3.py#L192-L192
Tests,backend/tests/test_s3.py,StorageTests.test_wrong_or_truncated_readback_fails_even_with_matching_etag.<lambda@337>,337,337,1,1,0,1,Low,Python,https://github.com/alejandroayalad/trinity/blob/014f3064689ff8f8fda6be264d9bb17c46497989/backend/tests/test_s3.py#L337-L337
Tests,backend/tests/test_s3.py,StorageTests.test_deadline_in_retry_wait_and_after_request_blocks_success.<lambda@375>,375,375,1,1,0,1,Low,Python,https://github.com/alejandroayalad/trinity/blob/014f3064689ff8f8fda6be264d9bb17c46497989/backend/tests/test_s3.py#L375-L375
Tests,backend/tests/test_s3.py,StorageTests.test_cancel_and_interrupt_keep_prior_evidence_without_bundle.<lambda@402>,402,402,1,1,0,1,Low,Python,https://github.com/alejandroayalad/trinity/blob/014f3064689ff8f8fda6be264d9bb17c46497989/backend/tests/test_s3.py#L402-L402
Tests,backend/tests/test_schedule_unit.py,TimezoneTests.test_localtime_is_rejected_when_the_runtime_lists_it.<lambda@160>,160,160,1,1,0,1,Low,Python,https://github.com/alejandroayalad/trinity/blob/014f3064689ff8f8fda6be264d9bb17c46497989/backend/tests/test_schedule_unit.py#L160-L160
Tests,backend/tests/test_schedule_unit.py,TimezoneTests.test_localtime_is_rejected_when_the_runtime_lists_it.<lambda@161>,161,161,1,1,0,1,Low,Python,https://github.com/alejandroayalad/trinity/blob/014f3064689ff8f8fda6be264d9bb17c46497989/backend/tests/test_schedule_unit.py#L161-L161
Tests,backend/tests/test_scheduler_postgres.py,at.<lambda@46>,46,46,1,1,0,1,Low,Python,https://github.com/alejandroayalad/trinity/blob/014f3064689ff8f8fda6be264d9bb17c46497989/backend/tests/test_scheduler_postgres.py#L46-L46
Tests,backend/tests/test_scheduler_postgres.py,SchedulerPostgresTests.test_change_between_check_and_lock_is_rechecked.<lambda@259>,259,259,1,1,0,1,Low,Python,https://github.com/alejandroayalad/trinity/blob/014f3064689ff8f8fda6be264d9bb17c46497989/backend/tests/test_scheduler_postgres.py#L259-L259
Tests,backend/tests/test_settings_service.py,UpdateOrderTests.run_update.<lambda@123>,123,123,1,1,0,1,Low,Python,https://github.com/alejandroayalad/trinity/blob/014f3064689ff8f8fda6be264d9bb17c46497989/backend/tests/test_settings_service.py#L123-L123
Tests,backend/tests/test_settings_service.py,UpdateOrderTests.test_dependency_failure_adds_retry_after.<lambda@166>,166,166,1,1,0,1,Low,Python,https://github.com/alejandroayalad/trinity/blob/014f3064689ff8f8fda6be264d9bb17c46497989/backend/tests/test_settings_service.py#L166-L166
Tests,backend/tests/test_settings_service.py,StatusTests.status.<lambda@199>,199,199,1,1,0,1,Low,Python,https://github.com/alejandroayalad/trinity/blob/014f3064689ff8f8fda6be264d9bb17c46497989/backend/tests/test_settings_service.py#L199-L199
Tests,backend/tests/test_settings_service.py,StatusTests.status.<lambda@200>,200,200,1,1,0,1,Low,Python,https://github.com/alejandroayalad/trinity/blob/014f3064689ff8f8fda6be264d9bb17c46497989/backend/tests/test_settings_service.py#L200-L200
Tests,backend/tests/test_settings_service.py,StatusTests.status.<lambda@201>,201,201,1,1,0,1,Low,Python,https://github.com/alejandroayalad/trinity/blob/014f3064689ff8f8fda6be264d9bb17c46497989/backend/tests/test_settings_service.py#L201-L201
Tests,backend/tests/test_settings_service.py,HttpTests.test_status_route_shape_and_denials.<lambda@293>,293,293,1,1,0,1,Low,Python,https://github.com/alejandroayalad/trinity/blob/014f3064689ff8f8fda6be264d9bb17c46497989/backend/tests/test_settings_service.py#L293-L293
Tests,backend/tests/test_settings_service.py,HttpTests.test_status_route_shape_and_denials.<lambda@294>,294,294,1,1,0,1,Low,Python,https://github.com/alejandroayalad/trinity/blob/014f3064689ff8f8fda6be264d9bb17c46497989/backend/tests/test_settings_service.py#L294-L294
Tests,backend/tests/test_settings_service.py,HttpTests.test_status_route_shape_and_denials.<lambda@295>,295,295,1,1,0,1,Low,Python,https://github.com/alejandroayalad/trinity/blob/014f3064689ff8f8fda6be264d9bb17c46497989/backend/tests/test_settings_service.py#L295-L295
Tests,backend/tests/test_sql_containers.py,ContainerTests.setUp.<lambda@59>,59,59,1,1,0,1,Low,Python,https://github.com/alejandroayalad/trinity/blob/014f3064689ff8f8fda6be264d9bb17c46497989/backend/tests/test_sql_containers.py#L59-L59
Tests,backend/tests/test_sql_lifecycle.py,Database.transaction,17,17,1,1,0,1,Low,Python,https://github.com/alejandroayalad/trinity/blob/014f3064689ff8f8fda6be264d9bb17c46497989/backend/tests/test_sql_lifecycle.py#L17-L17
Tests,backend/tests/test_sql_lifecycle.py,LifecycleTests.test_known_container_must_be_removed_before_release.<lambda@41>,41,41,1,1,0,1,Low,Python,https://github.com/alejandroayalad/trinity/blob/014f3064689ff8f8fda6be264d9bb17c46497989/backend/tests/test_sql_lifecycle.py#L41-L41
Tests,backend/tests/test_sql_postgres.py,QueryPostgresTests.setUp.<lambda@41>,41,41,1,1,0,1,Low,Python,https://github.com/alejandroayalad/trinity/blob/014f3064689ff8f8fda6be264d9bb17c46497989/backend/tests/test_sql_postgres.py#L41-L41
Tests,backend/tests/test_sql_postgres.py,QueryPostgresTests.setUp.<lambda@42>,42,42,1,1,0,1,Low,Python,https://github.com/alejandroayalad/trinity/blob/014f3064689ff8f8fda6be264d9bb17c46497989/backend/tests/test_sql_postgres.py#L42-L42
Tests,backend/tests/test_sql_postgres.py,QueryPostgresTests.token,45,45,1,1,0,1,Low,Python,https://github.com/alejandroayalad/trinity/blob/014f3064689ff8f8fda6be264d9bb17c46497989/backend/tests/test_sql_postgres.py#L45-L45
Tests,backend/tests/test_sql_postgres.py,QueryPostgresTests.test_loopback_http_real_database_supervisor_and_query_container.cli,145,145,1,1,0,1,Low,Python,https://github.com/alejandroayalad/trinity/blob/014f3064689ff8f8fda6be264d9bb17c46497989/backend/tests/test_sql_postgres.py#L145-L145
Tests,backend/tests/test_sql_postgres.py,QueryPostgresTests.test_expired_running_container_recovery_fences_and_releases.cli,198,198,1,1,0,1,Low,Python,https://github.com/alejandroayalad/trinity/blob/014f3064689ff8f8fda6be264d9bb17c46497989/backend/tests/test_sql_postgres.py#L198-L198
Tests,backend/tests/test_sql_staging.py,Client.__init__,42,42,1,1,0,1,Low,Python,https://github.com/alejandroayalad/trinity/blob/014f3064689ff8f8fda6be264d9bb17c46497989/backend/tests/test_sql_staging.py#L42-L42
Tests,frontend/src/api/client.test.ts,<callback@24>.<callback@44>.<callback@46>,46,46,1,1,0,1,Low,TypeScript/JavaScript,https://github.com/alejandroayalad/trinity/blob/014f3064689ff8f8fda6be264d9bb17c46497989/frontend/src/api/client.test.ts#L46-L46
Tests,frontend/src/api/client.test.ts,<callback@24>.<callback@127>.<callback@129>,129,129,1,1,0,1,Low,TypeScript/JavaScript,https://github.com/alejandroayalad/trinity/blob/014f3064689ff8f8fda6be264d9bb17c46497989/frontend/src/api/client.test.ts#L129-L129
Tests,frontend/src/api/client.test.ts,<callback@24>.<callback@174>.<callback@176>.<callback@177>,177,177,1,1,0,1,Low,TypeScript/JavaScript,https://github.com/alejandroayalad/trinity/blob/014f3064689ff8f8fda6be264d9bb17c46497989/frontend/src/api/client.test.ts#L177-L177
Production,frontend/src/api/endpoints.ts,path,20,20,1,1,0,1,Low,TypeScript/JavaScript,https://github.com/alejandroayalad/trinity/blob/014f3064689ff8f8fda6be264d9bb17c46497989/frontend/src/api/endpoints.ts#L20-L20
Production,frontend/src/api/queryKeys.ts,dashboard,11,11,1,1,0,1,Low,TypeScript/JavaScript,https://github.com/alejandroayalad/trinity/blob/014f3064689ff8f8fda6be264d9bb17c46497989/frontend/src/api/queryKeys.ts#L11-L11
Production,frontend/src/api/queryKeys.ts,metric,12,12,1,1,0,1,Low,TypeScript/JavaScript,https://github.com/alejandroayalad/trinity/blob/014f3064689ff8f8fda6be264d9bb17c46497989/frontend/src/api/queryKeys.ts#L12-L12
Production,frontend/src/api/queryKeys.ts,facilityDay,16,16,1,1,0,1,Low,TypeScript/JavaScript,https://github.com/alejandroayalad/trinity/blob/014f3064689ff8f8fda6be264d9bb17c46497989/frontend/src/api/queryKeys.ts#L16-L16
Production,frontend/src/api/queryKeys.ts,facilitySpark,17,17,1,1,0,1,Low,TypeScript/JavaScript,https://github.com/alejandroayalad/trinity/blob/014f3064689ff8f8fda6be264d9bb17c46497989/frontend/src/api/queryKeys.ts#L17-L17
Production,frontend/src/api/queryKeys.ts,facilities,18,18,1,1,0,1,Low,TypeScript/JavaScript,https://github.com/alejandroayalad/trinity/blob/014f3064689ff8f8fda6be264d9bb17c46497989/frontend/src/api/queryKeys.ts#L18-L18
Production,frontend/src/api/queryKeys.ts,generators,19,19,1,1,0,1,Low,TypeScript/JavaScript,https://github.com/alejandroayalad/trinity/blob/014f3064689ff8f8fda6be264d9bb17c46497989/frontend/src/api/queryKeys.ts#L19-L19
Production,frontend/src/api/queryKeys.ts,run,21,21,1,1,0,1,Low,TypeScript/JavaScript,https://github.com/alejandroayalad/trinity/blob/014f3064689ff8f8fda6be264d9bb17c46497989/frontend/src/api/queryKeys.ts#L21-L21
Production,frontend/src/api/queryKeys.ts,candidate,22,22,1,1,0,1,Low,TypeScript/JavaScript,https://github.com/alejandroayalad/trinity/blob/014f3064689ff8f8fda6be264d9bb17c46497989/frontend/src/api/queryKeys.ts#L22-L22
Tests,frontend/src/api/types.test.ts,<callback@42>.<callback@43>.<callback@59>,59,59,1,1,0,1,Low,TypeScript/JavaScript,https://github.com/alejandroayalad/trinity/blob/014f3064689ff8f8fda6be264d9bb17c46497989/frontend/src/api/types.test.ts#L59-L59
Tests,frontend/src/components/components.test.tsx,DialogHarness.<callback@15>,15,15,1,1,0,1,Low,TypeScript/JavaScript,https://github.com/alejandroayalad/trinity/blob/014f3064689ff8f8fda6be264d9bb17c46497989/frontend/src/components/components.test.tsx#L15-L15
Tests,frontend/src/components/components.test.tsx,DialogHarness.<callback@25>,25,25,1,1,0,1,Low,TypeScript/JavaScript,https://github.com/alejandroayalad/trinity/blob/014f3064689ff8f8fda6be264d9bb17c46497989/frontend/src/components/components.test.tsx#L25-L25
Production,frontend/src/components/controls/Segmented.tsx,Segmented.<callback@16>.<callback@22>,22,22,1,1,0,1,Low,TypeScript/JavaScript,https://github.com/alejandroayalad/trinity/blob/014f3064689ff8f8fda6be264d9bb17c46497989/frontend/src/components/controls/Segmented.tsx#L22-L22
Production,frontend/src/components/controls/ShortId.tsx,ShortId.<callback@12>.<callback@14>,14,14,1,1,0,1,Low,TypeScript/JavaScript,https://github.com/alejandroayalad/trinity/blob/014f3064689ff8f8fda6be264d9bb17c46497989/frontend/src/components/controls/ShortId.tsx#L14-L14
Production,frontend/src/components/controls/ShortId.tsx,ShortId.<callback@12>.<callback@15>,15,15,1,1,0,1,Low,TypeScript/JavaScript,https://github.com/alejandroayalad/trinity/blob/014f3064689ff8f8fda6be264d9bb17c46497989/frontend/src/components/controls/ShortId.tsx#L15-L15
Production,frontend/src/components/controls/ShortId.tsx,ShortId.<callback@28>,28,28,1,1,0,1,Low,TypeScript/JavaScript,https://github.com/alejandroayalad/trinity/blob/014f3064689ff8f8fda6be264d9bb17c46497989/frontend/src/components/controls/ShortId.tsx#L28-L28
Production,frontend/src/components/controls/Switch.tsx,Switch.<callback@15>,15,15,1,1,0,1,Low,TypeScript/JavaScript,https://github.com/alejandroayalad/trinity/blob/014f3064689ff8f8fda6be264d9bb17c46497989/frontend/src/components/controls/Switch.tsx#L15-L15
Production,frontend/src/components/controls/Tabs.tsx,Tabs.<callback@33>.<callback@48>,48,48,1,1,0,1,Low,TypeScript/JavaScript,https://github.com/alejandroayalad/trinity/blob/014f3064689ff8f8fda6be264d9bb17c46497989/frontend/src/components/controls/Tabs.tsx#L48-L48
Production,frontend/src/components/controls/Tabs.tsx,Tabs.<callback@33>.<callback@49>,49,49,1,1,0,1,Low,TypeScript/JavaScript,https://github.com/alejandroayalad/trinity/blob/014f3064689ff8f8fda6be264d9bb17c46497989/frontend/src/components/controls/Tabs.tsx#L49-L49
Production,frontend/src/components/data/ListTable.tsx,ListTable.<callback@16>,16,16,1,1,0,1,Low,TypeScript/JavaScript,https://github.com/alejandroayalad/trinity/blob/014f3064689ff8f8fda6be264d9bb17c46497989/frontend/src/components/data/ListTable.tsx#L16-L16
Production,frontend/src/components/data/ListTable.tsx,ListTable.<callback@22>,22,22,1,1,0,1,Low,TypeScript/JavaScript,https://github.com/alejandroayalad/trinity/blob/014f3064689ff8f8fda6be264d9bb17c46497989/frontend/src/components/data/ListTable.tsx#L22-L22
Production,frontend/src/components/data/ListTable.tsx,ListTable.<callback@26>.<callback@29>,29,29,1,1,0,1,Low,TypeScript/JavaScript,https://github.com/alejandroayalad/trinity/blob/014f3064689ff8f8fda6be264d9bb17c46497989/frontend/src/components/data/ListTable.tsx#L29-L29
Production,frontend/src/components/feedback/Toast.tsx,<callback@4>,4,4,1,1,0,1,Low,TypeScript/JavaScript,https://github.com/alejandroayalad/trinity/blob/014f3064689ff8f8fda6be264d9bb17c46497989/frontend/src/components/feedback/Toast.tsx#L4-L4
Production,frontend/src/components/feedback/Toast.tsx,ToastProvider.<callback@13>,13,13,1,1,0,1,Low,TypeScript/JavaScript,https://github.com/alejandroayalad/trinity/blob/014f3064689ff8f8fda6be264d9bb17c46497989/frontend/src/components/feedback/Toast.tsx#L13-L13
Production,frontend/src/components/feedback/Toast.tsx,ToastProvider.<callback@15>.<callback@17>,17,17,1,1,0,1,Low,TypeScript/JavaScript,https://github.com/alejandroayalad/trinity/blob/014f3064689ff8f8fda6be264d9bb17c46497989/frontend/src/components/feedback/Toast.tsx#L17-L17
Production,frontend/src/components/feedback/Toast.tsx,ToastProvider.<callback@15>.<callback@18>,18,18,1,1,0,1,Low,TypeScript/JavaScript,https://github.com/alejandroayalad/trinity/blob/014f3064689ff8f8fda6be264d9bb17c46497989/frontend/src/components/feedback/Toast.tsx#L18-L18
Production,frontend/src/components/overlay/useFocusTrap.ts,useFocusTrap.<callback@23>.focusables,28,28,1,1,0,1,Low,TypeScript/JavaScript,https://github.com/alejandroayalad/trinity/blob/014f3064689ff8f8fda6be264d9bb17c46497989/frontend/src/components/overlay/useFocusTrap.ts#L28-L28
Tests,frontend/src/lib/dates.test.ts,<callback@17>.<callback@45>.<callback@50>,50,50,1,1,0,1,Low,TypeScript/JavaScript,https://github.com/alejandroayalad/trinity/blob/014f3064689ff8f8fda6be264d9bb17c46497989/frontend/src/lib/dates.test.ts#L50-L50
Production,frontend/src/lib/dates.ts,datesBetween.<callback@75>,75,75,1,1,0,1,Low,TypeScript/JavaScript,https://github.com/alejandroayalad/trinity/blob/014f3064689ff8f8fda6be264d9bb17c46497989/frontend/src/lib/dates.ts#L75-L75
Production,frontend/src/lib/dates.ts,formatUtcTime.pad,103,103,1,1,0,1,Low,TypeScript/JavaScript,https://github.com/alejandroayalad/trinity/blob/014f3064689ff8f8fda6be264d9bb17c46497989/frontend/src/lib/dates.ts#L103-L103
Tests,frontend/src/lib/decimal.test.ts,<callback@26>.<callback@83>.<callback@85>,85,85,1,1,0,1,Low,TypeScript/JavaScript,https://github.com/alejandroayalad/trinity/blob/014f3064689ff8f8fda6be264d9bb17c46497989/frontend/src/lib/decimal.test.ts#L85-L85
Production,frontend/src/lib/useReducedMotion.ts,useReducedMotion.<callback@5>,5,5,1,1,0,1,Low,TypeScript/JavaScript,https://github.com/alejandroayalad/trinity/blob/014f3064689ff8f8fda6be264d9bb17c46497989/frontend/src/lib/useReducedMotion.ts#L5-L5
Production,frontend/src/lib/useReducedMotion.ts,useReducedMotion.<callback@6>.change,8,8,1,1,0,1,Low,TypeScript/JavaScript,https://github.com/alejandroayalad/trinity/blob/014f3064689ff8f8fda6be264d9bb17c46497989/frontend/src/lib/useReducedMotion.ts#L8-L8
Production,frontend/src/lib/useReducedMotion.ts,useReducedMotion.<callback@6>.<callback@10>,10,10,1,1,0,1,Low,TypeScript/JavaScript,https://github.com/alejandroayalad/trinity/blob/014f3064689ff8f8fda6be264d9bb17c46497989/frontend/src/lib/useReducedMotion.ts#L10-L10
Tests,frontend/src/lint.test.ts,<callback@5>.<callback@6>.<callback@10>,10,10,1,1,0,1,Low,TypeScript/JavaScript,https://github.com/alejandroayalad/trinity/blob/014f3064689ff8f8fda6be264d9bb17c46497989/frontend/src/lint.test.ts#L10-L10
Production,frontend/src/pages/catalog/Catalog.tsx,Catalog.<callback@27>,27,27,1,1,0,1,Low,TypeScript/JavaScript,https://github.com/alejandroayalad/trinity/blob/014f3064689ff8f8fda6be264d9bb17c46497989/frontend/src/pages/catalog/Catalog.tsx#L27-L27
Production,frontend/src/pages/catalog/Choices.tsx,useChoiceRestart.<callback@19>.<callback@21>,21,21,1,1,0,1,Low,TypeScript/JavaScript,https://github.com/alejandroayalad/trinity/blob/014f3064689ff8f8fda6be264d9bb17c46497989/frontend/src/pages/catalog/Choices.tsx#L21-L21
Production,frontend/src/pages/catalog/Choices.tsx,useChoiceRestart.<callback@19>.<callback@22>,22,22,1,1,0,1,Low,TypeScript/JavaScript,https://github.com/alejandroayalad/trinity/blob/014f3064689ff8f8fda6be264d9bb17c46497989/frontend/src/pages/catalog/Choices.tsx#L22-L22
Production,frontend/src/pages/catalog/Choices.tsx,FacilityChoices.<callback@34>.<callback@35>,35,35,1,1,0,1,Low,TypeScript/JavaScript,https://github.com/alejandroayalad/trinity/blob/014f3064689ff8f8fda6be264d9bb17c46497989/frontend/src/pages/catalog/Choices.tsx#L35-L35
Production,frontend/src/pages/catalog/Choices.tsx,FacilityChoices.<callback@34>.<callback@36>,36,36,1,1,0,1,Low,TypeScript/JavaScript,https://github.com/alejandroayalad/trinity/blob/014f3064689ff8f8fda6be264d9bb17c46497989/frontend/src/pages/catalog/Choices.tsx#L36-L36
Production,frontend/src/pages/catalog/Choices.tsx,FacilityChoices.queryFn,42,42,1,1,0,1,Low,TypeScript/JavaScript,https://github.com/alejandroayalad/trinity/blob/014f3064689ff8f8fda6be264d9bb17c46497989/frontend/src/pages/catalog/Choices.tsx#L42-L42
Production,frontend/src/pages/catalog/Choices.tsx,FacilityChoices.<callback@44>,44,44,1,1,0,1,Low,TypeScript/JavaScript,https://github.com/alejandroayalad/trinity/blob/014f3064689ff8f8fda6be264d9bb17c46497989/frontend/src/pages/catalog/Choices.tsx#L44-L44
Production,frontend/src/pages/catalog/Choices.tsx,FacilityChoices.<callback@46>,46,46,1,1,0,1,Low,TypeScript/JavaScript,https://github.com/alejandroayalad/trinity/blob/014f3064689ff8f8fda6be264d9bb17c46497989/frontend/src/pages/catalog/Choices.tsx#L46-L46
Production,frontend/src/pages/catalog/Choices.tsx,FacilityChoices.<callback@47>,47,47,1,1,0,1,Low,TypeScript/JavaScript,https://github.com/alejandroayalad/trinity/blob/014f3064689ff8f8fda6be264d9bb17c46497989/frontend/src/pages/catalog/Choices.tsx#L47-L47
Production,frontend/src/pages/catalog/Choices.tsx,FacilityChoices.<callback@47>,47,47,1,1,0,1,Low,TypeScript/JavaScript,https://github.com/alejandroayalad/trinity/blob/014f3064689ff8f8fda6be264d9bb17c46497989/frontend/src/pages/catalog/Choices.tsx#L47-L47
Production,frontend/src/pages/catalog/Choices.tsx,FacilityChoices.<callback@47>.<callback@47>,47,47,1,1,0,1,Low,TypeScript/JavaScript,https://github.com/alejandroayalad/trinity/blob/014f3064689ff8f8fda6be264d9bb17c46497989/frontend/src/pages/catalog/Choices.tsx#L47-L47
Production,frontend/src/pages/catalog/Choices.tsx,FacilityChoices.<callback@47>,47,47,1,1,0,1,Low,TypeScript/JavaScript,https://github.com/alejandroayalad/trinity/blob/014f3064689ff8f8fda6be264d9bb17c46497989/frontend/src/pages/catalog/Choices.tsx#L47-L47
Production,frontend/src/pages/catalog/Choices.tsx,FacilityChoices.<callback@47>,47,47,1,1,0,1,Low,TypeScript/JavaScript,https://github.com/alejandroayalad/trinity/blob/014f3064689ff8f8fda6be264d9bb17c46497989/frontend/src/pages/catalog/Choices.tsx#L47-L47
Production,frontend/src/pages/catalog/Choices.tsx,FacilityChoices.<callback@47>,47,47,1,1,0,1,Low,TypeScript/JavaScript,https://github.com/alejandroayalad/trinity/blob/014f3064689ff8f8fda6be264d9bb17c46497989/frontend/src/pages/catalog/Choices.tsx#L47-L47
Production,frontend/src/pages/catalog/Choices.tsx,FacilityChoices.<callback@48>,48,48,1,1,0,1,Low,TypeScript/JavaScript,https://github.com/alejandroayalad/trinity/blob/014f3064689ff8f8fda6be264d9bb17c46497989/frontend/src/pages/catalog/Choices.tsx#L48-L48
Production,frontend/src/pages/catalog/Choices.tsx,FacilityChoices.<callback@48>,48,48,1,1,0,1,Low,TypeScript/JavaScript,https://github.com/alejandroayalad/trinity/blob/014f3064689ff8f8fda6be264d9bb17c46497989/frontend/src/pages/catalog/Choices.tsx#L48-L48
Production,frontend/src/pages/catalog/Choices.tsx,GeneratorChoices.queryFn,55,55,1,1,0,1,Low,TypeScript/JavaScript,https://github.com/alejandroayalad/trinity/blob/014f3064689ff8f8fda6be264d9bb17c46497989/frontend/src/pages/catalog/Choices.tsx#L55-L55
Production,frontend/src/pages/catalog/Choices.tsx,GeneratorChoices.<callback@57>,57,57,1,1,0,1,Low,TypeScript/JavaScript,https://github.com/alejandroayalad/trinity/blob/014f3064689ff8f8fda6be264d9bb17c46497989/frontend/src/pages/catalog/Choices.tsx#L57-L57
Production,frontend/src/pages/catalog/Choices.tsx,GeneratorChoices.<callback@59>,59,59,1,1,0,1,Low,TypeScript/JavaScript,https://github.com/alejandroayalad/trinity/blob/014f3064689ff8f8fda6be264d9bb17c46497989/frontend/src/pages/catalog/Choices.tsx#L59-L59
Production,frontend/src/pages/catalog/Choices.tsx,GeneratorChoices.<callback@60>,60,60,1,1,0,1,Low,TypeScript/JavaScript,https://github.com/alejandroayalad/trinity/blob/014f3064689ff8f8fda6be264d9bb17c46497989/frontend/src/pages/catalog/Choices.tsx#L60-L60
Production,frontend/src/pages/catalog/Choices.tsx,GeneratorChoices.<callback@60>,60,60,1,1,0,1,Low,TypeScript/JavaScript,https://github.com/alejandroayalad/trinity/blob/014f3064689ff8f8fda6be264d9bb17c46497989/frontend/src/pages/catalog/Choices.tsx#L60-L60
Production,frontend/src/pages/catalog/Choices.tsx,GeneratorChoices.<callback@60>,60,60,1,1,0,1,Low,TypeScript/JavaScript,https://github.com/alejandroayalad/trinity/blob/014f3064689ff8f8fda6be264d9bb17c46497989/frontend/src/pages/catalog/Choices.tsx#L60-L60
Production,frontend/src/pages/catalog/Choices.tsx,GeneratorChoices.<callback@60>,60,60,1,1,0,1,Low,TypeScript/JavaScript,https://github.com/alejandroayalad/trinity/blob/014f3064689ff8f8fda6be264d9bb17c46497989/frontend/src/pages/catalog/Choices.tsx#L60-L60
Production,frontend/src/pages/catalog/Choices.tsx,GeneratorChoices.<callback@60>,60,60,1,1,0,1,Low,TypeScript/JavaScript,https://github.com/alejandroayalad/trinity/blob/014f3064689ff8f8fda6be264d9bb17c46497989/frontend/src/pages/catalog/Choices.tsx#L60-L60
Production,frontend/src/pages/catalog/Choices.tsx,GeneratorChoices.<callback@60>,60,60,1,1,0,1,Low,TypeScript/JavaScript,https://github.com/alejandroayalad/trinity/blob/014f3064689ff8f8fda6be264d9bb17c46497989/frontend/src/pages/catalog/Choices.tsx#L60-L60
Production,frontend/src/pages/catalog/TableView.tsx,DatasetTable.<callback@38>,38,38,1,1,0,1,Low,TypeScript/JavaScript,https://github.com/alejandroayalad/trinity/blob/014f3064689ff8f8fda6be264d9bb17c46497989/frontend/src/pages/catalog/TableView.tsx#L38-L38
Production,frontend/src/pages/catalog/TableView.tsx,DatasetTable.queryFn,40,40,1,1,0,1,Low,TypeScript/JavaScript,https://github.com/alejandroayalad/trinity/blob/014f3064689ff8f8fda6be264d9bb17c46497989/frontend/src/pages/catalog/TableView.tsx#L40-L40
Production,frontend/src/pages/catalog/TableView.tsx,DatasetTable.update.<callback@46>,46,46,1,1,0,1,Low,TypeScript/JavaScript,https://github.com/alejandroayalad/trinity/blob/014f3064689ff8f8fda6be264d9bb17c46497989/frontend/src/pages/catalog/TableView.tsx#L46-L46
Production,frontend/src/pages/catalog/TableView.tsx,DatasetTable.resetFilters,53,53,1,1,0,1,Low,TypeScript/JavaScript,https://github.com/alejandroayalad/trinity/blob/014f3064689ff8f8fda6be264d9bb17c46497989/frontend/src/pages/catalog/TableView.tsx#L53-L53
Production,frontend/src/pages/catalog/TableView.tsx,DatasetTable.resetFilters.<callback@53>,53,53,1,1,0,1,Low,TypeScript/JavaScript,https://github.com/alejandroayalad/trinity/blob/014f3064689ff8f8fda6be264d9bb17c46497989/frontend/src/pages/catalog/TableView.tsx#L53-L53
Production,frontend/src/pages/catalog/TableView.tsx,DatasetTable.<callback@54>.<callback@61>,61,61,1,1,0,1,Low,TypeScript/JavaScript,https://github.com/alejandroayalad/trinity/blob/014f3064689ff8f8fda6be264d9bb17c46497989/frontend/src/pages/catalog/TableView.tsx#L61-L61
Production,frontend/src/pages/catalog/TableView.tsx,DatasetTable.<callback@64>,64,64,1,1,0,1,Low,TypeScript/JavaScript,https://github.com/alejandroayalad/trinity/blob/014f3064689ff8f8fda6be264d9bb17c46497989/frontend/src/pages/catalog/TableView.tsx#L64-L64
Production,frontend/src/pages/catalog/TableView.tsx,DatasetTable.<callback@67>,67,67,1,1,0,1,Low,TypeScript/JavaScript,https://github.com/alejandroayalad/trinity/blob/014f3064689ff8f8fda6be264d9bb17c46497989/frontend/src/pages/catalog/TableView.tsx#L67-L67
Production,frontend/src/pages/catalog/TableView.tsx,DatasetTable.<callback@71>,71,71,1,1,0,1,Low,TypeScript/JavaScript,https://github.com/alejandroayalad/trinity/blob/014f3064689ff8f8fda6be264d9bb17c46497989/frontend/src/pages/catalog/TableView.tsx#L71-L71
Production,frontend/src/pages/catalog/TableView.tsx,DatasetTable.<callback@72>,72,72,1,1,0,1,Low,TypeScript/JavaScript,https://github.com/alejandroayalad/trinity/blob/014f3064689ff8f8fda6be264d9bb17c46497989/frontend/src/pages/catalog/TableView.tsx#L72-L72
Production,frontend/src/pages/catalog/TableView.tsx,DatasetTable.<callback@77>,77,77,1,1,0,1,Low,TypeScript/JavaScript,https://github.com/alejandroayalad/trinity/blob/014f3064689ff8f8fda6be264d9bb17c46497989/frontend/src/pages/catalog/TableView.tsx#L77-L77
Production,frontend/src/pages/catalog/TableView.tsx,DatasetTable.<callback@77>,77,77,1,1,0,1,Low,TypeScript/JavaScript,https://github.com/alejandroayalad/trinity/blob/014f3064689ff8f8fda6be264d9bb17c46497989/frontend/src/pages/catalog/TableView.tsx#L77-L77
Production,frontend/src/pages/catalog/TableView.tsx,DatasetTable.<callback@81>,81,81,1,1,0,1,Low,TypeScript/JavaScript,https://github.com/alejandroayalad/trinity/blob/014f3064689ff8f8fda6be264d9bb17c46497989/frontend/src/pages/catalog/TableView.tsx#L81-L81
Production,frontend/src/pages/catalog/TableView.tsx,DatasetTable.<callback@81>,81,81,1,1,0,1,Low,TypeScript/JavaScript,https://github.com/alejandroayalad/trinity/blob/014f3064689ff8f8fda6be264d9bb17c46497989/frontend/src/pages/catalog/TableView.tsx#L81-L81
Production,frontend/src/pages/catalog/TableView.tsx,DatasetTable.<callback@90>,90,90,1,1,0,1,Low,TypeScript/JavaScript,https://github.com/alejandroayalad/trinity/blob/014f3064689ff8f8fda6be264d9bb17c46497989/frontend/src/pages/catalog/TableView.tsx#L90-L90
Production,frontend/src/pages/catalog/TableView.tsx,DatasetTable.<callback@91>,91,91,1,1,0,1,Low,TypeScript/JavaScript,https://github.com/alejandroayalad/trinity/blob/014f3064689ff8f8fda6be264d9bb17c46497989/frontend/src/pages/catalog/TableView.tsx#L91-L91
Production,frontend/src/pages/catalog/TableView.tsx,DatasetTable.<callback@93>,93,93,1,1,0,1,Low,TypeScript/JavaScript,https://github.com/alejandroayalad/trinity/blob/014f3064689ff8f8fda6be264d9bb17c46497989/frontend/src/pages/catalog/TableView.tsx#L93-L93
Production,frontend/src/pages/catalog/TableView.tsx,DatasetTable.<callback@94>,94,94,1,1,0,1,Low,TypeScript/JavaScript,https://github.com/alejandroayalad/trinity/blob/014f3064689ff8f8fda6be264d9bb17c46497989/frontend/src/pages/catalog/TableView.tsx#L94-L94
Production,frontend/src/pages/catalog/TableView.tsx,DatasetTable.<callback@101>,101,101,1,1,0,1,Low,TypeScript/JavaScript,https://github.com/alejandroayalad/trinity/blob/014f3064689ff8f8fda6be264d9bb17c46497989/frontend/src/pages/catalog/TableView.tsx#L101-L101
Production,frontend/src/pages/catalog/TableView.tsx,DatasetTable.<callback@102>,102,102,1,1,0,1,Low,TypeScript/JavaScript,https://github.com/alejandroayalad/trinity/blob/014f3064689ff8f8fda6be264d9bb17c46497989/frontend/src/pages/catalog/TableView.tsx#L102-L102
Production,frontend/src/pages/catalog/TableView.tsx,DatasetTable.<callback@104>,104,104,1,1,0,1,Low,TypeScript/JavaScript,https://github.com/alejandroayalad/trinity/blob/014f3064689ff8f8fda6be264d9bb17c46497989/frontend/src/pages/catalog/TableView.tsx#L104-L104
Production,frontend/src/pages/catalog/TableView.tsx,DatasetTable.<callback@104>,104,104,1,1,0,1,Low,TypeScript/JavaScript,https://github.com/alejandroayalad/trinity/blob/014f3064689ff8f8fda6be264d9bb17c46497989/frontend/src/pages/catalog/TableView.tsx#L104-L104
Production,frontend/src/pages/dashboard/Dashboard.tsx,CountValue.<callback@39>.<callback@43>,43,43,1,1,0,1,Low,TypeScript/JavaScript,https://github.com/alejandroayalad/trinity/blob/014f3064689ff8f8fda6be264d9bb17c46497989/frontend/src/pages/dashboard/Dashboard.tsx#L43-L43
Production,frontend/src/pages/dashboard/Dashboard.tsx,Dashboard.queryFn,56,56,1,1,0,1,Low,TypeScript/JavaScript,https://github.com/alejandroayalad/trinity/blob/014f3064689ff8f8fda6be264d9bb17c46497989/frontend/src/pages/dashboard/Dashboard.tsx#L56-L56
Production,frontend/src/pages/dashboard/Dashboard.tsx,Dashboard.placeholderData,56,56,1,1,0,1,Low,TypeScript/JavaScript,https://github.com/alejandroayalad/trinity/blob/014f3064689ff8f8fda6be264d9bb17c46497989/frontend/src/pages/dashboard/Dashboard.tsx#L56-L56
Production,frontend/src/pages/dashboard/Dashboard.tsx,Dashboard.<callback@65>,65,65,1,1,0,1,Low,TypeScript/JavaScript,https://github.com/alejandroayalad/trinity/blob/014f3064689ff8f8fda6be264d9bb17c46497989/frontend/src/pages/dashboard/Dashboard.tsx#L65-L65
Production,frontend/src/pages/dashboard/Dashboard.tsx,Dashboard.<callback@66>,66,66,1,1,0,1,Low,TypeScript/JavaScript,https://github.com/alejandroayalad/trinity/blob/014f3064689ff8f8fda6be264d9bb17c46497989/frontend/src/pages/dashboard/Dashboard.tsx#L66-L66
Production,frontend/src/pages/dashboard/Dashboard.tsx,Dashboard.<callback@80>,80,80,1,1,0,1,Low,TypeScript/JavaScript,https://github.com/alejandroayalad/trinity/blob/014f3064689ff8f8fda6be264d9bb17c46497989/frontend/src/pages/dashboard/Dashboard.tsx#L80-L80
Production,frontend/src/pages/dashboard/Dashboard.tsx,Dashboard.<callback@80>,80,80,1,1,0,1,Low,TypeScript/JavaScript,https://github.com/alejandroayalad/trinity/blob/014f3064689ff8f8fda6be264d9bb17c46497989/frontend/src/pages/dashboard/Dashboard.tsx#L80-L80
Production,frontend/src/pages/dashboard/Dashboard.tsx,DashboardData.<callback@98>,98,98,1,1,0,1,Low,TypeScript/JavaScript,https://github.com/alejandroayalad/trinity/blob/014f3064689ff8f8fda6be264d9bb17c46497989/frontend/src/pages/dashboard/Dashboard.tsx#L98-L98
Production,frontend/src/pages/dashboard/Dashboard.tsx,DashboardData.<callback@99>,99,99,1,1,0,1,Low,TypeScript/JavaScript,https://github.com/alejandroayalad/trinity/blob/014f3064689ff8f8fda6be264d9bb17c46497989/frontend/src/pages/dashboard/Dashboard.tsx#L99-L99
Production,frontend/src/pages/dashboard/Dashboard.tsx,DashboardData.<callback@100>,100,100,1,1,0,1,Low,TypeScript/JavaScript,https://github.com/alejandroayalad/trinity/blob/014f3064689ff8f8fda6be264d9bb17c46497989/frontend/src/pages/dashboard/Dashboard.tsx#L100-L100
Production,frontend/src/pages/dashboard/Dashboard.tsx,DashboardData.queryFn,101,101,1,1,0,1,Low,TypeScript/JavaScript,https://github.com/alejandroayalad/trinity/blob/014f3064689ff8f8fda6be264d9bb17c46497989/frontend/src/pages/dashboard/Dashboard.tsx#L101-L101
Production,frontend/src/pages/dashboard/Dashboard.tsx,DashboardData.<callback@130>.<callback@130>,130,130,1,1,0,1,Low,TypeScript/JavaScript,https://github.com/alejandroayalad/trinity/blob/014f3064689ff8f8fda6be264d9bb17c46497989/frontend/src/pages/dashboard/Dashboard.tsx#L130-L130
Production,frontend/src/pages/dashboard/Dashboard.tsx,DashboardData.<callback@130>.<callback@130>,130,130,1,1,0,1,Low,TypeScript/JavaScript,https://github.com/alejandroayalad/trinity/blob/014f3064689ff8f8fda6be264d9bb17c46497989/frontend/src/pages/dashboard/Dashboard.tsx#L130-L130
Production,frontend/src/pages/dashboard/Dashboard.tsx,DashboardData.<callback@141>,141,141,1,1,0,1,Low,TypeScript/JavaScript,https://github.com/alejandroayalad/trinity/blob/014f3064689ff8f8fda6be264d9bb17c46497989/frontend/src/pages/dashboard/Dashboard.tsx#L141-L141
Production,frontend/src/pages/dashboard/Dashboard.tsx,DashboardData.<callback@143>,143,143,1,1,0,1,Low,TypeScript/JavaScript,https://github.com/alejandroayalad/trinity/blob/014f3064689ff8f8fda6be264d9bb17c46497989/frontend/src/pages/dashboard/Dashboard.tsx#L143-L143
Production,frontend/src/pages/dashboard/Dashboard.tsx,Contributions.placeholderData,167,167,1,1,0,1,Low,TypeScript/JavaScript,https://github.com/alejandroayalad/trinity/blob/014f3064689ff8f8fda6be264d9bb17c46497989/frontend/src/pages/dashboard/Dashboard.tsx#L167-L167
Production,frontend/src/pages/dashboard/Dashboard.tsx,Contributions.queryFn,167,167,1,1,0,1,Low,TypeScript/JavaScript,https://github.com/alejandroayalad/trinity/blob/014f3064689ff8f8fda6be264d9bb17c46497989/frontend/src/pages/dashboard/Dashboard.tsx#L167-L167
Production,frontend/src/pages/dashboard/Dashboard.tsx,Contributions.<callback@175>,175,175,1,1,0,1,Low,TypeScript/JavaScript,https://github.com/alejandroayalad/trinity/blob/014f3064689ff8f8fda6be264d9bb17c46497989/frontend/src/pages/dashboard/Dashboard.tsx#L175-L175
Production,frontend/src/pages/dashboard/Dashboard.tsx,Contributions.index,176,176,1,1,0,1,Low,TypeScript/JavaScript,https://github.com/alejandroayalad/trinity/blob/014f3064689ff8f8fda6be264d9bb17c46497989/frontend/src/pages/dashboard/Dashboard.tsx#L176-L176
Production,frontend/src/pages/dashboard/Dashboard.tsx,Contributions.index.<callback@176>,176,176,1,1,0,1,Low,TypeScript/JavaScript,https://github.com/alejandroayalad/trinity/blob/014f3064689ff8f8fda6be264d9bb17c46497989/frontend/src/pages/dashboard/Dashboard.tsx#L176-L176
Production,frontend/src/pages/dashboard/Dashboard.tsx,Contributions.<callback@177>,177,177,1,1,0,1,Low,TypeScript/JavaScript,https://github.com/alejandroayalad/trinity/blob/014f3064689ff8f8fda6be264d9bb17c46497989/frontend/src/pages/dashboard/Dashboard.tsx#L177-L177
Production,frontend/src/pages/dashboard/Dashboard.tsx,Contributions.<callback@178>,178,178,1,1,0,1,Low,TypeScript/JavaScript,https://github.com/alejandroayalad/trinity/blob/014f3064689ff8f8fda6be264d9bb17c46497989/frontend/src/pages/dashboard/Dashboard.tsx#L178-L178
Production,frontend/src/pages/dashboard/Dashboard.tsx,Contributions.<callback@180>.<callback@180>,180,180,1,1,0,1,Low,TypeScript/JavaScript,https://github.com/alejandroayalad/trinity/blob/014f3064689ff8f8fda6be264d9bb17c46497989/frontend/src/pages/dashboard/Dashboard.tsx#L180-L180
Production,frontend/src/pages/dashboard/Dashboard.tsx,Contributions.<callback@184>,184,184,1,1,0,1,Low,TypeScript/JavaScript,https://github.com/alejandroayalad/trinity/blob/014f3064689ff8f8fda6be264d9bb17c46497989/frontend/src/pages/dashboard/Dashboard.tsx#L184-L184
Production,frontend/src/pages/dashboard/Dashboard.tsx,Contributions.<callback@189>.<callback@189>,189,189,1,1,0,1,Low,TypeScript/JavaScript,https://github.com/alejandroayalad/trinity/blob/014f3064689ff8f8fda6be264d9bb17c46497989/frontend/src/pages/dashboard/Dashboard.tsx#L189-L189
Production,frontend/src/pages/dashboard/Dashboard.tsx,Contributions.<callback@197>,197,197,1,1,0,1,Low,TypeScript/JavaScript,https://github.com/alejandroayalad/trinity/blob/014f3064689ff8f8fda6be264d9bb17c46497989/frontend/src/pages/dashboard/Dashboard.tsx#L197-L197
Production,frontend/src/pages/dashboard/NationalChart.tsx,NationalChart.<callback@31>.<callback@38>,38,38,1,1,0,1,Low,TypeScript/JavaScript,https://github.com/alejandroayalad/trinity/blob/014f3064689ff8f8fda6be264d9bb17c46497989/frontend/src/pages/dashboard/NationalChart.tsx#L38-L38
Production,frontend/src/pages/dashboard/NationalChart.tsx,NationalChart.<callback@49>.<callback@54>,54,54,1,1,0,1,Low,TypeScript/JavaScript,https://github.com/alejandroayalad/trinity/blob/014f3064689ff8f8fda6be264d9bb17c46497989/frontend/src/pages/dashboard/NationalChart.tsx#L54-L54
Production,frontend/src/pages/dashboard/NationalChart.tsx,NationalChart.<callback@49>.<callback@55>,55,55,1,1,0,1,Low,TypeScript/JavaScript,https://github.com/alejandroayalad/trinity/blob/014f3064689ff8f8fda6be264d9bb17c46497989/frontend/src/pages/dashboard/NationalChart.tsx#L55-L55
Production,frontend/src/pages/dashboard/NationalChart.tsx,NationalChart.<callback@49>.<callback@75>,75,75,1,1,0,1,Low,TypeScript/JavaScript,https://github.com/alejandroayalad/trinity/blob/014f3064689ff8f8fda6be264d9bb17c46497989/frontend/src/pages/dashboard/NationalChart.tsx#L75-L75
Production,frontend/src/pages/dashboard/NationalChart.tsx,NationalChart.bandLeft,87,87,1,1,0,1,Low,TypeScript/JavaScript,https://github.com/alejandroayalad/trinity/blob/014f3064689ff8f8fda6be264d9bb17c46497989/frontend/src/pages/dashboard/NationalChart.tsx#L87-L87
Production,frontend/src/pages/dashboard/NationalChart.tsx,NationalChart.bandWidth,88,88,1,1,0,1,Low,TypeScript/JavaScript,https://github.com/alejandroayalad/trinity/blob/014f3064689ff8f8fda6be264d9bb17c46497989/frontend/src/pages/dashboard/NationalChart.tsx#L88-L88
Production,frontend/src/pages/dashboard/NationalChart.tsx,NationalChart.<callback@91>,91,91,1,1,0,1,Low,TypeScript/JavaScript,https://github.com/alejandroayalad/trinity/blob/014f3064689ff8f8fda6be264d9bb17c46497989/frontend/src/pages/dashboard/NationalChart.tsx#L91-L91
Production,frontend/src/pages/dashboard/NationalChart.tsx,NationalChart.<callback@93>,93,93,1,1,0,1,Low,TypeScript/JavaScript,https://github.com/alejandroayalad/trinity/blob/014f3064689ff8f8fda6be264d9bb17c46497989/frontend/src/pages/dashboard/NationalChart.tsx#L93-L93
Production,frontend/src/pages/dashboard/NationalChart.tsx,NationalChart.<callback@94>,94,94,1,1,0,1,Low,TypeScript/JavaScript,https://github.com/alejandroayalad/trinity/blob/014f3064689ff8f8fda6be264d9bb17c46497989/frontend/src/pages/dashboard/NationalChart.tsx#L94-L94
Production,frontend/src/pages/dashboard/NationalChart.tsx,NationalChart.<callback@119>,119,119,1,1,0,1,Low,TypeScript/JavaScript,https://github.com/alejandroayalad/trinity/blob/014f3064689ff8f8fda6be264d9bb17c46497989/frontend/src/pages/dashboard/NationalChart.tsx#L119-L119
Production,frontend/src/pages/dashboard/NationalChart.tsx,NationalChart.<callback@121>,121,121,1,1,0,1,Low,TypeScript/JavaScript,https://github.com/alejandroayalad/trinity/blob/014f3064689ff8f8fda6be264d9bb17c46497989/frontend/src/pages/dashboard/NationalChart.tsx#L121-L121
Production,frontend/src/pages/dashboard/NationalChart.tsx,NationalChart.<callback@129>,129,129,1,1,0,1,Low,TypeScript/JavaScript,https://github.com/alejandroayalad/trinity/blob/014f3064689ff8f8fda6be264d9bb17c46497989/frontend/src/pages/dashboard/NationalChart.tsx#L129-L129
Production,frontend/src/pages/dashboard/NationalChart.tsx,NationalChart.<callback@130>,130,130,1,1,0,1,Low,TypeScript/JavaScript,https://github.com/alejandroayalad/trinity/blob/014f3064689ff8f8fda6be264d9bb17c46497989/frontend/src/pages/dashboard/NationalChart.tsx#L130-L130
Production,frontend/src/pages/dashboard/NationalChart.tsx,NationalChart.<callback@132>.<callback@133>,133,133,1,1,0,1,Low,TypeScript/JavaScript,https://github.com/alejandroayalad/trinity/blob/014f3064689ff8f8fda6be264d9bb17c46497989/frontend/src/pages/dashboard/NationalChart.tsx#L133-L133
Production,frontend/src/pages/dashboard/NationalChart.tsx,NationalChart.<callback@132>.<callback@134>,134,134,1,1,0,1,Low,TypeScript/JavaScript,https://github.com/alejandroayalad/trinity/blob/014f3064689ff8f8fda6be264d9bb17c46497989/frontend/src/pages/dashboard/NationalChart.tsx#L134-L134
Production,frontend/src/pages/dashboard/NationalChart.tsx,NationalChart.<callback@132>.<callback@135>,135,135,1,1,0,1,Low,TypeScript/JavaScript,https://github.com/alejandroayalad/trinity/blob/014f3064689ff8f8fda6be264d9bb17c46497989/frontend/src/pages/dashboard/NationalChart.tsx#L135-L135
Production,frontend/src/pages/dashboard/NationalChart.tsx,NationalChart.<callback@132>.<callback@135>,135,135,1,1,0,1,Low,TypeScript/JavaScript,https://github.com/alejandroayalad/trinity/blob/014f3064689ff8f8fda6be264d9bb17c46497989/frontend/src/pages/dashboard/NationalChart.tsx#L135-L135
Production,frontend/src/pages/dashboard/NationalChart.tsx,NationalChart.<callback@138>,138,138,1,1,0,1,Low,TypeScript/JavaScript,https://github.com/alejandroayalad/trinity/blob/014f3064689ff8f8fda6be264d9bb17c46497989/frontend/src/pages/dashboard/NationalChart.tsx#L138-L138
Production,frontend/src/pages/dashboard/NationalChart.tsx,NationalChart.<callback@138>.<callback@138>,138,138,1,1,0,1,Low,TypeScript/JavaScript,https://github.com/alejandroayalad/trinity/blob/014f3064689ff8f8fda6be264d9bb17c46497989/frontend/src/pages/dashboard/NationalChart.tsx#L138-L138
Production,frontend/src/pages/dashboard/Sparkline.tsx,Sparkline.x,16,16,1,1,0,1,Low,TypeScript/JavaScript,https://github.com/alejandroayalad/trinity/blob/014f3064689ff8f8fda6be264d9bb17c46497989/frontend/src/pages/dashboard/Sparkline.tsx#L16-L16
Production,frontend/src/pages/dashboard/chartGeometry.ts,chartDomain.floor,13,13,1,1,0,1,Low,TypeScript/JavaScript,https://github.com/alejandroayalad/trinity/blob/014f3064689ff8f8fda6be264d9bb17c46497989/frontend/src/pages/dashboard/chartGeometry.ts#L13-L13
Tests,frontend/src/pages/explorer-state.test.tsx,<callback@23>,23,23,1,1,0,1,Low,TypeScript/JavaScript,https://github.com/alejandroayalad/trinity/blob/014f3064689ff8f8fda6be264d9bb17c46497989/frontend/src/pages/explorer-state.test.tsx#L23-L23
Tests,frontend/src/pages/explorer-state.test.tsx,isDashboard,33,33,1,1,0,1,Low,TypeScript/JavaScript,https://github.com/alejandroayalad/trinity/blob/014f3064689ff8f8fda6be264d9bb17c46497989/frontend/src/pages/explorer-state.test.tsx#L33-L33
Tests,frontend/src/pages/explorer-state.test.tsx,deferred.<callback@37>,37,37,1,1,0,1,Low,TypeScript/JavaScript,https://github.com/alejandroayalad/trinity/blob/014f3064689ff8f8fda6be264d9bb17c46497989/frontend/src/pages/explorer-state.test.tsx#L37-L37
Tests,frontend/src/pages/explorer-state.test.tsx,previewCalls,40,40,1,1,0,1,Low,TypeScript/JavaScript,https://github.com/alejandroayalad/trinity/blob/014f3064689ff8f8fda6be264d9bb17c46497989/frontend/src/pages/explorer-state.test.tsx#L40-L40
Tests,frontend/src/pages/explorer-state.test.tsx,previewCalls.<callback@40>,40,40,1,1,0,1,Low,TypeScript/JavaScript,https://github.com/alejandroayalad/trinity/blob/014f3064689ff8f8fda6be264d9bb17c46497989/frontend/src/pages/explorer-state.test.tsx#L40-L40
Tests,frontend/src/pages/explorer-state.test.tsx,<callback@43>.<callback@46>,46,46,1,1,0,1,Low,TypeScript/JavaScript,https://github.com/alejandroayalad/trinity/blob/014f3064689ff8f8fda6be264d9bb17c46497989/frontend/src/pages/explorer-state.test.tsx#L46-L46
Tests,frontend/src/pages/explorer-state.test.tsx,<callback@43>.<callback@51>,51,51,1,1,0,1,Low,TypeScript/JavaScript,https://github.com/alejandroayalad/trinity/blob/014f3064689ff8f8fda6be264d9bb17c46497989/frontend/src/pages/explorer-state.test.tsx#L51-L51
Tests,frontend/src/pages/explorer-state.test.tsx,<callback@43>.<callback@53>,53,53,1,1,0,1,Low,TypeScript/JavaScript,https://github.com/alejandroayalad/trinity/blob/014f3064689ff8f8fda6be264d9bb17c46497989/frontend/src/pages/explorer-state.test.tsx#L53-L53
Tests,frontend/src/pages/explorer-state.test.tsx,<callback@43>.<callback@57>,57,57,1,1,0,1,Low,TypeScript/JavaScript,https://github.com/alejandroayalad/trinity/blob/014f3064689ff8f8fda6be264d9bb17c46497989/frontend/src/pages/explorer-state.test.tsx#L57-L57
Tests,frontend/src/pages/explorer-state.test.tsx,<callback@43>.<callback@58>,58,58,1,1,0,1,Low,TypeScript/JavaScript,https://github.com/alejandroayalad/trinity/blob/014f3064689ff8f8fda6be264d9bb17c46497989/frontend/src/pages/explorer-state.test.tsx#L58-L58
Tests,frontend/src/pages/explorer-state.test.tsx,<callback@43>.<callback@61>,61,61,1,1,0,1,Low,TypeScript/JavaScript,https://github.com/alejandroayalad/trinity/blob/014f3064689ff8f8fda6be264d9bb17c46497989/frontend/src/pages/explorer-state.test.tsx#L61-L61
Tests,frontend/src/pages/explorer-state.test.tsx,<callback@43>.<callback@63>,63,63,1,1,0,1,Low,TypeScript/JavaScript,https://github.com/alejandroayalad/trinity/blob/014f3064689ff8f8fda6be264d9bb17c46497989/frontend/src/pages/explorer-state.test.tsx#L63-L63
Tests,frontend/src/pages/explorer-state.test.tsx,<callback@66>.<callback@74>,74,74,1,1,0,1,Low,TypeScript/JavaScript,https://github.com/alejandroayalad/trinity/blob/014f3064689ff8f8fda6be264d9bb17c46497989/frontend/src/pages/explorer-state.test.tsx#L74-L74
Tests,frontend/src/pages/explorer-state.test.tsx,<callback@66>.<callback@81>,81,81,1,1,0,1,Low,TypeScript/JavaScript,https://github.com/alejandroayalad/trinity/blob/014f3064689ff8f8fda6be264d9bb17c46497989/frontend/src/pages/explorer-state.test.tsx#L81-L81
Tests,frontend/src/pages/explorer-state.test.tsx,<callback@66>.<callback@87>,87,87,1,1,0,1,Low,TypeScript/JavaScript,https://github.com/alejandroayalad/trinity/blob/014f3064689ff8f8fda6be264d9bb17c46497989/frontend/src/pages/explorer-state.test.tsx#L87-L87
Tests,frontend/src/pages/explorer-state.test.tsx,<callback@91>.<callback@103>,103,103,1,1,0,1,Low,TypeScript/JavaScript,https://github.com/alejandroayalad/trinity/blob/014f3064689ff8f8fda6be264d9bb17c46497989/frontend/src/pages/explorer-state.test.tsx#L103-L103
Tests,frontend/src/pages/explorer-state.test.tsx,<callback@91>.<callback@106>,106,106,1,1,0,1,Low,TypeScript/JavaScript,https://github.com/alejandroayalad/trinity/blob/014f3064689ff8f8fda6be264d9bb17c46497989/frontend/src/pages/explorer-state.test.tsx#L106-L106
Tests,frontend/src/pages/explorer-state.test.tsx,<callback@91>.<callback@110>,110,110,1,1,0,1,Low,TypeScript/JavaScript,https://github.com/alejandroayalad/trinity/blob/014f3064689ff8f8fda6be264d9bb17c46497989/frontend/src/pages/explorer-state.test.tsx#L110-L110
Tests,frontend/src/pages/explorer-state.test.tsx,<callback@91>.<callback@111>,111,111,1,1,0,1,Low,TypeScript/JavaScript,https://github.com/alejandroayalad/trinity/blob/014f3064689ff8f8fda6be264d9bb17c46497989/frontend/src/pages/explorer-state.test.tsx#L111-L111
Tests,frontend/src/pages/explorer-state.test.tsx,<callback@115>.<callback@119>,119,119,1,1,0,1,Low,TypeScript/JavaScript,https://github.com/alejandroayalad/trinity/blob/014f3064689ff8f8fda6be264d9bb17c46497989/frontend/src/pages/explorer-state.test.tsx#L119-L119
Tests,frontend/src/pages/explorer-state.test.tsx,<callback@115>.<callback@119>,119,119,1,1,0,1,Low,TypeScript/JavaScript,https://github.com/alejandroayalad/trinity/blob/014f3064689ff8f8fda6be264d9bb17c46497989/frontend/src/pages/explorer-state.test.tsx#L119-L119
Tests,frontend/src/pages/explorer-state.test.tsx,<callback@115>.<callback@130>,130,130,1,1,0,1,Low,TypeScript/JavaScript,https://github.com/alejandroayalad/trinity/blob/014f3064689ff8f8fda6be264d9bb17c46497989/frontend/src/pages/explorer-state.test.tsx#L130-L130
Tests,frontend/src/pages/explorer-state.test.tsx,<callback@115>.<callback@133>,133,133,1,1,0,1,Low,TypeScript/JavaScript,https://github.com/alejandroayalad/trinity/blob/014f3064689ff8f8fda6be264d9bb17c46497989/frontend/src/pages/explorer-state.test.tsx#L133-L133
Tests,frontend/src/pages/explorer-state.test.tsx,<callback@115>.<callback@137>,137,137,1,1,0,1,Low,TypeScript/JavaScript,https://github.com/alejandroayalad/trinity/blob/014f3064689ff8f8fda6be264d9bb17c46497989/frontend/src/pages/explorer-state.test.tsx#L137-L137
Tests,frontend/src/pages/explorer-state.test.tsx,<callback@140>.<callback@146>,146,146,1,1,0,1,Low,TypeScript/JavaScript,https://github.com/alejandroayalad/trinity/blob/014f3064689ff8f8fda6be264d9bb17c46497989/frontend/src/pages/explorer-state.test.tsx#L146-L146
Tests,frontend/src/pages/explorer-state.test.tsx,<callback@140>.<callback@151>,151,151,1,1,0,1,Low,TypeScript/JavaScript,https://github.com/alejandroayalad/trinity/blob/014f3064689ff8f8fda6be264d9bb17c46497989/frontend/src/pages/explorer-state.test.tsx#L151-L151
Tests,frontend/src/pages/explorer-state.test.tsx,<callback@154>.<callback@156>,156,156,1,1,0,1,Low,TypeScript/JavaScript,https://github.com/alejandroayalad/trinity/blob/014f3064689ff8f8fda6be264d9bb17c46497989/frontend/src/pages/explorer-state.test.tsx#L156-L156
Tests,frontend/src/pages/explorer-state.test.tsx,<callback@154>.<callback@160>,160,160,1,1,0,1,Low,TypeScript/JavaScript,https://github.com/alejandroayalad/trinity/blob/014f3064689ff8f8fda6be264d9bb17c46497989/frontend/src/pages/explorer-state.test.tsx#L160-L160
Tests,frontend/src/pages/explorer-state.test.tsx,<callback@154>.<callback@162>,162,162,1,1,0,1,Low,TypeScript/JavaScript,https://github.com/alejandroayalad/trinity/blob/014f3064689ff8f8fda6be264d9bb17c46497989/frontend/src/pages/explorer-state.test.tsx#L162-L162
Tests,frontend/src/pages/explorer-state.test.tsx,<callback@154>.<callback@165>,165,165,1,1,0,1,Low,TypeScript/JavaScript,https://github.com/alejandroayalad/trinity/blob/014f3064689ff8f8fda6be264d9bb17c46497989/frontend/src/pages/explorer-state.test.tsx#L165-L165
Tests,frontend/src/pages/explorer-state.test.tsx,<callback@173>.<callback@175>,175,175,1,1,0,1,Low,TypeScript/JavaScript,https://github.com/alejandroayalad/trinity/blob/014f3064689ff8f8fda6be264d9bb17c46497989/frontend/src/pages/explorer-state.test.tsx#L175-L175
Tests,frontend/src/pages/explorer-state.test.tsx,<callback@180>.<callback@182>,182,182,1,1,0,1,Low,TypeScript/JavaScript,https://github.com/alejandroayalad/trinity/blob/014f3064689ff8f8fda6be264d9bb17c46497989/frontend/src/pages/explorer-state.test.tsx#L182-L182
Tests,frontend/src/pages/explorer-state.test.tsx,<callback@180>.<callback@189>,189,189,1,1,0,1,Low,TypeScript/JavaScript,https://github.com/alejandroayalad/trinity/blob/014f3064689ff8f8fda6be264d9bb17c46497989/frontend/src/pages/explorer-state.test.tsx#L189-L189
Tests,frontend/src/pages/explorer-state.test.tsx,<callback@180>.<callback@191>,191,191,1,1,0,1,Low,TypeScript/JavaScript,https://github.com/alejandroayalad/trinity/blob/014f3064689ff8f8fda6be264d9bb17c46497989/frontend/src/pages/explorer-state.test.tsx#L191-L191
Tests,frontend/src/pages/explorer-state.test.tsx,<callback@195>.<callback@197>,197,197,1,1,0,1,Low,TypeScript/JavaScript,https://github.com/alejandroayalad/trinity/blob/014f3064689ff8f8fda6be264d9bb17c46497989/frontend/src/pages/explorer-state.test.tsx#L197-L197
Tests,frontend/src/pages/explorer-state.test.tsx,<callback@217>.'GET /api/v1/datasets/facility_outages/facilities',221,221,1,1,0,1,Low,TypeScript/JavaScript,https://github.com/alejandroayalad/trinity/blob/014f3064689ff8f8fda6be264d9bb17c46497989/frontend/src/pages/explorer-state.test.tsx#L221-L221
Tests,frontend/src/pages/explorer-state.test.tsx,<callback@217>.<callback@226>,226,226,1,1,0,1,Low,TypeScript/JavaScript,https://github.com/alejandroayalad/trinity/blob/014f3064689ff8f8fda6be264d9bb17c46497989/frontend/src/pages/explorer-state.test.tsx#L226-L226
Tests,frontend/src/pages/explorer-state.test.tsx,<callback@217>.<callback@226>.<callback@226>,226,226,1,1,0,1,Low,TypeScript/JavaScript,https://github.com/alejandroayalad/trinity/blob/014f3064689ff8f8fda6be264d9bb17c46497989/frontend/src/pages/explorer-state.test.tsx#L226-L226
Tests,frontend/src/pages/explorer-state.test.tsx,<callback@217>.<callback@228>,228,228,1,1,0,1,Low,TypeScript/JavaScript,https://github.com/alejandroayalad/trinity/blob/014f3064689ff8f8fda6be264d9bb17c46497989/frontend/src/pages/explorer-state.test.tsx#L228-L228
Tests,frontend/src/pages/explorer-state.test.tsx,<callback@217>.<callback@229>,229,229,1,1,0,1,Low,TypeScript/JavaScript,https://github.com/alejandroayalad/trinity/blob/014f3064689ff8f8fda6be264d9bb17c46497989/frontend/src/pages/explorer-state.test.tsx#L229-L229
Tests,frontend/src/pages/explorer-state.test.tsx,<callback@234>.<callback@246>,246,246,1,1,0,1,Low,TypeScript/JavaScript,https://github.com/alejandroayalad/trinity/blob/014f3064689ff8f8fda6be264d9bb17c46497989/frontend/src/pages/explorer-state.test.tsx#L246-L246
Tests,frontend/src/pages/explorer-state.test.tsx,<callback@234>.<callback@250>,250,250,1,1,0,1,Low,TypeScript/JavaScript,https://github.com/alejandroayalad/trinity/blob/014f3064689ff8f8fda6be264d9bb17c46497989/frontend/src/pages/explorer-state.test.tsx#L250-L250
Tests,frontend/src/pages/explorer-state.test.tsx,<callback@253>.<callback@255>,255,255,1,1,0,1,Low,TypeScript/JavaScript,https://github.com/alejandroayalad/trinity/blob/014f3064689ff8f8fda6be264d9bb17c46497989/frontend/src/pages/explorer-state.test.tsx#L255-L255
Tests,frontend/src/pages/pages.test.tsx,<callback@22>,22,22,1,1,0,1,Low,TypeScript/JavaScript,https://github.com/alejandroayalad/trinity/blob/014f3064689ff8f8fda6be264d9bb17c46497989/frontend/src/pages/pages.test.tsx#L22-L22
Tests,frontend/src/pages/pages.test.tsx,<callback@38>.<callback@44>,44,44,1,1,0,1,Low,TypeScript/JavaScript,https://github.com/alejandroayalad/trinity/blob/014f3064689ff8f8fda6be264d9bb17c46497989/frontend/src/pages/pages.test.tsx#L44-L44
Tests,frontend/src/pages/pages.test.tsx,<callback@52>.<callback@56>,56,56,1,1,0,1,Low,TypeScript/JavaScript,https://github.com/alejandroayalad/trinity/blob/014f3064689ff8f8fda6be264d9bb17c46497989/frontend/src/pages/pages.test.tsx#L56-L56
Tests,frontend/src/pages/pages.test.tsx,<callback@71>.<callback@80>,80,80,1,1,0,1,Low,TypeScript/JavaScript,https://github.com/alejandroayalad/trinity/blob/014f3064689ff8f8fda6be264d9bb17c46497989/frontend/src/pages/pages.test.tsx#L80-L80
Tests,frontend/src/pages/pages.test.tsx,<callback@83>.<callback@93>,93,93,1,1,0,1,Low,TypeScript/JavaScript,https://github.com/alejandroayalad/trinity/blob/014f3064689ff8f8fda6be264d9bb17c46497989/frontend/src/pages/pages.test.tsx#L93-L93
Tests,frontend/src/pages/pages.test.tsx,<callback@83>.<callback@94>,94,94,1,1,0,1,Low,TypeScript/JavaScript,https://github.com/alejandroayalad/trinity/blob/014f3064689ff8f8fda6be264d9bb17c46497989/frontend/src/pages/pages.test.tsx#L94-L94
Tests,frontend/src/pages/pages.test.tsx,<callback@83>.<callback@97>,97,97,1,1,0,1,Low,TypeScript/JavaScript,https://github.com/alejandroayalad/trinity/blob/014f3064689ff8f8fda6be264d9bb17c46497989/frontend/src/pages/pages.test.tsx#L97-L97
Tests,frontend/src/pages/pages.test.tsx,<callback@119>.<callback@123>,123,123,1,1,0,1,Low,TypeScript/JavaScript,https://github.com/alejandroayalad/trinity/blob/014f3064689ff8f8fda6be264d9bb17c46497989/frontend/src/pages/pages.test.tsx#L123-L123
Tests,frontend/src/pages/pages.test.tsx,<callback@119>.<callback@125>,125,125,1,1,0,1,Low,TypeScript/JavaScript,https://github.com/alejandroayalad/trinity/blob/014f3064689ff8f8fda6be264d9bb17c46497989/frontend/src/pages/pages.test.tsx#L125-L125
Tests,frontend/src/pages/pages.test.tsx,<callback@119>.<callback@127>,127,127,1,1,0,1,Low,TypeScript/JavaScript,https://github.com/alejandroayalad/trinity/blob/014f3064689ff8f8fda6be264d9bb17c46497989/frontend/src/pages/pages.test.tsx#L127-L127
Tests,frontend/src/pages/pages.test.tsx,<callback@119>.<callback@129>,129,129,1,1,0,1,Low,TypeScript/JavaScript,https://github.com/alejandroayalad/trinity/blob/014f3064689ff8f8fda6be264d9bb17c46497989/frontend/src/pages/pages.test.tsx#L129-L129
Tests,frontend/src/pages/pages.test.tsx,<callback@132>.<callback@147>,147,147,1,1,0,1,Low,TypeScript/JavaScript,https://github.com/alejandroayalad/trinity/blob/014f3064689ff8f8fda6be264d9bb17c46497989/frontend/src/pages/pages.test.tsx#L147-L147
Tests,frontend/src/pages/pages.test.tsx,<callback@132>.<callback@148>,148,148,1,1,0,1,Low,TypeScript/JavaScript,https://github.com/alejandroayalad/trinity/blob/014f3064689ff8f8fda6be264d9bb17c46497989/frontend/src/pages/pages.test.tsx#L148-L148
Tests,frontend/src/pages/pages.test.tsx,<callback@151>.<callback@153>,153,153,1,1,0,1,Low,TypeScript/JavaScript,https://github.com/alejandroayalad/trinity/blob/014f3064689ff8f8fda6be264d9bb17c46497989/frontend/src/pages/pages.test.tsx#L153-L153
Tests,frontend/src/pages/pages.test.tsx,<callback@161>.<callback@163>,163,163,1,1,0,1,Low,TypeScript/JavaScript,https://github.com/alejandroayalad/trinity/blob/014f3064689ff8f8fda6be264d9bb17c46497989/frontend/src/pages/pages.test.tsx#L163-L163
Tests,frontend/src/pages/pages.test.tsx,<callback@161>.<callback@165>,165,165,1,1,0,1,Low,TypeScript/JavaScript,https://github.com/alejandroayalad/trinity/blob/014f3064689ff8f8fda6be264d9bb17c46497989/frontend/src/pages/pages.test.tsx#L165-L165
Tests,frontend/src/pages/pages.test.tsx,<callback@176>.<callback@197>,197,197,1,1,0,1,Low,TypeScript/JavaScript,https://github.com/alejandroayalad/trinity/blob/014f3064689ff8f8fda6be264d9bb17c46497989/frontend/src/pages/pages.test.tsx#L197-L197
Tests,frontend/src/pages/pages.test.tsx,<callback@176>.<callback@199>,199,199,1,1,0,1,Low,TypeScript/JavaScript,https://github.com/alejandroayalad/trinity/blob/014f3064689ff8f8fda6be264d9bb17c46497989/frontend/src/pages/pages.test.tsx#L199-L199
Tests,frontend/src/pages/pages.test.tsx,<callback@176>.<callback@202>,202,202,1,1,0,1,Low,TypeScript/JavaScript,https://github.com/alejandroayalad/trinity/blob/014f3064689ff8f8fda6be264d9bb17c46497989/frontend/src/pages/pages.test.tsx#L202-L202
Tests,frontend/src/pages/pages.test.tsx,<callback@176>.<callback@206>,206,206,1,1,0,1,Low,TypeScript/JavaScript,https://github.com/alejandroayalad/trinity/blob/014f3064689ff8f8fda6be264d9bb17c46497989/frontend/src/pages/pages.test.tsx#L206-L206
Tests,frontend/src/pages/pages.test.tsx,<callback@176>.<callback@213>,213,213,1,1,0,1,Low,TypeScript/JavaScript,https://github.com/alejandroayalad/trinity/blob/014f3064689ff8f8fda6be264d9bb17c46497989/frontend/src/pages/pages.test.tsx#L213-L213
Tests,frontend/src/pages/pages.test.tsx,<callback@218>.<callback@252>,252,252,1,1,0,1,Low,TypeScript/JavaScript,https://github.com/alejandroayalad/trinity/blob/014f3064689ff8f8fda6be264d9bb17c46497989/frontend/src/pages/pages.test.tsx#L252-L252
Tests,frontend/src/pages/pages.test.tsx,<callback@297>.<callback@307>,307,307,1,1,0,1,Low,TypeScript/JavaScript,https://github.com/alejandroayalad/trinity/blob/014f3064689ff8f8fda6be264d9bb17c46497989/frontend/src/pages/pages.test.tsx#L307-L307
Tests,frontend/src/pages/pages.test.tsx,expectNoRawCodes.<callback@314>,314,314,1,1,0,1,Low,TypeScript/JavaScript,https://github.com/alejandroayalad/trinity/blob/014f3064689ff8f8fda6be264d9bb17c46497989/frontend/src/pages/pages.test.tsx#L314-L314
Tests,frontend/src/pages/pages.test.tsx,<callback@318>.<callback@325>,325,325,1,1,0,1,Low,TypeScript/JavaScript,https://github.com/alejandroayalad/trinity/blob/014f3064689ff8f8fda6be264d9bb17c46497989/frontend/src/pages/pages.test.tsx#L325-L325
Tests,frontend/src/pages/pages.test.tsx,<callback@333>.step,335,335,1,1,0,1,Low,TypeScript/JavaScript,https://github.com/alejandroayalad/trinity/blob/014f3064689ff8f8fda6be264d9bb17c46497989/frontend/src/pages/pages.test.tsx#L335-L335
Tests,frontend/src/pages/presentation.test.tsx,<callback@7>,7,7,1,1,0,1,Low,TypeScript/JavaScript,https://github.com/alejandroayalad/trinity/blob/014f3064689ff8f8fda6be264d9bb17c46497989/frontend/src/pages/presentation.test.tsx#L7-L7
Tests,frontend/src/pages/presentation.test.tsx,<callback@9>.<callback@10>,10,10,1,1,0,1,Low,TypeScript/JavaScript,https://github.com/alejandroayalad/trinity/blob/014f3064689ff8f8fda6be264d9bb17c46497989/frontend/src/pages/presentation.test.tsx#L10-L10
Tests,frontend/src/pages/presentation.test.tsx,<callback@9>.<callback@14>,14,14,1,1,0,1,Low,TypeScript/JavaScript,https://github.com/alejandroayalad/trinity/blob/014f3064689ff8f8fda6be264d9bb17c46497989/frontend/src/pages/presentation.test.tsx#L14-L14
Tests,frontend/src/pages/presentation.test.tsx,<callback@9>.<callback@15>,15,15,1,1,0,1,Low,TypeScript/JavaScript,https://github.com/alejandroayalad/trinity/blob/014f3064689ff8f8fda6be264d9bb17c46497989/frontend/src/pages/presentation.test.tsx#L15-L15
Tests,frontend/src/pages/presentation.test.tsx,<callback@9>.<callback@17>,17,17,1,1,0,1,Low,TypeScript/JavaScript,https://github.com/alejandroayalad/trinity/blob/014f3064689ff8f8fda6be264d9bb17c46497989/frontend/src/pages/presentation.test.tsx#L17-L17
Tests,frontend/src/pages/presentation.test.tsx,<callback@22>.constructor,27,27,1,1,0,1,Low,TypeScript/JavaScript,https://github.com/alejandroayalad/trinity/blob/014f3064689ff8f8fda6be264d9bb17c46497989/frontend/src/pages/presentation.test.tsx#L27-L27
Tests,frontend/src/pages/presentation.test.tsx,<callback@22>.observe,28,28,1,1,0,1,Low,TypeScript/JavaScript,https://github.com/alejandroayalad/trinity/blob/014f3064689ff8f8fda6be264d9bb17c46497989/frontend/src/pages/presentation.test.tsx#L28-L28
Tests,frontend/src/pages/presentation.test.tsx,<callback@22>.<callback@37>,37,37,1,1,0,1,Low,TypeScript/JavaScript,https://github.com/alejandroayalad/trinity/blob/014f3064689ff8f8fda6be264d9bb17c46497989/frontend/src/pages/presentation.test.tsx#L37-L37
Tests,frontend/src/pages/presentation.test.tsx,<callback@22>.<callback@44>,44,44,1,1,0,1,Low,TypeScript/JavaScript,https://github.com/alejandroayalad/trinity/blob/014f3064689ff8f8fda6be264d9bb17c46497989/frontend/src/pages/presentation.test.tsx#L44-L44
Tests,frontend/src/pages/qa01.test.tsx,<callback@29>,29,29,1,1,0,1,Low,TypeScript/JavaScript,https://github.com/alejandroayalad/trinity/blob/014f3064689ff8f8fda6be264d9bb17c46497989/frontend/src/pages/qa01.test.tsx#L29-L29
Tests,frontend/src/pages/qa01.test.tsx,isDashboard,39,39,1,1,0,1,Low,TypeScript/JavaScript,https://github.com/alejandroayalad/trinity/blob/014f3064689ff8f8fda6be264d9bb17c46497989/frontend/src/pages/qa01.test.tsx#L39-L39
Tests,frontend/src/pages/qa01.test.tsx,<callback@41>.pending,44,44,1,1,0,1,Low,TypeScript/JavaScript,https://github.com/alejandroayalad/trinity/blob/014f3064689ff8f8fda6be264d9bb17c46497989/frontend/src/pages/qa01.test.tsx#L44-L44
Tests,frontend/src/pages/qa01.test.tsx,<callback@41>.pending.<callback@44>,44,44,1,1,0,1,Low,TypeScript/JavaScript,https://github.com/alejandroayalad/trinity/blob/014f3064689ff8f8fda6be264d9bb17c46497989/frontend/src/pages/qa01.test.tsx#L44-L44
Tests,frontend/src/pages/qa01.test.tsx,<callback@41>.<callback@50>,50,50,1,1,0,1,Low,TypeScript/JavaScript,https://github.com/alejandroayalad/trinity/blob/014f3064689ff8f8fda6be264d9bb17c46497989/frontend/src/pages/qa01.test.tsx#L50-L50
Tests,frontend/src/pages/qa01.test.tsx,<callback@41>.<callback@52>,52,52,1,1,0,1,Low,TypeScript/JavaScript,https://github.com/alejandroayalad/trinity/blob/014f3064689ff8f8fda6be264d9bb17c46497989/frontend/src/pages/qa01.test.tsx#L52-L52
Tests,frontend/src/pages/qa01.test.tsx,<callback@41>.<callback@54>,54,54,1,1,0,1,Low,TypeScript/JavaScript,https://github.com/alejandroayalad/trinity/blob/014f3064689ff8f8fda6be264d9bb17c46497989/frontend/src/pages/qa01.test.tsx#L54-L54
Tests,frontend/src/pages/qa01.test.tsx,<callback@41>.<callback@59>,59,59,1,1,0,1,Low,TypeScript/JavaScript,https://github.com/alejandroayalad/trinity/blob/014f3064689ff8f8fda6be264d9bb17c46497989/frontend/src/pages/qa01.test.tsx#L59-L59
Tests,frontend/src/pages/qa01.test.tsx,<callback@63>.previews,71,71,1,1,0,1,Low,TypeScript/JavaScript,https://github.com/alejandroayalad/trinity/blob/014f3064689ff8f8fda6be264d9bb17c46497989/frontend/src/pages/qa01.test.tsx#L71-L71
Tests,frontend/src/pages/qa01.test.tsx,<callback@63>.previews.<callback@71>,71,71,1,1,0,1,Low,TypeScript/JavaScript,https://github.com/alejandroayalad/trinity/blob/014f3064689ff8f8fda6be264d9bb17c46497989/frontend/src/pages/qa01.test.tsx#L71-L71
Tests,frontend/src/pages/qa01.test.tsx,<callback@63>.<callback@75>,75,75,1,1,0,1,Low,TypeScript/JavaScript,https://github.com/alejandroayalad/trinity/blob/014f3064689ff8f8fda6be264d9bb17c46497989/frontend/src/pages/qa01.test.tsx#L75-L75
Tests,frontend/src/pages/qa01.test.tsx,<callback@63>.<callback@78>,78,78,1,1,0,1,Low,TypeScript/JavaScript,https://github.com/alejandroayalad/trinity/blob/014f3064689ff8f8fda6be264d9bb17c46497989/frontend/src/pages/qa01.test.tsx#L78-L78
Tests,frontend/src/pages/qa01.test.tsx,<callback@86>.facilities,95,95,1,1,0,1,Low,TypeScript/JavaScript,https://github.com/alejandroayalad/trinity/blob/014f3064689ff8f8fda6be264d9bb17c46497989/frontend/src/pages/qa01.test.tsx#L95-L95
Tests,frontend/src/pages/qa01.test.tsx,<callback@86>.facilities.<callback@95>,95,95,1,1,0,1,Low,TypeScript/JavaScript,https://github.com/alejandroayalad/trinity/blob/014f3064689ff8f8fda6be264d9bb17c46497989/frontend/src/pages/qa01.test.tsx#L95-L95
Tests,frontend/src/pages/qa01.test.tsx,<callback@86>.<callback@98>,98,98,1,1,0,1,Low,TypeScript/JavaScript,https://github.com/alejandroayalad/trinity/blob/014f3064689ff8f8fda6be264d9bb17c46497989/frontend/src/pages/qa01.test.tsx#L98-L98
Tests,frontend/src/pages/qa01.test.tsx,<callback@116>.<callback@121>,121,121,1,1,0,1,Low,TypeScript/JavaScript,https://github.com/alejandroayalad/trinity/blob/014f3064689ff8f8fda6be264d9bb17c46497989/frontend/src/pages/qa01.test.tsx#L121-L121
Tests,frontend/src/pages/qa01.test.tsx,<callback@126>.<callback@131>,131,131,1,1,0,1,Low,TypeScript/JavaScript,https://github.com/alejandroayalad/trinity/blob/014f3064689ff8f8fda6be264d9bb17c46497989/frontend/src/pages/qa01.test.tsx#L131-L131
Tests,frontend/src/pages/qa01.test.tsx,<callback@136>.rateLimited,137,137,1,1,0,1,Low,TypeScript/JavaScript,https://github.com/alejandroayalad/trinity/blob/014f3064689ff8f8fda6be264d9bb17c46497989/frontend/src/pages/qa01.test.tsx#L137-L137
Production,frontend/src/pages/refresh/Refresh.tsx,RunBadge,26,26,1,1,0,1,Low,TypeScript/JavaScript,https://github.com/alejandroayalad/trinity/blob/014f3064689ff8f8fda6be264d9bb17c46497989/frontend/src/pages/refresh/Refresh.tsx#L26-L26
Production,frontend/src/pages/refresh/Refresh.tsx,RefreshList.queryFn,54,54,1,1,0,1,Low,TypeScript/JavaScript,https://github.com/alejandroayalad/trinity/blob/014f3064689ff8f8fda6be264d9bb17c46497989/frontend/src/pages/refresh/Refresh.tsx#L54-L54
Production,frontend/src/pages/refresh/Refresh.tsx,RefreshList.<callback@58>,58,58,1,1,0,1,Low,TypeScript/JavaScript,https://github.com/alejandroayalad/trinity/blob/014f3064689ff8f8fda6be264d9bb17c46497989/frontend/src/pages/refresh/Refresh.tsx#L58-L58
Production,frontend/src/pages/refresh/Refresh.tsx,RefreshList.<callback@61>,61,61,1,1,0,1,Low,TypeScript/JavaScript,https://github.com/alejandroayalad/trinity/blob/014f3064689ff8f8fda6be264d9bb17c46497989/frontend/src/pages/refresh/Refresh.tsx#L61-L61
Production,frontend/src/pages/refresh/Refresh.tsx,RefreshList.<callback@76>,76,76,1,1,0,1,Low,TypeScript/JavaScript,https://github.com/alejandroayalad/trinity/blob/014f3064689ff8f8fda6be264d9bb17c46497989/frontend/src/pages/refresh/Refresh.tsx#L76-L76
Production,frontend/src/pages/refresh/Refresh.tsx,RefreshList.<callback@78>,78,78,1,1,0,1,Low,TypeScript/JavaScript,https://github.com/alejandroayalad/trinity/blob/014f3064689ff8f8fda6be264d9bb17c46497989/frontend/src/pages/refresh/Refresh.tsx#L78-L78
Production,frontend/src/pages/refresh/Refresh.tsx,RefreshList.<callback@79>,79,79,1,1,0,1,Low,TypeScript/JavaScript,https://github.com/alejandroayalad/trinity/blob/014f3064689ff8f8fda6be264d9bb17c46497989/frontend/src/pages/refresh/Refresh.tsx#L79-L79
Production,frontend/src/pages/refresh/Refresh.tsx,RefreshList.<callback@79>,79,79,1,1,0,1,Low,TypeScript/JavaScript,https://github.com/alejandroayalad/trinity/blob/014f3064689ff8f8fda6be264d9bb17c46497989/frontend/src/pages/refresh/Refresh.tsx#L79-L79
Production,frontend/src/pages/refresh/Refresh.tsx,timeline.<callback@92>.<callback@93>,93,93,1,1,0,1,Low,TypeScript/JavaScript,https://github.com/alejandroayalad/trinity/blob/014f3064689ff8f8fda6be264d9bb17c46497989/frontend/src/pages/refresh/Refresh.tsx#L93-L93
Production,frontend/src/pages/refresh/Refresh.tsx,RunDetail,121,121,1,1,0,1,Low,TypeScript/JavaScript,https://github.com/alejandroayalad/trinity/blob/014f3064689ff8f8fda6be264d9bb17c46497989/frontend/src/pages/refresh/Refresh.tsx#L121-L121
Production,frontend/src/pages/refresh/Refresh.tsx,RunPage.queryFn.<callback@130>,130,130,1,1,0,1,Low,TypeScript/JavaScript,https://github.com/alejandroayalad/trinity/blob/014f3064689ff8f8fda6be264d9bb17c46497989/frontend/src/pages/refresh/Refresh.tsx#L130-L130
Production,frontend/src/pages/refresh/Refresh.tsx,RunPage.<callback@136>,136,136,1,1,0,1,Low,TypeScript/JavaScript,https://github.com/alejandroayalad/trinity/blob/014f3064689ff8f8fda6be264d9bb17c46497989/frontend/src/pages/refresh/Refresh.tsx#L136-L136
Production,frontend/src/pages/refresh/Refresh.tsx,RunPage.more.<callback@137>,137,137,1,1,0,1,Low,TypeScript/JavaScript,https://github.com/alejandroayalad/trinity/blob/014f3064689ff8f8fda6be264d9bb17c46497989/frontend/src/pages/refresh/Refresh.tsx#L137-L137
Production,frontend/src/pages/refresh/Refresh.tsx,RunPage.<callback@145>,145,145,1,1,0,1,Low,TypeScript/JavaScript,https://github.com/alejandroayalad/trinity/blob/014f3064689ff8f8fda6be264d9bb17c46497989/frontend/src/pages/refresh/Refresh.tsx#L145-L145
Production,frontend/src/pages/refresh/Refresh.tsx,RunPage.<callback@145>,145,145,1,1,0,1,Low,TypeScript/JavaScript,https://github.com/alejandroayalad/trinity/blob/014f3064689ff8f8fda6be264d9bb17c46497989/frontend/src/pages/refresh/Refresh.tsx#L145-L145
Production,frontend/src/pages/refresh/Refresh.tsx,RunPage.<callback@147>,147,147,1,1,0,1,Low,TypeScript/JavaScript,https://github.com/alejandroayalad/trinity/blob/014f3064689ff8f8fda6be264d9bb17c46497989/frontend/src/pages/refresh/Refresh.tsx#L147-L147
Production,frontend/src/pages/refresh/Refresh.tsx,RunPage.<callback@147>.<callback@147>,147,147,1,1,0,1,Low,TypeScript/JavaScript,https://github.com/alejandroayalad/trinity/blob/014f3064689ff8f8fda6be264d9bb17c46497989/frontend/src/pages/refresh/Refresh.tsx#L147-L147
Production,frontend/src/pages/refresh/Refresh.tsx,RunPage.<callback@147>.<callback@147>,147,147,1,1,0,1,Low,TypeScript/JavaScript,https://github.com/alejandroayalad/trinity/blob/014f3064689ff8f8fda6be264d9bb17c46497989/frontend/src/pages/refresh/Refresh.tsx#L147-L147
Production,frontend/src/pages/refresh/Refresh.tsx,RunPage.<callback@150>,150,150,1,1,0,1,Low,TypeScript/JavaScript,https://github.com/alejandroayalad/trinity/blob/014f3064689ff8f8fda6be264d9bb17c46497989/frontend/src/pages/refresh/Refresh.tsx#L150-L150
Production,frontend/src/pages/refresh/Refresh.tsx,CandidatePanel.queryFn,157,157,1,1,0,1,Low,TypeScript/JavaScript,https://github.com/alejandroayalad/trinity/blob/014f3064689ff8f8fda6be264d9bb17c46497989/frontend/src/pages/refresh/Refresh.tsx#L157-L157
Production,frontend/src/pages/refresh/Refresh.tsx,CandidatePanel.<callback@163>,163,163,1,1,0,1,Low,TypeScript/JavaScript,https://github.com/alejandroayalad/trinity/blob/014f3064689ff8f8fda6be264d9bb17c46497989/frontend/src/pages/refresh/Refresh.tsx#L163-L163
Production,frontend/src/pages/refresh/Refresh.tsx,CandidatePanel.<callback@176>,176,176,1,1,0,1,Low,TypeScript/JavaScript,https://github.com/alejandroayalad/trinity/blob/014f3064689ff8f8fda6be264d9bb17c46497989/frontend/src/pages/refresh/Refresh.tsx#L176-L176
Production,frontend/src/pages/refresh/Refresh.tsx,CandidatePanel.<callback@179>,179,179,1,1,0,1,Low,TypeScript/JavaScript,https://github.com/alejandroayalad/trinity/blob/014f3064689ff8f8fda6be264d9bb17c46497989/frontend/src/pages/refresh/Refresh.tsx#L179-L179
Production,frontend/src/pages/refresh/Refresh.tsx,CandidatePanel.<callback@180>.<callback@180>,180,180,1,1,0,1,Low,TypeScript/JavaScript,https://github.com/alejandroayalad/trinity/blob/014f3064689ff8f8fda6be264d9bb17c46497989/frontend/src/pages/refresh/Refresh.tsx#L180-L180
Production,frontend/src/pages/refresh/Refresh.tsx,CandidatePanel.<callback@181>,181,181,1,1,0,1,Low,TypeScript/JavaScript,https://github.com/alejandroayalad/trinity/blob/014f3064689ff8f8fda6be264d9bb17c46497989/frontend/src/pages/refresh/Refresh.tsx#L181-L181
Production,frontend/src/pages/refresh/Refresh.tsx,CandidatePanel.<callback@183>,183,183,1,1,0,1,Low,TypeScript/JavaScript,https://github.com/alejandroayalad/trinity/blob/014f3064689ff8f8fda6be264d9bb17c46497989/frontend/src/pages/refresh/Refresh.tsx#L183-L183
Production,frontend/src/pages/refresh/Refresh.tsx,CandidatePanel.<callback@183>.<callback@186>,186,186,1,1,0,1,Low,TypeScript/JavaScript,https://github.com/alejandroayalad/trinity/blob/014f3064689ff8f8fda6be264d9bb17c46497989/frontend/src/pages/refresh/Refresh.tsx#L186-L186
Production,frontend/src/pages/refresh/Refresh.tsx,CandidatePanel.<callback@183>.<callback@186>,186,186,1,1,0,1,Low,TypeScript/JavaScript,https://github.com/alejandroayalad/trinity/blob/014f3064689ff8f8fda6be264d9bb17c46497989/frontend/src/pages/refresh/Refresh.tsx#L186-L186
Production,frontend/src/pages/settings/Settings.tsx,SettingsForm.<callback@50>,50,50,1,1,0,1,Low,TypeScript/JavaScript,https://github.com/alejandroayalad/trinity/blob/014f3064689ff8f8fda6be264d9bb17c46497989/frontend/src/pages/settings/Settings.tsx#L50-L50
Production,frontend/src/pages/settings/Settings.tsx,SettingsForm.<callback@53>,53,53,1,1,0,1,Low,TypeScript/JavaScript,https://github.com/alejandroayalad/trinity/blob/014f3064689ff8f8fda6be264d9bb17c46497989/frontend/src/pages/settings/Settings.tsx#L53-L53
Production,frontend/src/pages/settings/Settings.tsx,SettingsForm.<callback@55>,55,55,1,1,0,1,Low,TypeScript/JavaScript,https://github.com/alejandroayalad/trinity/blob/014f3064689ff8f8fda6be264d9bb17c46497989/frontend/src/pages/settings/Settings.tsx#L55-L55
Production,frontend/src/pages/settings/Settings.tsx,SettingsForm.<callback@56>,56,56,1,1,0,1,Low,TypeScript/JavaScript,https://github.com/alejandroayalad/trinity/blob/014f3064689ff8f8fda6be264d9bb17c46497989/frontend/src/pages/settings/Settings.tsx#L56-L56
Production,frontend/src/pages/settings/Settings.tsx,SettingsForm.<callback@56>,56,56,1,1,0,1,Low,TypeScript/JavaScript,https://github.com/alejandroayalad/trinity/blob/014f3064689ff8f8fda6be264d9bb17c46497989/frontend/src/pages/settings/Settings.tsx#L56-L56
Production,frontend/src/pages/shared.tsx,ReadRetry.<callback@29>.<callback@31>,31,31,1,1,0,1,Low,TypeScript/JavaScript,https://github.com/alejandroayalad/trinity/blob/014f3064689ff8f8fda6be264d9bb17c46497989/frontend/src/pages/shared.tsx#L31-L31
Production,frontend/src/pages/shared.tsx,ReadRetry.<callback@29>.<callback@32>,32,32,1,1,0,1,Low,TypeScript/JavaScript,https://github.com/alejandroayalad/trinity/blob/014f3064689ff8f8fda6be264d9bb17c46497989/frontend/src/pages/shared.tsx#L32-L32
Production,frontend/src/pages/shared.tsx,ReadRetry.<callback@39>,39,39,1,1,0,1,Low,TypeScript/JavaScript,https://github.com/alejandroayalad/trinity/blob/014f3064689ff8f8fda6be264d9bb17c46497989/frontend/src/pages/shared.tsx#L39-L39
Production,frontend/src/pages/shared.tsx,Diagnostics.<callback@50>,50,50,1,1,0,1,Low,TypeScript/JavaScript,https://github.com/alejandroayalad/trinity/blob/014f3064689ff8f8fda6be264d9bb17c46497989/frontend/src/pages/shared.tsx#L50-L50
Production,frontend/src/pages/shared.tsx,DataTable.<callback@78>,78,78,1,1,0,1,Low,TypeScript/JavaScript,https://github.com/alejandroayalad/trinity/blob/014f3064689ff8f8fda6be264d9bb17c46497989/frontend/src/pages/shared.tsx#L78-L78
Production,frontend/src/pages/shared.tsx,DataTable.<callback@79>,79,79,1,1,0,1,Low,TypeScript/JavaScript,https://github.com/alejandroayalad/trinity/blob/014f3064689ff8f8fda6be264d9bb17c46497989/frontend/src/pages/shared.tsx#L79-L79
Production,frontend/src/pages/signin/SignIn.tsx,SignIn.<callback@37>,37,37,1,1,0,1,Low,TypeScript/JavaScript,https://github.com/alejandroayalad/trinity/blob/014f3064689ff8f8fda6be264d9bb17c46497989/frontend/src/pages/signin/SignIn.tsx#L37-L37
Production,frontend/src/pages/signin/SignIn.tsx,SignIn.<callback@38>,38,38,1,1,0,1,Low,TypeScript/JavaScript,https://github.com/alejandroayalad/trinity/blob/014f3064689ff8f8fda6be264d9bb17c46497989/frontend/src/pages/signin/SignIn.tsx#L38-L38
Production,frontend/src/pages/signin/SignIn.tsx,SignIn.<callback@39>,39,39,1,1,0,1,Low,TypeScript/JavaScript,https://github.com/alejandroayalad/trinity/blob/014f3064689ff8f8fda6be264d9bb17c46497989/frontend/src/pages/signin/SignIn.tsx#L39-L39
Production,frontend/src/pages/sql/SqlExplorer.tsx,SchemaTree.<callback@33>.<callback@34>,34,34,1,1,0,1,Low,TypeScript/JavaScript,https://github.com/alejandroayalad/trinity/blob/014f3064689ff8f8fda6be264d9bb17c46497989/frontend/src/pages/sql/SqlExplorer.tsx#L34-L34
Production,frontend/src/pages/sql/SqlExplorer.tsx,SqlExplorer.<callback@50>,50,50,1,1,0,1,Low,TypeScript/JavaScript,https://github.com/alejandroayalad/trinity/blob/014f3064689ff8f8fda6be264d9bb17c46497989/frontend/src/pages/sql/SqlExplorer.tsx#L50-L50
Production,frontend/src/pages/sql/SqlExplorer.tsx,SqlExplorer.<callback@50>.<callback@50>,50,50,1,1,0,1,Low,TypeScript/JavaScript,https://github.com/alejandroayalad/trinity/blob/014f3064689ff8f8fda6be264d9bb17c46497989/frontend/src/pages/sql/SqlExplorer.tsx#L50-L50
Production,frontend/src/pages/sql/SqlExplorer.tsx,SqlExplorer.<callback@51>.<callback@51>,51,51,1,1,0,1,Low,TypeScript/JavaScript,https://github.com/alejandroayalad/trinity/blob/014f3064689ff8f8fda6be264d9bb17c46497989/frontend/src/pages/sql/SqlExplorer.tsx#L51-L51
Production,frontend/src/pages/sql/SqlExplorer.tsx,SqlExplorer.<callback@51>.<callback@51>.<callback@51>,51,51,1,1,0,1,Low,TypeScript/JavaScript,https://github.com/alejandroayalad/trinity/blob/014f3064689ff8f8fda6be264d9bb17c46497989/frontend/src/pages/sql/SqlExplorer.tsx#L51-L51
Production,frontend/src/pages/sql/SqlExplorer.tsx,SqlExplorer.<callback@51>.<callback@51>,51,51,1,1,0,1,Low,TypeScript/JavaScript,https://github.com/alejandroayalad/trinity/blob/014f3064689ff8f8fda6be264d9bb17c46497989/frontend/src/pages/sql/SqlExplorer.tsx#L51-L51
Production,frontend/src/pages/sql/SqlExplorer.tsx,SqlExplorer.<callback@69>,69,69,1,1,0,1,Low,TypeScript/JavaScript,https://github.com/alejandroayalad/trinity/blob/014f3064689ff8f8fda6be264d9bb17c46497989/frontend/src/pages/sql/SqlExplorer.tsx#L69-L69
Production,frontend/src/pages/sql/SqlExplorer.tsx,SqlExplorer.<callback@74>,74,74,1,1,0,1,Low,TypeScript/JavaScript,https://github.com/alejandroayalad/trinity/blob/014f3064689ff8f8fda6be264d9bb17c46497989/frontend/src/pages/sql/SqlExplorer.tsx#L74-L74
Production,frontend/src/pages/sql/SqlExplorer.tsx,SqlExplorer.<callback@76>,76,76,1,1,0,1,Low,TypeScript/JavaScript,https://github.com/alejandroayalad/trinity/blob/014f3064689ff8f8fda6be264d9bb17c46497989/frontend/src/pages/sql/SqlExplorer.tsx#L76-L76
Production,frontend/src/pages/sql/SqlExplorer.tsx,SqlExplorer.<callback@80>,80,80,1,1,0,1,Low,TypeScript/JavaScript,https://github.com/alejandroayalad/trinity/blob/014f3064689ff8f8fda6be264d9bb17c46497989/frontend/src/pages/sql/SqlExplorer.tsx#L80-L80
Production,frontend/src/pages/sql/SqlExplorer.tsx,SqlExplorer.<callback@80>.<callback@80>,80,80,1,1,0,1,Low,TypeScript/JavaScript,https://github.com/alejandroayalad/trinity/blob/014f3064689ff8f8fda6be264d9bb17c46497989/frontend/src/pages/sql/SqlExplorer.tsx#L80-L80
Production,frontend/src/pages/sql/SqlExplorer.tsx,SqlExplorer.<callback@83>,83,83,1,1,0,1,Low,TypeScript/JavaScript,https://github.com/alejandroayalad/trinity/blob/014f3064689ff8f8fda6be264d9bb17c46497989/frontend/src/pages/sql/SqlExplorer.tsx#L83-L83
Production,frontend/src/session/SessionProvider.tsx,SessionProvider.<callback@72>.<callback@74>,74,74,1,1,0,1,Low,TypeScript/JavaScript,https://github.com/alejandroayalad/trinity/blob/014f3064689ff8f8fda6be264d9bb17c46497989/frontend/src/session/SessionProvider.tsx#L74-L74
Production,frontend/src/session/SessionProvider.tsx,SessionProvider.<callback@72>.<callback@75>.<callback@82>,82,82,1,1,0,1,Low,TypeScript/JavaScript,https://github.com/alejandroayalad/trinity/blob/014f3064689ff8f8fda6be264d9bb17c46497989/frontend/src/session/SessionProvider.tsx#L82-L82
Production,frontend/src/session/SessionProvider.tsx,SessionProvider.<callback@72>.<callback@96>,96,96,1,1,0,1,Low,TypeScript/JavaScript,https://github.com/alejandroayalad/trinity/blob/014f3064689ff8f8fda6be264d9bb17c46497989/frontend/src/session/SessionProvider.tsx#L96-L96
Production,frontend/src/session/SessionProvider.tsx,SessionProvider.<callback@98>.<callback@103>,103,103,1,1,0,1,Low,TypeScript/JavaScript,https://github.com/alejandroayalad/trinity/blob/014f3064689ff8f8fda6be264d9bb17c46497989/frontend/src/session/SessionProvider.tsx#L103-L103
Production,frontend/src/session/capabilities.tsx,landingPath,18,18,1,1,0,1,Low,TypeScript/JavaScript,https://github.com/alejandroayalad/trinity/blob/014f3064689ff8f8fda6be264d9bb17c46497989/frontend/src/session/capabilities.tsx#L18-L18
Tests,frontend/src/session/session.test.tsx,<callback@15>,15,15,1,1,0,1,Low,TypeScript/JavaScript,https://github.com/alejandroayalad/trinity/blob/014f3064689ff8f8fda6be264d9bb17c46497989/frontend/src/session/session.test.tsx#L15-L15
Tests,frontend/src/session/session.test.tsx,<callback@31>.<callback@36>,36,36,1,1,0,1,Low,TypeScript/JavaScript,https://github.com/alejandroayalad/trinity/blob/014f3064689ff8f8fda6be264d9bb17c46497989/frontend/src/session/session.test.tsx#L36-L36
Tests,frontend/src/session/session.test.tsx,<callback@43>.<callback@49>,49,49,1,1,0,1,Low,TypeScript/JavaScript,https://github.com/alejandroayalad/trinity/blob/014f3064689ff8f8fda6be264d9bb17c46497989/frontend/src/session/session.test.tsx#L49-L49
Tests,frontend/src/session/session.test.tsx,<callback@52>.<callback@58>,58,58,1,1,0,1,Low,TypeScript/JavaScript,https://github.com/alejandroayalad/trinity/blob/014f3064689ff8f8fda6be264d9bb17c46497989/frontend/src/session/session.test.tsx#L58-L58
Tests,frontend/src/session/session.test.tsx,<callback@52>.<callback@60>,60,60,1,1,0,1,Low,TypeScript/JavaScript,https://github.com/alejandroayalad/trinity/blob/014f3064689ff8f8fda6be264d9bb17c46497989/frontend/src/session/session.test.tsx#L60-L60
Tests,frontend/src/session/session.test.tsx,deferred.<callback@66>,66,66,1,1,0,1,Low,TypeScript/JavaScript,https://github.com/alejandroayalad/trinity/blob/014f3064689ff8f8fda6be264d9bb17c46497989/frontend/src/session/session.test.tsx#L66-L66
Tests,frontend/src/session/session.test.tsx,storedSession,69,69,1,1,0,1,Low,TypeScript/JavaScript,https://github.com/alejandroayalad/trinity/blob/014f3064689ff8f8fda6be264d9bb17c46497989/frontend/src/session/session.test.tsx#L69-L69
Tests,frontend/src/session/session.test.tsx,<callback@71>.'GET /api/v1/me',74,74,1,1,0,1,Low,TypeScript/JavaScript,https://github.com/alejandroayalad/trinity/blob/014f3064689ff8f8fda6be264d9bb17c46497989/frontend/src/session/session.test.tsx#L74-L74
Tests,frontend/src/session/session.test.tsx,<callback@71>.<callback@78>,78,78,1,1,0,1,Low,TypeScript/JavaScript,https://github.com/alejandroayalad/trinity/blob/014f3064689ff8f8fda6be264d9bb17c46497989/frontend/src/session/session.test.tsx#L78-L78
Tests,frontend/src/session/session.test.tsx,<callback@83>.<callback@86>,86,86,1,1,0,1,Low,TypeScript/JavaScript,https://github.com/alejandroayalad/trinity/blob/014f3064689ff8f8fda6be264d9bb17c46497989/frontend/src/session/session.test.tsx#L86-L86
Tests,frontend/src/session/session.test.tsx,<callback@83>.<callback@94>,94,94,1,1,0,1,Low,TypeScript/JavaScript,https://github.com/alejandroayalad/trinity/blob/014f3064689ff8f8fda6be264d9bb17c46497989/frontend/src/session/session.test.tsx#L94-L94
Tests,frontend/src/session/session.test.tsx,<callback@111>.<callback@115>,115,115,1,1,0,1,Low,TypeScript/JavaScript,https://github.com/alejandroayalad/trinity/blob/014f3064689ff8f8fda6be264d9bb17c46497989/frontend/src/session/session.test.tsx#L115-L115
Tests,frontend/src/session/session.test.tsx,<callback@111>.<callback@127>,127,127,1,1,0,1,Low,TypeScript/JavaScript,https://github.com/alejandroayalad/trinity/blob/014f3064689ff8f8fda6be264d9bb17c46497989/frontend/src/session/session.test.tsx#L127-L127
Tests,frontend/src/session/session.test.tsx,<callback@141>.'POST /api/v1/auth/logout',144,144,1,1,0,1,Low,TypeScript/JavaScript,https://github.com/alejandroayalad/trinity/blob/014f3064689ff8f8fda6be264d9bb17c46497989/frontend/src/session/session.test.tsx#L144-L144
Tests,frontend/src/session/session.test.tsx,<callback@141>.<callback@150>,150,150,1,1,0,1,Low,TypeScript/JavaScript,https://github.com/alejandroayalad/trinity/blob/014f3064689ff8f8fda6be264d9bb17c46497989/frontend/src/session/session.test.tsx#L150-L150
Tests,frontend/src/session/session.test.tsx,<callback@154>.'GET /api/v1/me',157,157,1,1,0,1,Low,TypeScript/JavaScript,https://github.com/alejandroayalad/trinity/blob/014f3064689ff8f8fda6be264d9bb17c46497989/frontend/src/session/session.test.tsx#L157-L157
Tests,frontend/src/session/session.test.tsx,<callback@154>.Probe.<callback@160>,160,160,1,1,0,1,Low,TypeScript/JavaScript,https://github.com/alejandroayalad/trinity/blob/014f3064689ff8f8fda6be264d9bb17c46497989/frontend/src/session/session.test.tsx#L160-L160
Tests,frontend/src/session/session.test.tsx,<callback@154>.<callback@168>,168,168,1,1,0,1,Low,TypeScript/JavaScript,https://github.com/alejandroayalad/trinity/blob/014f3064689ff8f8fda6be264d9bb17c46497989/frontend/src/session/session.test.tsx#L168-L168
Tests,frontend/src/session/session.test.tsx,<callback@171>.Probe.<callback@176>,176,176,1,1,0,1,Low,TypeScript/JavaScript,https://github.com/alejandroayalad/trinity/blob/014f3064689ff8f8fda6be264d9bb17c46497989/frontend/src/session/session.test.tsx#L176-L176
Tests,frontend/src/session/session.test.tsx,<callback@171>.Probe.<callback@176>.<callback@176>,176,176,1,1,0,1,Low,TypeScript/JavaScript,https://github.com/alejandroayalad/trinity/blob/014f3064689ff8f8fda6be264d9bb17c46497989/frontend/src/session/session.test.tsx#L176-L176
Tests,frontend/src/session/session.test.tsx,<callback@185>.'GET /api/v1/me',189,189,1,1,0,1,Low,TypeScript/JavaScript,https://github.com/alejandroayalad/trinity/blob/014f3064689ff8f8fda6be264d9bb17c46497989/frontend/src/session/session.test.tsx#L189-L189
Tests,frontend/src/session/session.test.tsx,<callback@185>.<callback@191>,191,191,1,1,0,1,Low,TypeScript/JavaScript,https://github.com/alejandroayalad/trinity/blob/014f3064689ff8f8fda6be264d9bb17c46497989/frontend/src/session/session.test.tsx#L191-L191
Tests,frontend/src/session/session.test.tsx,<callback@198>.'POST /api/v1/auth/logout',203,203,1,1,0,1,Low,TypeScript/JavaScript,https://github.com/alejandroayalad/trinity/blob/014f3064689ff8f8fda6be264d9bb17c46497989/frontend/src/session/session.test.tsx#L203-L203
Tests,frontend/src/session/session.test.tsx,<callback@198>.Probe.<callback@208>,208,208,1,1,0,1,Low,TypeScript/JavaScript,https://github.com/alejandroayalad/trinity/blob/014f3064689ff8f8fda6be264d9bb17c46497989/frontend/src/session/session.test.tsx#L208-L208
Tests,frontend/src/session/session.test.tsx,<callback@198>.Probe.<callback@208>,208,208,1,1,0,1,Low,TypeScript/JavaScript,https://github.com/alejandroayalad/trinity/blob/014f3064689ff8f8fda6be264d9bb17c46497989/frontend/src/session/session.test.tsx#L208-L208
Tests,frontend/src/session/session.test.tsx,<callback@198>.<callback@215>,215,215,1,1,0,1,Low,TypeScript/JavaScript,https://github.com/alejandroayalad/trinity/blob/014f3064689ff8f8fda6be264d9bb17c46497989/frontend/src/session/session.test.tsx#L215-L215
Tests,frontend/src/session/session.test.tsx,<callback@198>.<callback@218>,218,218,1,1,0,1,Low,TypeScript/JavaScript,https://github.com/alejandroayalad/trinity/blob/014f3064689ff8f8fda6be264d9bb17c46497989/frontend/src/session/session.test.tsx#L218-L218
Production,frontend/src/shell/AppShell.tsx,AppShell.<callback@31>,31,31,1,1,0,1,Low,TypeScript/JavaScript,https://github.com/alejandroayalad/trinity/blob/014f3064689ff8f8fda6be264d9bb17c46497989/frontend/src/shell/AppShell.tsx#L31-L31
Production,frontend/src/shell/AppShell.tsx,AppShell.<callback@37>,37,37,1,1,0,1,Low,TypeScript/JavaScript,https://github.com/alejandroayalad/trinity/blob/014f3064689ff8f8fda6be264d9bb17c46497989/frontend/src/shell/AppShell.tsx#L37-L37
Production,frontend/src/shell/Sidebar.tsx,Sidebar.<callback@27>,27,27,1,1,0,1,Low,TypeScript/JavaScript,https://github.com/alejandroayalad/trinity/blob/014f3064689ff8f8fda6be264d9bb17c46497989/frontend/src/shell/Sidebar.tsx#L27-L27
Production,frontend/src/shell/Sidebar.tsx,Sidebar.<callback@37>,37,37,1,1,0,1,Low,TypeScript/JavaScript,https://github.com/alejandroayalad/trinity/blob/014f3064689ff8f8fda6be264d9bb17c46497989/frontend/src/shell/Sidebar.tsx#L37-L37
Production,frontend/src/shell/Sidebar.tsx,Sidebar.<callback@43>,43,43,1,1,0,1,Low,TypeScript/JavaScript,https://github.com/alejandroayalad/trinity/blob/014f3064689ff8f8fda6be264d9bb17c46497989/frontend/src/shell/Sidebar.tsx#L43-L43
Production,frontend/src/shell/Sidebar.tsx,Sidebar.<callback@55>,55,55,1,1,0,1,Low,TypeScript/JavaScript,https://github.com/alejandroayalad/trinity/blob/014f3064689ff8f8fda6be264d9bb17c46497989/frontend/src/shell/Sidebar.tsx#L55-L55
Tools and migrations,frontend/src/test/fetchStub.ts,withAbort.<callback@61>.abort,62,62,1,1,0,1,Low,TypeScript/JavaScript,https://github.com/alejandroayalad/trinity/blob/014f3064689ff8f8fda6be264d9bb17c46497989/frontend/src/test/fetchStub.ts#L62-L62
Tools and migrations,frontend/src/test/fetchStub.ts,withAbort.<callback@61>.<callback@69>,69,69,1,1,0,1,Low,TypeScript/JavaScript,https://github.com/alejandroayalad/trinity/blob/014f3064689ff8f8fda6be264d9bb17c46497989/frontend/src/test/fetchStub.ts#L69-L69
Tools and migrations,frontend/src/test/setup.ts,<callback@19>.window.matchMedia.addEventListener,27,27,1,1,0,1,Low,TypeScript/JavaScript,https://github.com/alejandroayalad/trinity/blob/014f3064689ff8f8fda6be264d9bb17c46497989/frontend/src/test/setup.ts#L27-L27
Tools and migrations,frontend/src/test/setup.ts,<callback@19>.window.matchMedia.removeEventListener,28,28,1,1,0,1,Low,TypeScript/JavaScript,https://github.com/alejandroayalad/trinity/blob/014f3064689ff8f8fda6be264d9bb17c46497989/frontend/src/test/setup.ts#L28-L28
Tools and migrations,frontend/src/test/setup.ts,<callback@19>.window.matchMedia.addListener,29,29,1,1,0,1,Low,TypeScript/JavaScript,https://github.com/alejandroayalad/trinity/blob/014f3064689ff8f8fda6be264d9bb17c46497989/frontend/src/test/setup.ts#L29-L29
Tools and migrations,frontend/src/test/setup.ts,<callback@19>.window.matchMedia.removeListener,30,30,1,1,0,1,Low,TypeScript/JavaScript,https://github.com/alejandroayalad/trinity/blob/014f3064689ff8f8fda6be264d9bb17c46497989/frontend/src/test/setup.ts#L30-L30
Tools and migrations,frontend/src/test/setup.ts,<callback@19>.window.matchMedia.dispatchEvent,31,31,1,1,0,1,Low,TypeScript/JavaScript,https://github.com/alejandroayalad/trinity/blob/014f3064689ff8f8fda6be264d9bb17c46497989/frontend/src/test/setup.ts#L31-L31
Tools and migrations,frontend/src/test/setup.ts,<callback@43>,43,43,1,1,0,1,Low,TypeScript/JavaScript,https://github.com/alejandroayalad/trinity/blob/014f3064689ff8f8fda6be264d9bb17c46497989/frontend/src/test/setup.ts#L43-L43
Tools and migrations,frontend/src/test/setup.ts,<callback@43>.cancel,43,43,1,1,0,1,Low,TypeScript/JavaScript,https://github.com/alejandroayalad/trinity/blob/014f3064689ff8f8fda6be264d9bb17c46497989/frontend/src/test/setup.ts#L43-L43
Tests,frontend/tests/e2e/data.spec.ts,<callback@5>.<callback@28>,28,28,1,1,0,1,Low,TypeScript/JavaScript,https://github.com/alejandroayalad/trinity/blob/014f3064689ff8f8fda6be264d9bb17c46497989/frontend/tests/e2e/data.spec.ts#L28-L28
Tests,frontend/tests/e2e/data.spec.ts,<callback@5>.<callback@28>.<callback@28>,28,28,1,1,0,1,Low,TypeScript/JavaScript,https://github.com/alejandroayalad/trinity/blob/014f3064689ff8f8fda6be264d9bb17c46497989/frontend/tests/e2e/data.spec.ts#L28-L28
Tests,frontend/tests/e2e/data.spec.ts,<callback@5>.<callback@38>,38,38,1,1,0,1,Low,TypeScript/JavaScript,https://github.com/alejandroayalad/trinity/blob/014f3064689ff8f8fda6be264d9bb17c46497989/frontend/tests/e2e/data.spec.ts#L38-L38
Tests,frontend/tests/e2e/data.spec.ts,<callback@42>.<callback@62>,62,62,1,1,0,1,Low,TypeScript/JavaScript,https://github.com/alejandroayalad/trinity/blob/014f3064689ff8f8fda6be264d9bb17c46497989/frontend/tests/e2e/data.spec.ts#L62-L62
Tests,frontend/tests/e2e/data.spec.ts,<callback@42>.<callback@62>.<callback@62>,62,62,1,1,0,1,Low,TypeScript/JavaScript,https://github.com/alejandroayalad/trinity/blob/014f3064689ff8f8fda6be264d9bb17c46497989/frontend/tests/e2e/data.spec.ts#L62-L62
Tests,frontend/tests/e2e/data.spec.ts,<callback@42>.<callback@63>,63,63,1,1,0,1,Low,TypeScript/JavaScript,https://github.com/alejandroayalad/trinity/blob/014f3064689ff8f8fda6be264d9bb17c46497989/frontend/tests/e2e/data.spec.ts#L63-L63
Tests,frontend/tests/e2e/data.spec.ts,<callback@42>.<callback@63>.<callback@63>,63,63,1,1,0,1,Low,TypeScript/JavaScript,https://github.com/alejandroayalad/trinity/blob/014f3064689ff8f8fda6be264d9bb17c46497989/frontend/tests/e2e/data.spec.ts#L63-L63
Tests,frontend/tests/e2e/data.spec.ts,<callback@69>.<callback@95>,95,95,1,1,0,1,Low,TypeScript/JavaScript,https://github.com/alejandroayalad/trinity/blob/014f3064689ff8f8fda6be264d9bb17c46497989/frontend/tests/e2e/data.spec.ts#L95-L95
Tests,frontend/tests/e2e/explorer-state.spec.ts,<callback@8>.<callback@10>,10,10,1,1,0,1,Low,TypeScript/JavaScript,https://github.com/alejandroayalad/trinity/blob/014f3064689ff8f8fda6be264d9bb17c46497989/frontend/tests/e2e/explorer-state.spec.ts#L10-L10
Tests,frontend/tests/e2e/explorer-state.spec.ts,<callback@13>.<callback@16>,16,16,1,1,0,1,Low,TypeScript/JavaScript,https://github.com/alejandroayalad/trinity/blob/014f3064689ff8f8fda6be264d9bb17c46497989/frontend/tests/e2e/explorer-state.spec.ts#L16-L16
Tests,frontend/tests/e2e/explorer-state.spec.ts,<callback@13>.<callback@37>,37,37,1,1,0,1,Low,TypeScript/JavaScript,https://github.com/alejandroayalad/trinity/blob/014f3064689ff8f8fda6be264d9bb17c46497989/frontend/tests/e2e/explorer-state.spec.ts#L37-L37
Tests,frontend/tests/e2e/explorer-state.spec.ts,<callback@13>.<callback@42>,42,42,1,1,0,1,Low,TypeScript/JavaScript,https://github.com/alejandroayalad/trinity/blob/014f3064689ff8f8fda6be264d9bb17c46497989/frontend/tests/e2e/explorer-state.spec.ts#L42-L42
Tests,frontend/tests/e2e/explorer-state.spec.ts,<callback@13>.<callback@43>,43,43,1,1,0,1,Low,TypeScript/JavaScript,https://github.com/alejandroayalad/trinity/blob/014f3064689ff8f8fda6be264d9bb17c46497989/frontend/tests/e2e/explorer-state.spec.ts#L43-L43
Tests,frontend/tests/e2e/explorer-state.spec.ts,<callback@13>.<callback@44>,44,44,1,1,0,1,Low,TypeScript/JavaScript,https://github.com/alejandroayalad/trinity/blob/014f3064689ff8f8fda6be264d9bb17c46497989/frontend/tests/e2e/explorer-state.spec.ts#L44-L44
Tests,frontend/tests/e2e/explorer-state.spec.ts,<callback@50>.<callback@67>,67,67,1,1,0,1,Low,TypeScript/JavaScript,https://github.com/alejandroayalad/trinity/blob/014f3064689ff8f8fda6be264d9bb17c46497989/frontend/tests/e2e/explorer-state.spec.ts#L67-L67
Tests,frontend/tests/e2e/explorer-state.spec.ts,<callback@50>.<callback@77>,77,77,1,1,0,1,Low,TypeScript/JavaScript,https://github.com/alejandroayalad/trinity/blob/014f3064689ff8f8fda6be264d9bb17c46497989/frontend/tests/e2e/explorer-state.spec.ts#L77-L77
Tests,frontend/tests/e2e/explorer-state.spec.ts,<callback@50>.<callback@78>,78,78,1,1,0,1,Low,TypeScript/JavaScript,https://github.com/alejandroayalad/trinity/blob/014f3064689ff8f8fda6be264d9bb17c46497989/frontend/tests/e2e/explorer-state.spec.ts#L78-L78
Tests,frontend/tests/e2e/explorer-state.spec.ts,<callback@50>.<callback@81>,81,81,1,1,0,1,Low,TypeScript/JavaScript,https://github.com/alejandroayalad/trinity/blob/014f3064689ff8f8fda6be264d9bb17c46497989/frontend/tests/e2e/explorer-state.spec.ts#L81-L81
Tests,frontend/tests/e2e/explorer-state.spec.ts,<callback@50>.<callback@81>,81,81,1,1,0,1,Low,TypeScript/JavaScript,https://github.com/alejandroayalad/trinity/blob/014f3064689ff8f8fda6be264d9bb17c46497989/frontend/tests/e2e/explorer-state.spec.ts#L81-L81
Tests,frontend/tests/e2e/fidelity-fixtures.ts,facilityDayRows.<callback@124>,124,124,1,1,0,1,Low,TypeScript/JavaScript,https://github.com/alejandroayalad/trinity/blob/014f3064689ff8f8fda6be264d9bb17c46497989/frontend/tests/e2e/fidelity-fixtures.ts#L124-L124
Tests,frontend/tests/e2e/fidelity-fixtures.ts,routeApi.<callback@197>.json,200,200,1,1,0,1,Low,TypeScript/JavaScript,https://github.com/alejandroayalad/trinity/blob/014f3064689ff8f8fda6be264d9bb17c46497989/frontend/tests/e2e/fidelity-fixtures.ts#L200-L200
Tests,frontend/tests/e2e/fidelity-fixtures.ts,routeApi.<callback@197>.<callback@215>,215,215,1,1,0,1,Low,TypeScript/JavaScript,https://github.com/alejandroayalad/trinity/blob/014f3064689ff8f8fda6be264d9bb17c46497989/frontend/tests/e2e/fidelity-fixtures.ts#L215-L215
Tests,frontend/tests/e2e/fidelity-fixtures.ts,routeApi.<callback@197>.<callback@217>.<callback@217>,217,217,1,1,0,1,Low,TypeScript/JavaScript,https://github.com/alejandroayalad/trinity/blob/014f3064689ff8f8fda6be264d9bb17c46497989/frontend/tests/e2e/fidelity-fixtures.ts#L217-L217
Tests,frontend/tests/e2e/fidelity-fixtures.ts,routeApi.<callback@197>.<callback@222>,222,222,1,1,0,1,Low,TypeScript/JavaScript,https://github.com/alejandroayalad/trinity/blob/014f3064689ff8f8fda6be264d9bb17c46497989/frontend/tests/e2e/fidelity-fixtures.ts#L222-L222
Tests,frontend/tests/e2e/fidelity-fixtures.ts,routeApi.<callback@197>.<callback@229>,229,229,1,1,0,1,Low,TypeScript/JavaScript,https://github.com/alejandroayalad/trinity/blob/014f3064689ff8f8fda6be264d9bb17c46497989/frontend/tests/e2e/fidelity-fixtures.ts#L229-L229
Tests,frontend/tests/e2e/fidelity-fixtures.ts,routeApi.<callback@197>.<callback@230>,230,230,1,1,0,1,Low,TypeScript/JavaScript,https://github.com/alejandroayalad/trinity/blob/014f3064689ff8f8fda6be264d9bb17c46497989/frontend/tests/e2e/fidelity-fixtures.ts#L230-L230
Tests,frontend/tests/e2e/fidelity.spec.ts,signedIn.<callback@22>,22,22,1,1,0,1,Low,TypeScript/JavaScript,https://github.com/alejandroayalad/trinity/blob/014f3064689ff8f8fda6be264d9bb17c46497989/frontend/tests/e2e/fidelity.spec.ts#L22-L22
Tests,frontend/tests/e2e/fidelity.spec.ts,capture.<callback@32>,32,32,1,1,0,1,Low,TypeScript/JavaScript,https://github.com/alejandroayalad/trinity/blob/014f3064689ff8f8fda6be264d9bb17c46497989/frontend/tests/e2e/fidelity.spec.ts#L32-L32
Tests,frontend/tests/e2e/fidelity.spec.ts,<callback@167>.<callback@174>,174,174,1,1,0,1,Low,TypeScript/JavaScript,https://github.com/alejandroayalad/trinity/blob/014f3064689ff8f8fda6be264d9bb17c46497989/frontend/tests/e2e/fidelity.spec.ts#L174-L174
Tests,frontend/tests/e2e/presentation.spec.ts,<callback@8>.<callback@9>,9,9,1,1,0,1,Low,TypeScript/JavaScript,https://github.com/alejandroayalad/trinity/blob/014f3064689ff8f8fda6be264d9bb17c46497989/frontend/tests/e2e/presentation.spec.ts#L9-L9
Tests,frontend/tests/e2e/presentation.spec.ts,<callback@13>.<callback@15>,15,15,1,1,0,1,Low,TypeScript/JavaScript,https://github.com/alejandroayalad/trinity/blob/014f3064689ff8f8fda6be264d9bb17c46497989/frontend/tests/e2e/presentation.spec.ts#L15-L15
Tests,frontend/tests/e2e/presentation.spec.ts,<callback@13>.<callback@27>,27,27,1,1,0,1,Low,TypeScript/JavaScript,https://github.com/alejandroayalad/trinity/blob/014f3064689ff8f8fda6be264d9bb17c46497989/frontend/tests/e2e/presentation.spec.ts#L27-L27
Tests,frontend/tests/e2e/presentation.spec.ts,<callback@13>.<callback@27>.<callback@27>,27,27,1,1,0,1,Low,TypeScript/JavaScript,https://github.com/alejandroayalad/trinity/blob/014f3064689ff8f8fda6be264d9bb17c46497989/frontend/tests/e2e/presentation.spec.ts#L27-L27
Tests,frontend/tests/e2e/presentation.spec.ts,<callback@13>.<callback@39>,39,39,1,1,0,1,Low,TypeScript/JavaScript,https://github.com/alejandroayalad/trinity/blob/014f3064689ff8f8fda6be264d9bb17c46497989/frontend/tests/e2e/presentation.spec.ts#L39-L39
Tests,frontend/tests/e2e/presentation.spec.ts,<callback@69>.<callback@82>,82,82,1,1,0,1,Low,TypeScript/JavaScript,https://github.com/alejandroayalad/trinity/blob/014f3064689ff8f8fda6be264d9bb17c46497989/frontend/tests/e2e/presentation.spec.ts#L82-L82
Tests,frontend/tests/e2e/session-reliability.spec.ts,<callback@6>.<callback@7>,7,7,1,1,0,1,Low,TypeScript/JavaScript,https://github.com/alejandroayalad/trinity/blob/014f3064689ff8f8fda6be264d9bb17c46497989/frontend/tests/e2e/session-reliability.spec.ts#L7-L7
Tests,frontend/tests/e2e/session-reliability.spec.ts,<callback@32>.<callback@48>,48,48,1,1,0,1,Low,TypeScript/JavaScript,https://github.com/alejandroayalad/trinity/blob/014f3064689ff8f8fda6be264d9bb17c46497989/frontend/tests/e2e/session-reliability.spec.ts#L48-L48
Tests,frontend/tests/e2e/session-reliability.spec.ts,<callback@56>.<callback@66>,66,66,1,1,0,1,Low,TypeScript/JavaScript,https://github.com/alejandroayalad/trinity/blob/014f3064689ff8f8fda6be264d9bb17c46497989/frontend/tests/e2e/session-reliability.spec.ts#L66-L66
Tests,frontend/tests/e2e/session.spec.ts,<callback@8>.<callback@40>,40,40,1,1,0,1,Low,TypeScript/JavaScript,https://github.com/alejandroayalad/trinity/blob/014f3064689ff8f8fda6be264d9bb17c46497989/frontend/tests/e2e/session.spec.ts#L40-L40
Tests,frontend/tests/e2e/session.spec.ts,<callback@8>.<callback@41>,41,41,1,1,0,1,Low,TypeScript/JavaScript,https://github.com/alejandroayalad/trinity/blob/014f3064689ff8f8fda6be264d9bb17c46497989/frontend/tests/e2e/session.spec.ts#L41-L41
Tests,frontend/tests/e2e/session.spec.ts,<callback@44>.<callback@60>,60,60,1,1,0,1,Low,TypeScript/JavaScript,https://github.com/alejandroayalad/trinity/blob/014f3064689ff8f8fda6be264d9bb17c46497989/frontend/tests/e2e/session.spec.ts#L60-L60
Tools and migrations,scripts/generate_report.py,palisades.<lambda@161>,161,161,1,1,0,1,Low,Python,https://github.com/alejandroayalad/trinity/blob/014f3064689ff8f8fda6be264d9bb17c46497989/scripts/generate_report.py#L161-L161
Tools and migrations,scripts/measure_dashboard_browser.mjs,rounded,16,16,1,1,0,1,Low,TypeScript/JavaScript,https://github.com/alejandroayalad/trinity/blob/014f3064689ff8f8fda6be264d9bb17c46497989/scripts/measure_dashboard_browser.mjs#L16-L16
Tools and migrations,scripts/measure_dashboard_browser.mjs,<callback@32>,32,32,1,1,0,1,Low,TypeScript/JavaScript,https://github.com/alejandroayalad/trinity/blob/014f3064689ff8f8fda6be264d9bb17c46497989/scripts/measure_dashboard_browser.mjs#L32-L32
Tools and migrations,scripts/measure_dashboard_browser.mjs,<callback@55>,55,55,1,1,0,1,Low,TypeScript/JavaScript,https://github.com/alejandroayalad/trinity/blob/014f3064689ff8f8fda6be264d9bb17c46497989/scripts/measure_dashboard_browser.mjs#L55-L55
Tools and migrations,scripts/measure_dashboard_browser.mjs,<callback@60>,60,60,1,1,0,1,Low,TypeScript/JavaScript,https://github.com/alejandroayalad/trinity/blob/014f3064689ff8f8fda6be264d9bb17c46497989/scripts/measure_dashboard_browser.mjs#L60-L60
Tools and migrations,scripts/measure_dashboard_browser.mjs,<callback@61>,61,61,1,1,0,1,Low,TypeScript/JavaScript,https://github.com/alejandroayalad/trinity/blob/014f3064689ff8f8fda6be264d9bb17c46497989/scripts/measure_dashboard_browser.mjs#L61-L61
Tools and migrations,scripts/measure_dashboard_browser.mjs,<callback@75>,75,75,1,1,0,1,Low,TypeScript/JavaScript,https://github.com/alejandroayalad/trinity/blob/014f3064689ff8f8fda6be264d9bb17c46497989/scripts/measure_dashboard_browser.mjs#L75-L75
Tools and migrations,scripts/measure_dashboard_browser.mjs,<callback@88>,88,88,1,1,0,1,Low,TypeScript/JavaScript,https://github.com/alejandroayalad/trinity/blob/014f3064689ff8f8fda6be264d9bb17c46497989/scripts/measure_dashboard_browser.mjs#L88-L88
Tools and migrations,scripts/measure_dashboard_http.mjs,fail,29,29,1,1,0,1,Low,TypeScript/JavaScript,https://github.com/alejandroayalad/trinity/blob/014f3064689ff8f8fda6be264d9bb17c46497989/scripts/measure_dashboard_http.mjs#L29-L29
Tools and migrations,scripts/measure_dashboard_http.mjs,rounded,30,30,1,1,0,1,Low,TypeScript/JavaScript,https://github.com/alejandroayalad/trinity/blob/014f3064689ff8f8fda6be264d9bb17c46497989/scripts/measure_dashboard_http.mjs#L30-L30
Tools and migrations,scripts/measure_dashboard_http.mjs,digest,31,31,1,1,0,1,Low,TypeScript/JavaScript,https://github.com/alejandroayalad/trinity/blob/014f3064689ff8f8fda6be264d9bb17c46497989/scripts/measure_dashboard_http.mjs#L31-L31
Tools and migrations,scripts/measure_dashboard_http.mjs,summarize.<callback@105>,105,105,1,1,0,1,Low,TypeScript/JavaScript,https://github.com/alejandroayalad/trinity/blob/014f3064689ff8f8fda6be264d9bb17c46497989/scripts/measure_dashboard_http.mjs#L105-L105
Tools and migrations,scripts/measure_dashboard_http.mjs,summarize.<callback@112>,112,112,1,1,0,1,Low,TypeScript/JavaScript,https://github.com/alejandroayalad/trinity/blob/014f3064689ff8f8fda6be264d9bb17c46497989/scripts/measure_dashboard_http.mjs#L112-L112
Tools and migrations,scripts/measure_dashboard_http.mjs,main.<callback@144>,144,144,1,1,0,1,Low,TypeScript/JavaScript,https://github.com/alejandroayalad/trinity/blob/014f3064689ff8f8fda6be264d9bb17c46497989/scripts/measure_dashboard_http.mjs#L144-L144
Tools and migrations,scripts/measure_dashboard_http.mjs,main.<callback@155>,155,155,1,1,0,1,Low,TypeScript/JavaScript,https://github.com/alejandroayalad/trinity/blob/014f3064689ff8f8fda6be264d9bb17c46497989/scripts/measure_dashboard_http.mjs#L155-L155
Tools and migrations,scripts/measure_dashboard_http.mjs,main.<callback@163>,163,163,1,1,0,1,Low,TypeScript/JavaScript,https://github.com/alejandroayalad/trinity/blob/014f3064689ff8f8fda6be264d9bb17c46497989/scripts/measure_dashboard_http.mjs#L163-L163
Tools and migrations,scripts/trinity_function_audit.py,main.<lambda@285>,285,285,1,1,0,1,Low,Python,https://github.com/alejandroayalad/trinity/blob/014f3064689ff8f8fda6be264d9bb17c46497989/scripts/trinity_function_audit.py#L285-L285
